figure,factor,curve_name,x_value,y_value,point_type,page_x_pdf_points,page_y_pdf_points,source_page,notes
Figure 3,KHe,E_prime_ksi=0.2,0.007456,11621.499894,endpoint/control;uniform_sample,154.934006,109.268982,PDF page 19 / API page 13,point_type=endpoint/control;uniform_sample | Shared common tail after curve convergence. | KHe curves converge; the single visible common tail is reused for upper E' curves after their unique strokes end.
Figure 3,KHe,E_prime_ksi=0.2,0.007807,11054.05545,endpoint/control,156.909981,119.641866,PDF page 19 / API page 13,point_type=endpoint/control | Shared common tail after curve convergence. | KHe curves converge; the single visible common tail is reused for upper E' curves after their unique strokes end.
Figure 3,KHe,E_prime_ksi=0.2,0.00811,10587.668178,spreadsheet_x,158.61552,128.575634,PDF page 19 / API page 13,point_type=spreadsheet_x | Shared common tail after curve convergence. | KHe curves converge; the single visible common tail is reused for upper E' curves after their unique strokes end.
Figure 3,KHe,E_prime_ksi=0.2,0.00825,10387.695985,spreadsheet_x,159.404,132.429098,PDF page 19 / API page 13,point_type=spreadsheet_x | Shared common tail after curve convergence. | KHe curves converge; the single visible common tail is reused for upper E' curves after their unique strokes end.
Figure 3,KHe,E_prime_ksi=0.2,0.009868,8396.403408,uniform_sample,168.516125,168.614645,PDF page 19 / API page 13,point_type=uniform_sample | Shared common tail after curve convergence. | KHe curves converge; the single visible common tail is reused for upper E' curves after their unique strokes end.
Figure 3,KHe,E_prime_ksi=0.2,0.01,8263.509735,spreadsheet_x,169.26,171.077165,PDF page 19 / API page 13,point_type=spreadsheet_x | Shared common tail after curve convergence. | KHe curves converge; the single visible common tail is reused for upper E' curves after their unique strokes end.
Figure 3,KHe,E_prime_ksi=0.2,0.01228,6401.352566,uniform_sample,181.41896,204.82695,PDF page 19 / API page 13,point_type=uniform_sample | Shared common tail after curve convergence. | KHe curves converge; the single visible common tail is reused for upper E' curves after their unique strokes end.
Figure 3,KHe,E_prime_ksi=0.2,0.0125,6253.259838,spreadsheet_x,182.595,207.569628,PDF page 19 / API page 13,point_type=spreadsheet_x | Shared common tail after curve convergence. | KHe curves converge; the single visible common tail is reused for upper E' curves after their unique strokes end.
Figure 3,KHe,E_prime_ksi=0.2,0.014691,4964.050299,uniform_sample,194.282434,230.938173,PDF page 19 / API page 13,point_type=uniform_sample | Shared common tail after curve convergence. | KHe curves converge; the single visible common tail is reused for upper E' curves after their unique strokes end.
Figure 3,KHe,E_prime_ksi=0.2,0.015,4817.399319,spreadsheet_x,195.93,233.673591,PDF page 19 / API page 13,point_type=spreadsheet_x | Shared common tail after curve convergence. | KHe curves converge; the single visible common tail is reused for upper E' curves after their unique strokes end.
Figure 3,KHe,E_prime_ksi=0.2,0.015352,4653.320868,endpoint/control,197.909986,236.713964,PDF page 19 / API page 13,point_type=endpoint/control | Shared common tail after curve convergence. | KHe curves converge; the single visible common tail is reused for upper E' curves after their unique strokes end.
Figure 3,KHe,E_prime_ksi=0.2,0.017103,3916.98934,uniform_sample,207.772519,250.346416,PDF page 19 / API page 13,point_type=uniform_sample | Shared common tail after curve convergence. | KHe curves converge; the single visible common tail is reused for upper E' curves after their unique strokes end.
Figure 3,KHe,E_prime_ksi=0.2,0.0175,3778.69799,spreadsheet_x,210.01,252.863188,PDF page 19 / API page 13,point_type=spreadsheet_x | Shared common tail after curve convergence. | KHe curves converge; the single visible common tail is reused for upper E' curves after their unique strokes end.
Figure 3,KHe,E_prime_ksi=0.2,0.019514,3138.257923,uniform_sample,221.35465,264.564028,PDF page 19 / API page 13,point_type=uniform_sample | Shared common tail after curve convergence. | KHe curves converge; the single visible common tail is reused for upper E' curves after their unique strokes end.
Figure 3,KHe,E_prime_ksi=0.2,0.02,2993.515046,spreadsheet_x,224.09,267.20848,PDF page 19 / API page 13,point_type=spreadsheet_x | Shared common tail after curve convergence. | KHe curves converge; the single visible common tail is reused for upper E' curves after their unique strokes end.
Figure 3,KHe,E_prime_ksi=0.2,0.021926,2468.423263,uniform_sample,234.744189,277.067695,PDF page 19 / API page 13,point_type=uniform_sample | Shared common tail after curve convergence. | KHe curves converge; the single visible common tail is reused for upper E' curves after their unique strokes end.
Figure 3,KHe,E_prime_ksi=0.2,0.022768,2249.815017,endpoint/control,239.402023,281.170972,PDF page 19 / API page 13,point_type=endpoint/control | Shared common tail after curve convergence. | KHe curves converge; the single visible common tail is reused for upper E' curves after their unique strokes end.
Figure 3,KHe,E_prime_ksi=0.2,0.024338,1911.927727,uniform_sample,248.085105,287.447943,PDF page 19 / API page 13,point_type=uniform_sample | Shared common tail after curve convergence. | KHe curves converge; the single visible common tail is reused for upper E' curves after their unique strokes end.
Figure 3,KHe,E_prime_ksi=0.2,0.025,1793.592711,spreadsheet_x,251.75,289.581523,PDF page 19 / API page 13,point_type=spreadsheet_x | Shared common tail after curve convergence. | KHe curves converge; the single visible common tail is reused for upper E' curves after their unique strokes end.
Figure 3,KHe,E_prime_ksi=0.2,0.026749,1530.749283,uniform_sample,261.254664,294.32059,PDF page 19 / API page 13,point_type=uniform_sample | Shared common tail after curve convergence. | KHe curves converge; the single visible common tail is reused for upper E' curves after their unique strokes end.
Figure 3,KHe,E_prime_ksi=0.2,0.029161,1235.588193,uniform_sample,274.359298,299.642345,PDF page 19 / API page 13,point_type=uniform_sample | Shared common tail after curve convergence. | KHe curves converge; the single visible common tail is reused for upper E' curves after their unique strokes end.
Figure 3,KHe,E_prime_ksi=0.2,0.03,1145.78382,spreadsheet_x,278.92,301.261518,PDF page 19 / API page 13,point_type=spreadsheet_x | Shared common tail after curve convergence. | KHe curves converge; the single visible common tail is reused for upper E' curves after their unique strokes end.
Figure 3,KHe,E_prime_ksi=0.2,0.031572,986.758907,uniform_sample,287.77525,304.128737,PDF page 19 / API page 13,point_type=uniform_sample | Shared common tail after curve convergence. | KHe curves converge; the single visible common tail is reused for upper E' curves after their unique strokes end.
Figure 3,KHe,E_prime_ksi=0.2,0.033377,884.183821,endpoint/control,297.937969,306.979976,PDF page 19 / API page 13,point_type=endpoint/control | Shared common tail after curve convergence. | KHe curves converge; the single visible common tail is reused for upper E' curves after their unique strokes end.
Figure 3,KHe,E_prime_ksi=0.2,0.033984,835.361203,uniform_sample,301.357381,308.282563,PDF page 19 / API page 13,point_type=uniform_sample | Shared common tail after curve convergence. | KHe curves converge; the single visible common tail is reused for upper E' curves after their unique strokes end.
Figure 3,KHe,E_prime_ksi=0.2,0.035,799.537498,spreadsheet_x,307.08,309.23834,PDF page 19 / API page 13,point_type=spreadsheet_x | Shared common tail after curve convergence. | KHe curves converge; the single visible common tail is reused for upper E' curves after their unique strokes end.
Figure 3,KHe,E_prime_ksi=0.2,0.036396,753.777481,uniform_sample,314.799961,310.459217,PDF page 19 / API page 13,point_type=uniform_sample | Shared common tail after curve convergence. | KHe curves converge; the single visible common tail is reused for upper E' curves after their unique strokes end.
Figure 3,KHe,E_prime_ksi=0.2,0.038807,680.692569,uniform_sample,328.140933,312.409122,PDF page 19 / API page 13,point_type=uniform_sample | Shared common tail after curve convergence. | KHe curves converge; the single visible common tail is reused for upper E' curves after their unique strokes end.
Figure 3,KHe,E_prime_ksi=0.2,0.04,647.032019,spreadsheet_x,334.74,313.307186,PDF page 19 / API page 13,point_type=spreadsheet_x | Shared common tail after curve convergence. | KHe curves converge; the single visible common tail is reused for upper E' curves after their unique strokes end.
Figure 3,KHe,E_prime_ksi=0.2,0.041219,614.788896,uniform_sample,341.36247,314.167432,PDF page 19 / API page 13,point_type=uniform_sample | Shared common tail after curve convergence. | KHe curves converge; the single visible common tail is reused for upper E' curves after their unique strokes end.
Figure 3,KHe,E_prime_ksi=0.2,0.04363,555.544244,uniform_sample,354.467105,315.74808,PDF page 19 / API page 13,point_type=uniform_sample | Shared common tail after curve convergence. | KHe curves converge; the single visible common tail is reused for upper E' curves after their unique strokes end.
Figure 3,KHe,E_prime_ksi=0.2,0.044454,536.994762,endpoint/control,358.942982,316.24298,PDF page 19 / API page 13,point_type=endpoint/control | Shared common tail after curve convergence. | KHe curves converge; the single visible common tail is reused for upper E' curves after their unique strokes end.
Figure 3,KHe,E_prime_ksi=0.2,0.045,530.01545,spreadsheet_x,361.953423,316.429188,PDF page 19 / API page 13,point_type=spreadsheet_x | Shared common tail after curve convergence. | KHe curves converge; the single visible common tail is reused for upper E' curves after their unique strokes end.
Figure 3,KHe,E_prime_ksi=0.2,0.046042,516.697515,uniform_sample,367.697969,316.78451,PDF page 19 / API page 13,point_type=uniform_sample | Shared common tail after curve convergence. | KHe curves converge; the single visible common tail is reused for upper E' curves after their unique strokes end.
Figure 3,KHe,E_prime_ksi=0.2,0.048453,485.824367,uniform_sample,381.014762,317.608206,PDF page 19 / API page 13,point_type=uniform_sample | Shared common tail after curve convergence. | KHe curves converge; the single visible common tail is reused for upper E' curves after their unique strokes end.
Figure 3,KHe,E_prime_ksi=0.2,0.05,465.990229,spreadsheet_x,389.57,318.137381,PDF page 19 / API page 13,point_type=spreadsheet_x | Shared common tail after curve convergence. | KHe curves converge; the single visible common tail is reused for upper E' curves after their unique strokes end.
Figure 3,KHe,E_prime_ksi=0.2,0.050865,454.895167,uniform_sample,394.355733,318.433397,PDF page 19 / API page 13,point_type=uniform_sample | Shared common tail after curve convergence. | KHe curves converge; the single visible common tail is reused for upper E' curves after their unique strokes end.
Figure 3,KHe,E_prime_ksi=0.2,0.053277,423.978181,uniform_sample,407.691436,319.258262,PDF page 19 / API page 13,point_type=uniform_sample | Shared common tail after curve convergence. | KHe curves converge; the single visible common tail is reused for upper E' curves after their unique strokes end.
Figure 3,KHe,E_prime_ksi=0.2,0.055,402.015428,spreadsheet_x,417.164829,319.844228,PDF page 19 / API page 13,point_type=spreadsheet_x | Shared common tail after curve convergence. | KHe curves converge; the single visible common tail is reused for upper E' curves after their unique strokes end.
Figure 3,KHe,E_prime_ksi=0.2,0.055688,393.243326,uniform_sample,420.948579,320.078268,PDF page 19 / API page 13,point_type=uniform_sample | Shared common tail after curve convergence. | KHe curves converge; the single visible common tail is reused for upper E' curves after their unique strokes end.
Figure 3,KHe,E_prime_ksi=0.2,0.0581,362.811862,uniform_sample,434.074857,320.89018,PDF page 19 / API page 13,point_type=uniform_sample | Shared common tail after curve convergence. | KHe curves converge; the single visible common tail is reused for upper E' curves after their unique strokes end.
Figure 3,KHe,E_prime_ksi=0.2,0.06,338.874442,spreadsheet_x,444.4,321.52883,PDF page 19 / API page 13,point_type=spreadsheet_x | Shared common tail after curve convergence. | KHe curves converge; the single visible common tail is reused for upper E' curves after their unique strokes end.
Figure 3,KHe,E_prime_ksi=0.2,0.060512,332.430576,uniform_sample,447.179491,321.700752,PDF page 19 / API page 13,point_type=uniform_sample | Shared common tail after curve convergence. | KHe curves converge; the single visible common tail is reused for upper E' curves after their unique strokes end.
Figure 3,KHe,E_prime_ksi=0.2,0.062923,302.04929,uniform_sample,460.284125,322.511325,PDF page 19 / API page 13,point_type=uniform_sample | Shared common tail after curve convergence. | KHe curves converge; the single visible common tail is reused for upper E' curves after their unique strokes end.
Figure 3,KHe,E_prime_ksi=0.2,0.065,275.851875,spreadsheet_x,471.584093,323.210272,PDF page 19 / API page 13,point_type=spreadsheet_x | Shared common tail after curve convergence. | KHe curves converge; the single visible common tail is reused for upper E' curves after their unique strokes end.
Figure 3,KHe,E_prime_ksi=0.2,0.065335,271.56341,uniform_sample,473.433875,323.324688,PDF page 19 / API page 13,point_type=uniform_sample | Shared common tail after curve convergence. | KHe curves converge; the single visible common tail is reused for upper E' curves after their unique strokes end.
Figure 3,KHe,E_prime_ksi=0.2,0.067746,240.663299,uniform_sample,486.762299,324.149103,PDF page 19 / API page 13,point_type=uniform_sample | Shared common tail after curve convergence. | KHe curves converge; the single visible common tail is reused for upper E' curves after their unique strokes end.
Figure 3,KHe,E_prime_ksi=0.2,0.07,211.871511,spreadsheet_x,499.181321,324.917268,PDF page 19 / API page 13,point_type=spreadsheet_x | Shared common tail after curve convergence. | KHe curves converge; the single visible common tail is reused for upper E' curves after their unique strokes end.
Figure 3,KHe,E_prime_ksi=0.2,0.070158,209.854422,uniform_sample,500.051371,324.971084,PDF page 19 / API page 13,point_type=uniform_sample | Shared common tail after curve convergence. | KHe curves converge; the single visible common tail is reused for upper E' curves after their unique strokes end.
Figure 3,KHe,E_prime_ksi=0.2,0.072569,179.388275,uniform_sample,513.192609,325.783921,PDF page 19 / API page 13,point_type=uniform_sample | Shared common tail after curve convergence. | KHe curves converge; the single visible common tail is reused for upper E' curves after their unique strokes end.
Figure 3,KHe,E_prime_ksi=0.2,0.074981,149.696347,uniform_sample,525.999896,326.576101,PDF page 19 / API page 13,point_type=uniform_sample | Shared common tail after curve convergence. | KHe curves converge; the single visible common tail is reused for upper E' curves after their unique strokes end.
Figure 3,KHe,E_prime_ksi=0.2,0.075,149.467395,spreadsheet_x,526.098652,326.58221,PDF page 19 / API page 13,point_type=spreadsheet_x | Shared common tail after curve convergence. | KHe curves converge; the single visible common tail is reused for upper E' curves after their unique strokes end.
Figure 3,KHe,E_prime_ksi=0.2,0.077393,120.822363,uniform_sample,538.454372,327.346459,PDF page 19 / API page 13,point_type=uniform_sample | Shared common tail after curve convergence. | KHe curves converge; the single visible common tail is reused for upper E' curves after their unique strokes end.
Figure 3,KHe,E_prime_ksi=0.2,0.079804,92.655119,endpoint/control;uniform_sample,550.604004,328.097961,PDF page 19 / API page 13,point_type=endpoint/control;uniform_sample | Shared common tail after curve convergence. | KHe curves converge; the single visible common tail is reused for upper E' curves after their unique strokes end.
Figure 3,KHe,E_prime_ksi=0.5,0.007281,7639.088067,endpoint/control;uniform_sample,153.945999,182.377014,PDF page 19 / API page 13,point_type=endpoint/control;uniform_sample | Shared common tail after curve convergence. | KHe curves converge; the single visible common tail is reused for upper E' curves after their unique strokes end.
Figure 3,KHe,E_prime_ksi=0.5,0.00792,7191.417758,spreadsheet_x,157.54544,190.336592,PDF page 19 / API page 13,point_type=spreadsheet_x | Shared common tail after curve convergence. | KHe curves converge; the single visible common tail is reused for upper E' curves after their unique strokes end.
Figure 3,KHe,E_prime_ksi=0.5,0.00825,7004.511625,spreadsheet_x,159.404,193.659783,PDF page 19 / API page 13,point_type=spreadsheet_x | Shared common tail after curve convergence. | KHe curves converge; the single visible common tail is reused for upper E' curves after their unique strokes end.
Figure 3,KHe,E_prime_ksi=0.5,0.009698,6313.475137,uniform_sample,167.561051,206.45444,PDF page 19 / API page 13,point_type=uniform_sample | Shared common tail after curve convergence. | KHe curves converge; the single visible common tail is reused for upper E' curves after their unique strokes end.
Figure 3,KHe,E_prime_ksi=0.5,0.01,6180.267296,spreadsheet_x,169.26,208.92145,PDF page 19 / API page 13,point_type=spreadsheet_x | Shared common tail after curve convergence. | KHe curves converge; the single visible common tail is reused for upper E' curves after their unique strokes end.
Figure 3,KHe,E_prime_ksi=0.5,0.012116,5324.688028,uniform_sample,180.545624,224.435875,PDF page 19 / API page 13,point_type=uniform_sample | Shared common tail after curve convergence. | KHe curves converge; the single visible common tail is reused for upper E' curves after their unique strokes end.
Figure 3,KHe,E_prime_ksi=0.5,0.0125,5174.915097,spreadsheet_x,182.595,227.136281,PDF page 19 / API page 13,point_type=spreadsheet_x | Shared common tail after curve convergence. | KHe curves converge; the single visible common tail is reused for upper E' curves after their unique strokes end.
Figure 3,KHe,E_prime_ksi=0.5,0.014533,4420.859687,uniform_sample,193.440249,241.02147,PDF page 19 / API page 13,point_type=uniform_sample | Shared common tail after curve convergence. | KHe curves converge; the single visible common tail is reused for upper E' curves after their unique strokes end.
Figure 3,KHe,E_prime_ksi=0.5,0.015,4253.231171,spreadsheet_x,195.93,244.127626,PDF page 19 / API page 13,point_type=spreadsheet_x | Shared common tail after curve convergence. | KHe curves converge; the single visible common tail is reused for upper E' curves after their unique strokes end.
Figure 3,KHe,E_prime_ksi=0.5,0.016951,3524.583041,uniform_sample,206.91623,257.505868,PDF page 19 / API page 13,point_type=uniform_sample | Shared common tail after curve convergence. | KHe curves converge; the single visible common tail is reused for upper E' curves after their unique strokes end.
Figure 3,KHe,E_prime_ksi=0.5,0.017018,3500.000126,endpoint/control,207.294982,257.954998,PDF page 19 / API page 13,point_type=endpoint/control | Shared common tail after curve convergence. | KHe curves converge; the single visible common tail is reused for upper E' curves after their unique strokes end.
Figure 3,KHe,E_prime_ksi=0.5,0.0175,3343.972685,spreadsheet_x,210.01,260.805619,PDF page 19 / API page 13,point_type=spreadsheet_x | Shared common tail after curve convergence. | KHe curves converge; the single visible common tail is reused for upper E' curves after their unique strokes end.
Figure 3,KHe,E_prime_ksi=0.5,0.019368,2797.32232,uniform_sample,220.531308,270.89426,PDF page 19 / API page 13,point_type=uniform_sample | Shared common tail after curve convergence. | KHe curves converge; the single visible common tail is reused for upper E' curves after their unique strokes end.
Figure 3,KHe,E_prime_ksi=0.5,0.02,2632.836699,spreadsheet_x;annex_control_x,224.09,273.981655,PDF page 19 / API page 13,point_type=spreadsheet_x;annex_control_x | Shared common tail after curve convergence. | KHe curves converge; the single visible common tail is reused for upper E' curves after their unique strokes end.
Figure 3,KHe,E_prime_ksi=0.5,0.021786,2219.96873,uniform_sample,233.967773,281.731187,PDF page 19 / API page 13,point_type=uniform_sample | Shared common tail after curve convergence. | KHe curves converge; the single visible common tail is reused for upper E' curves after their unique strokes end.
Figure 3,KHe,E_prime_ksi=0.5,0.023974,1801.163775,endpoint/control,246.072011,289.445017,PDF page 19 / API page 13,point_type=endpoint/control | Shared common tail after curve convergence. | KHe curves converge; the single visible common tail is reused for upper E' curves after their unique strokes end.
Figure 3,KHe,E_prime_ksi=0.5,0.024203,1763.511074,uniform_sample,247.341107,290.123895,PDF page 19 / API page 13,point_type=uniform_sample | Shared common tail after curve convergence. | KHe curves converge; the single visible common tail is reused for upper E' curves after their unique strokes end.
Figure 3,KHe,E_prime_ksi=0.5,0.025,1639.56979,spreadsheet_x,251.75,292.358557,PDF page 19 / API page 13,point_type=spreadsheet_x | Shared common tail after curve convergence. | KHe curves converge; the single visible common tail is reused for upper E' curves after their unique strokes end.
Figure 3,KHe,E_prime_ksi=0.5,0.02662,1420.64781,uniform_sample,260.555634,296.30572,PDF page 19 / API page 13,point_type=uniform_sample | Shared common tail after curve convergence. | KHe curves converge; the single visible common tail is reused for upper E' curves after their unique strokes end.
Figure 3,KHe,E_prime_ksi=0.5,0.029038,1152.988372,uniform_sample,273.692003,301.13162,PDF page 19 / API page 13,point_type=uniform_sample | Shared common tail after curve convergence. | KHe curves converge; the single visible common tail is reused for upper E' curves after their unique strokes end.
Figure 3,KHe,E_prime_ksi=0.5,0.03,1063.296027,spreadsheet_x,278.92,302.748773,PDF page 19 / API page 13,point_type=spreadsheet_x | Shared common tail after curve convergence. | KHe curves converge; the single visible common tail is reused for upper E' curves after their unique strokes end.
Figure 3,KHe,E_prime_ksi=0.5,0.031455,940.071576,uniform_sample,287.116588,304.970509,PDF page 19 / API page 13,point_type=uniform_sample | Shared common tail after curve convergence. | KHe curves converge; the single visible common tail is reused for upper E' curves after their unique strokes end.
Figure 3,KHe,E_prime_ksi=0.5,0.033873,852.432054,uniform_sample,300.731666,307.827113,PDF page 19 / API page 13,point_type=uniform_sample | Shared common tail after curve convergence. | KHe curves converge; the single visible common tail is reused for upper E' curves after their unique strokes end.
Figure 3,KHe,E_prime_ksi=0.5,0.034473,833.207392,endpoint/control,304.113006,308.340027,PDF page 19 / API page 13,point_type=endpoint/control | Shared common tail after curve convergence. | KHe curves converge; the single visible common tail is reused for upper E' curves after their unique strokes end.
Figure 3,KHe,E_prime_ksi=0.5,0.035,799.537498,spreadsheet_x,307.08,309.23834,PDF page 19 / API page 13,point_type=spreadsheet_x | Shared common tail after curve convergence. | KHe curves converge; the single visible common tail is reused for upper E' curves after their unique strokes end.
Figure 3,KHe,E_prime_ksi=0.5,0.03629,757.132559,uniform_sample,314.217663,310.369703,PDF page 19 / API page 13,point_type=uniform_sample | Shared common tail after curve convergence. | KHe curves converge; the single visible common tail is reused for upper E' curves after their unique strokes end.
Figure 3,KHe,E_prime_ksi=0.5,0.038708,683.569227,uniform_sample,327.590996,312.332373,PDF page 19 / API page 13,point_type=uniform_sample | Shared common tail after curve convergence. | KHe curves converge; the single visible common tail is reused for upper E' curves after their unique strokes end.
Figure 3,KHe,E_prime_ksi=0.5,0.04,647.032019,spreadsheet_x,334.74,313.307186,PDF page 19 / API page 13,point_type=spreadsheet_x | Shared common tail after curve convergence. | KHe curves converge; the single visible common tail is reused for upper E' curves after their unique strokes end.
Figure 3,KHe,E_prime_ksi=0.5,0.041125,617.210687,uniform_sample,340.854065,314.102819,PDF page 19 / API page 13,point_type=uniform_sample | Shared common tail after curve convergence. | KHe curves converge; the single visible common tail is reused for upper E' curves after their unique strokes end.
Figure 3,KHe,E_prime_ksi=0.5,0.043543,557.583547,uniform_sample,353.990434,315.693671,PDF page 19 / API page 13,point_type=uniform_sample | Shared common tail after curve convergence. | KHe curves converge; the single visible common tail is reused for upper E' curves after their unique strokes end.
Figure 3,KHe,E_prime_ksi=0.5,0.044454,536.994762,endpoint/control,358.942982,316.24298,PDF page 19 / API page 13,point_type=endpoint/control | Shared common tail after curve convergence. | KHe curves converge; the single visible common tail is reused for upper E' curves after their unique strokes end.
Figure 3,KHe,E_prime_ksi=0.5,0.045,530.01545,spreadsheet_x,361.953423,316.429188,PDF page 19 / API page 13,point_type=spreadsheet_x | Shared common tail after curve convergence. | KHe curves converge; the single visible common tail is reused for upper E' curves after their unique strokes end.
Figure 3,KHe,E_prime_ksi=0.5,0.04596,517.743878,uniform_sample,367.246631,316.756593,PDF page 19 / API page 13,point_type=uniform_sample | Shared common tail after curve convergence. | KHe curves converge; the single visible common tail is reused for upper E' curves after their unique strokes end.
Figure 3,KHe,E_prime_ksi=0.5,0.048377,486.799337,uniform_sample,380.594219,317.582194,PDF page 19 / API page 13,point_type=uniform_sample | Shared common tail after curve convergence. | KHe curves converge; the single visible common tail is reused for upper E' curves after their unique strokes end.
Figure 3,KHe,E_prime_ksi=0.5,0.05,465.990229,spreadsheet_x,389.57,318.137381,PDF page 19 / API page 13,point_type=spreadsheet_x | Shared common tail after curve convergence. | KHe curves converge; the single visible common tail is reused for upper E' curves after their unique strokes end.
Figure 3,KHe,E_prime_ksi=0.5,0.050795,455.79511,uniform_sample,393.967553,318.409386,PDF page 19 / API page 13,point_type=uniform_sample | Shared common tail after curve convergence. | KHe curves converge; the single visible common tail is reused for upper E' curves after their unique strokes end.
Figure 3,KHe,E_prime_ksi=0.5,0.053212,424.797913,uniform_sample,407.337853,319.236392,PDF page 19 / API page 13,point_type=uniform_sample | Shared common tail after curve convergence. | KHe curves converge; the single visible common tail is reused for upper E' curves after their unique strokes end.
Figure 3,KHe,E_prime_ksi=0.5,0.055,402.015428,spreadsheet_x,417.164829,319.844228,PDF page 19 / API page 13,point_type=spreadsheet_x | Shared common tail after curve convergence. | KHe curves converge; the single visible common tail is reused for upper E' curves after their unique strokes end.
Figure 3,KHe,E_prime_ksi=0.5,0.05563,393.988629,uniform_sample,420.6271,320.058383,PDF page 19 / API page 13,point_type=uniform_sample | Shared common tail after curve convergence. | KHe curves converge; the single visible common tail is reused for upper E' curves after their unique strokes end.
Figure 3,KHe,E_prime_ksi=0.5,0.058047,363.474894,uniform_sample,433.788865,320.87249,PDF page 19 / API page 13,point_type=uniform_sample | Shared common tail after curve convergence. | KHe curves converge; the single visible common tail is reused for upper E' curves after their unique strokes end.
Figure 3,KHe,E_prime_ksi=0.5,0.06,338.874442,spreadsheet_x,444.4,321.52883,PDF page 19 / API page 13,point_type=spreadsheet_x | Shared common tail after curve convergence. | KHe curves converge; the single visible common tail is reused for upper E' curves after their unique strokes end.
Figure 3,KHe,E_prime_ksi=0.5,0.060465,333.01991,uniform_sample,446.925288,321.685029,PDF page 19 / API page 13,point_type=uniform_sample | Shared common tail after curve convergence. | KHe curves converge; the single visible common tail is reused for upper E' curves after their unique strokes end.
Figure 3,KHe,E_prime_ksi=0.5,0.062882,302.565051,uniform_sample,460.061657,322.497564,PDF page 19 / API page 13,point_type=uniform_sample | Shared common tail after curve convergence. | KHe curves converge; the single visible common tail is reused for upper E' curves after their unique strokes end.
Figure 3,KHe,E_prime_ksi=0.5,0.065,275.851875,spreadsheet_x,471.584093,323.210272,PDF page 19 / API page 13,point_type=spreadsheet_x | Shared common tail after curve convergence. | KHe curves converge; the single visible common tail is reused for upper E' curves after their unique strokes end.
Figure 3,KHe,E_prime_ksi=0.5,0.0653,272.012899,uniform_sample,473.239993,323.312696,PDF page 19 / API page 13,point_type=uniform_sample | Shared common tail after curve convergence. | KHe curves converge; the single visible common tail is reused for upper E' curves after their unique strokes end.
Figure 3,KHe,E_prime_ksi=0.5,0.067717,241.037518,uniform_sample,486.600884,324.139119,PDF page 19 / API page 13,point_type=uniform_sample | Shared common tail after curve convergence. | KHe curves converge; the single visible common tail is reused for upper E' curves after their unique strokes end.
Figure 3,KHe,E_prime_ksi=0.5,0.07,211.871511,spreadsheet_x,499.181321,324.917268,PDF page 19 / API page 13,point_type=spreadsheet_x | Shared common tail after curve convergence. | KHe curves converge; the single visible common tail is reused for upper E' curves after their unique strokes end.
Figure 3,KHe,E_prime_ksi=0.5,0.070135,210.153235,uniform_sample,499.92248,324.963112,PDF page 19 / API page 13,point_type=uniform_sample | Shared common tail after curve convergence. | KHe curves converge; the single visible common tail is reused for upper E' curves after their unique strokes end.
Figure 3,KHe,E_prime_ksi=0.5,0.072552,179.609243,uniform_sample,513.097296,325.778025,PDF page 19 / API page 13,point_type=uniform_sample | Shared common tail after curve convergence. | KHe curves converge; the single visible common tail is reused for upper E' curves after their unique strokes end.
Figure 3,KHe,E_prime_ksi=0.5,0.074969,149.837883,uniform_sample,525.938846,326.572325,PDF page 19 / API page 13,point_type=uniform_sample | Shared common tail after curve convergence. | KHe curves converge; the single visible common tail is reused for upper E' curves after their unique strokes end.
Figure 3,KHe,E_prime_ksi=0.5,0.075,149.467395,spreadsheet_x,526.098652,326.58221,PDF page 19 / API page 13,point_type=spreadsheet_x | Shared common tail after curve convergence. | KHe curves converge; the single visible common tail is reused for upper E' curves after their unique strokes end.
Figure 3,KHe,E_prime_ksi=0.5,0.077387,120.89069,uniform_sample,538.4249,327.344636,PDF page 19 / API page 13,point_type=uniform_sample | Shared common tail after curve convergence. | KHe curves converge; the single visible common tail is reused for upper E' curves after their unique strokes end.
Figure 3,KHe,E_prime_ksi=0.5,0.079804,92.655119,endpoint/control;uniform_sample,550.604004,328.097961,PDF page 19 / API page 13,point_type=endpoint/control;uniform_sample | Shared common tail after curve convergence. | KHe curves converge; the single visible common tail is reused for upper E' curves after their unique strokes end.
Figure 3,KHe,E_prime_ksi=1.0,0.006902,5755.188806,uniform_sample,151.810006,216.673946,PDF page 19 / API page 13,point_type=uniform_sample | Shared common tail after curve convergence. | KHe curves converge; the single visible common tail is reused for upper E' curves after their unique strokes end.
Figure 3,KHe,E_prime_ksi=1.0,0.00693,5712.209285,endpoint/control,151.969985,217.448867,PDF page 19 / API page 13,point_type=endpoint/control | Shared common tail after curve convergence. | KHe curves converge; the single visible common tail is reused for upper E' curves after their unique strokes end.
Figure 3,KHe,E_prime_ksi=1.0,0.00738,5371.262654,spreadsheet_x,154.50416,223.596134,PDF page 19 / API page 13,point_type=spreadsheet_x | Shared common tail after curve convergence. | KHe curves converge; the single visible common tail is reused for upper E' curves after their unique strokes end.
Figure 3,KHe,E_prime_ksi=1.0,0.00775,5191.631319,spreadsheet_x,156.588,226.834887,PDF page 19 / API page 13,point_type=spreadsheet_x | Shared common tail after curve convergence. | KHe curves converge; the single visible common tail is reused for upper E' curves after their unique strokes end.
Figure 3,KHe,E_prime_ksi=1.0,0.00825,4986.966487,spreadsheet_x,159.404,230.524994,PDF page 19 / API page 13,point_type=spreadsheet_x | Shared common tail after curve convergence. | KHe curves converge; the single visible common tail is reused for upper E' curves after their unique strokes end.
Figure 3,KHe,E_prime_ksi=1.0,0.009332,4622.428167,uniform_sample,165.496247,237.286406,PDF page 19 / API page 13,point_type=uniform_sample | Shared common tail after curve convergence. | KHe curves converge; the single visible common tail is reused for upper E' curves after their unique strokes end.
Figure 3,KHe,E_prime_ksi=1.0,0.01,4421.712494,spreadsheet_x,169.26,241.005667,PDF page 19 / API page 13,point_type=spreadsheet_x | Shared common tail after curve convergence. | KHe curves converge; the single visible common tail is reused for upper E' curves after their unique strokes end.
Figure 3,KHe,E_prime_ksi=1.0,0.011762,3967.904573,uniform_sample,178.657495,249.414728,PDF page 19 / API page 13,point_type=uniform_sample | Shared common tail after curve convergence. | KHe curves converge; the single visible common tail is reused for upper E' curves after their unique strokes end.
Figure 3,KHe,E_prime_ksi=1.0,0.0125,3789.925806,spreadsheet_x,182.595,252.658056,PDF page 19 / API page 13,point_type=spreadsheet_x | Shared common tail after curve convergence. | KHe curves converge; the single visible common tail is reused for upper E' curves after their unique strokes end.
Figure 3,KHe,E_prime_ksi=1.0,0.013056,3662.286291,endpoint/control,185.558997,254.990029,PDF page 19 / API page 13,point_type=endpoint/control | Shared common tail after curve convergence. | KHe curves converge; the single visible common tail is reused for upper E' curves after their unique strokes end.
Figure 3,KHe,E_prime_ksi=1.0,0.014192,3404.415482,uniform_sample,191.619595,259.701329,PDF page 19 / API page 13,point_type=uniform_sample | Shared common tail after curve convergence. | KHe curves converge; the single visible common tail is reused for upper E' curves after their unique strokes end.
Figure 3,KHe,E_prime_ksi=1.0,0.015,3230.830095,spreadsheet_x,195.93,262.872734,PDF page 19 / API page 13,point_type=spreadsheet_x | Shared common tail after curve convergence. | KHe curves converge; the single visible common tail is reused for upper E' curves after their unique strokes end.
Figure 3,KHe,E_prime_ksi=1.0,0.016622,2889.402376,uniform_sample,205.065048,269.165917,PDF page 19 / API page 13,point_type=uniform_sample | Shared common tail after curve convergence. | KHe curves converge; the single visible common tail is reused for upper E' curves after their unique strokes end.
Figure 3,KHe,E_prime_ksi=1.0,0.0175,2719.47016,spreadsheet_x,210.01,272.355545,PDF page 19 / API page 13,point_type=spreadsheet_x | Shared common tail after curve convergence. | KHe curves converge; the single visible common tail is reused for upper E' curves after their unique strokes end.
Figure 3,KHe,E_prime_ksi=1.0,0.019052,2436.950028,uniform_sample,218.751315,277.658448,PDF page 19 / API page 13,point_type=uniform_sample | Shared common tail after curve convergence. | KHe curves converge; the single visible common tail is reused for upper E' curves after their unique strokes end.
Figure 3,KHe,E_prime_ksi=1.0,0.02,2275.090667,spreadsheet_x,224.09,280.696548,PDF page 19 / API page 13,point_type=spreadsheet_x | Shared common tail after curve convergence. | KHe curves converge; the single visible common tail is reused for upper E' curves after their unique strokes end.
Figure 3,KHe,E_prime_ksi=1.0,0.021482,2042.561395,uniform_sample,232.289364,285.061123,PDF page 19 / API page 13,point_type=uniform_sample | Shared common tail after curve convergence. | KHe curves converge; the single visible common tail is reused for upper E' curves after their unique strokes end.
Figure 3,KHe,E_prime_ksi=1.0,0.022232,1933.989388,endpoint/control,236.438973,287.099019,PDF page 19 / API page 13,point_type=endpoint/control | Shared common tail after curve convergence. | KHe curves converge; the single visible common tail is reused for upper E' curves after their unique strokes end.
Figure 3,KHe,E_prime_ksi=1.0,0.023912,1690.069561,uniform_sample,245.732567,291.448046,PDF page 19 / API page 13,point_type=uniform_sample | Shared common tail after curve convergence. | KHe curves converge; the single visible common tail is reused for upper E' curves after their unique strokes end.
Figure 3,KHe,E_prime_ksi=1.0,0.025,1552.6354,spreadsheet_x,251.75,293.925984,PDF page 19 / API page 13,point_type=spreadsheet_x | Shared common tail after curve convergence. | KHe curves converge; the single visible common tail is reused for upper E' curves after their unique strokes end.
Figure 3,KHe,E_prime_ksi=1.0,0.026342,1399.998886,uniform_sample,259.044276,296.67802,PDF page 19 / API page 13,point_type=uniform_sample | Shared common tail after curve convergence. | KHe curves converge; the single visible common tail is reused for upper E' curves after their unique strokes end.
Figure 3,KHe,E_prime_ksi=1.0,0.028772,1153.736343,uniform_sample,272.249385,301.118134,PDF page 19 / API page 13,point_type=uniform_sample | Shared common tail after curve convergence. | KHe curves converge; the single visible common tail is reused for upper E' curves after their unique strokes end.
Figure 3,KHe,E_prime_ksi=1.0,0.03,1042.662849,spreadsheet_x,278.92,303.120789,PDF page 19 / API page 13,point_type=spreadsheet_x | Shared common tail after curve convergence. | KHe curves converge; the single visible common tail is reused for upper E' curves after their unique strokes end.
Figure 3,KHe,E_prime_ksi=1.0,0.030182,1027.229891,endpoint/control,279.90801,303.399045,PDF page 19 / API page 13,point_type=endpoint/control | Shared common tail after curve convergence. | KHe curves converge; the single visible common tail is reused for upper E' curves after their unique strokes end.
Figure 3,KHe,E_prime_ksi=1.0,0.031203,965.791435,uniform_sample,285.692593,304.50678,PDF page 19 / API page 13,point_type=uniform_sample | Shared common tail after curve convergence. | KHe curves converge; the single visible common tail is reused for upper E' curves after their unique strokes end.
Figure 3,KHe,E_prime_ksi=1.0,0.033633,878.648067,uniform_sample,299.37886,307.12767,PDF page 19 / API page 13,point_type=uniform_sample | Shared common tail after curve convergence. | KHe curves converge; the single visible common tail is reused for upper E' curves after their unique strokes end.
Figure 3,KHe,E_prime_ksi=1.0,0.035,823.383203,spreadsheet_x,307.078515,308.602136,PDF page 19 / API page 13,point_type=spreadsheet_x | Shared common tail after curve convergence. | KHe curves converge; the single visible common tail is reused for upper E' curves after their unique strokes end.
Figure 3,KHe,E_prime_ksi=1.0,0.036063,781.176602,uniform_sample,312.958856,309.728208,PDF page 19 / API page 13,point_type=uniform_sample | Shared common tail after curve convergence. | KHe curves converge; the single visible common tail is reused for upper E' curves after their unique strokes end.
Figure 3,KHe,E_prime_ksi=1.0,0.038482,685.1182,endpoint/control,326.341981,312.291046,PDF page 19 / API page 13,point_type=endpoint/control | Shared common tail after curve convergence. | KHe curves converge; the single visible common tail is reused for upper E' curves after their unique strokes end.
Figure 3,KHe,E_prime_ksi=1.0,0.038493,685.761924,uniform_sample,326.402059,312.273872,PDF page 19 / API page 13,point_type=uniform_sample | Shared common tail after curve convergence. | KHe curves converge; the single visible common tail is reused for upper E' curves after their unique strokes end.
Figure 3,KHe,E_prime_ksi=1.0,0.04,647.032019,spreadsheet_x,334.74,313.307186,PDF page 19 / API page 13,point_type=spreadsheet_x | Shared common tail after curve convergence. | KHe curves converge; the single visible common tail is reused for upper E' curves after their unique strokes end.
Figure 3,KHe,E_prime_ksi=1.0,0.040923,622.47682,uniform_sample,339.754876,313.962318,PDF page 19 / API page 13,point_type=uniform_sample | Shared common tail after curve convergence. | KHe curves converge; the single visible common tail is reused for upper E' curves after their unique strokes end.
Figure 3,KHe,E_prime_ksi=1.0,0.043353,562.025602,uniform_sample,352.959985,315.575157,PDF page 19 / API page 13,point_type=uniform_sample | Shared common tail after curve convergence. | KHe curves converge; the single visible common tail is reused for upper E' curves after their unique strokes end.
Figure 3,KHe,E_prime_ksi=1.0,0.044454,536.994762,endpoint/control,358.942982,316.24298,PDF page 19 / API page 13,point_type=endpoint/control | Shared common tail after curve convergence. | KHe curves converge; the single visible common tail is reused for upper E' curves after their unique strokes end.
Figure 3,KHe,E_prime_ksi=1.0,0.045,530.01545,spreadsheet_x,361.953423,316.429188,PDF page 19 / API page 13,point_type=spreadsheet_x | Shared common tail after curve convergence. | KHe curves converge; the single visible common tail is reused for upper E' curves after their unique strokes end.
Figure 3,KHe,E_prime_ksi=1.0,0.045783,520.006227,uniform_sample,366.270792,316.696234,PDF page 19 / API page 13,point_type=uniform_sample | Shared common tail after curve convergence. | KHe curves converge; the single visible common tail is reused for upper E' curves after their unique strokes end.
Figure 3,KHe,E_prime_ksi=1.0,0.048213,488.907027,uniform_sample,379.68509,317.525961,PDF page 19 / API page 13,point_type=uniform_sample | Shared common tail after curve convergence. | KHe curves converge; the single visible common tail is reused for upper E' curves after their unique strokes end.
Figure 3,KHe,E_prime_ksi=1.0,0.05,465.990229,spreadsheet_x,389.57,318.137381,PDF page 19 / API page 13,point_type=spreadsheet_x | Shared common tail after curve convergence. | KHe curves converge; the single visible common tail is reused for upper E' curves after their unique strokes end.
Figure 3,KHe,E_prime_ksi=1.0,0.050643,457.740689,uniform_sample,393.128348,318.357478,PDF page 19 / API page 13,point_type=uniform_sample | Shared common tail after curve convergence. | KHe curves converge; the single visible common tail is reused for upper E' curves after their unique strokes end.
Figure 3,KHe,E_prime_ksi=1.0,0.053073,426.574352,uniform_sample,406.571606,319.188996,PDF page 19 / API page 13,point_type=uniform_sample | Shared common tail after curve convergence. | KHe curves converge; the single visible common tail is reused for upper E' curves after their unique strokes end.
Figure 3,KHe,E_prime_ksi=1.0,0.055,402.015428,spreadsheet_x,417.164829,319.844228,PDF page 19 / API page 13,point_type=spreadsheet_x | Shared common tail after curve convergence. | KHe curves converge; the single visible common tail is reused for upper E' curves after their unique strokes end.
Figure 3,KHe,E_prime_ksi=1.0,0.055503,395.599801,uniform_sample,419.932139,320.015397,PDF page 19 / API page 13,point_type=uniform_sample | Shared common tail after curve convergence. | KHe curves converge; the single visible common tail is reused for upper E' curves after their unique strokes end.
Figure 3,KHe,E_prime_ksi=1.0,0.057933,364.908292,uniform_sample,433.170585,320.834247,PDF page 19 / API page 13,point_type=uniform_sample | Shared common tail after curve convergence. | KHe curves converge; the single visible common tail is reused for upper E' curves after their unique strokes end.
Figure 3,KHe,E_prime_ksi=1.0,0.06,338.874442,spreadsheet_x,444.4,321.52883,PDF page 19 / API page 13,point_type=spreadsheet_x | Shared common tail after curve convergence. | KHe curves converge; the single visible common tail is reused for upper E' curves after their unique strokes end.
Figure 3,KHe,E_prime_ksi=1.0,0.060364,334.294069,uniform_sample,446.375694,321.651034,PDF page 19 / API page 13,point_type=uniform_sample | Shared common tail after curve convergence. | KHe curves converge; the single visible common tail is reused for upper E' curves after their unique strokes end.
Figure 3,KHe,E_prime_ksi=1.0,0.062794,303.679847,uniform_sample,459.580803,322.467822,PDF page 19 / API page 13,point_type=uniform_sample | Shared common tail after curve convergence. | KHe curves converge; the single visible common tail is reused for upper E' curves after their unique strokes end.
Figure 3,KHe,E_prime_ksi=1.0,0.065,275.851875,spreadsheet_x,471.584093,323.210272,PDF page 19 / API page 13,point_type=spreadsheet_x | Shared common tail after curve convergence. | KHe curves converge; the single visible common tail is reused for upper E' curves after their unique strokes end.
Figure 3,KHe,E_prime_ksi=1.0,0.065224,272.984783,uniform_sample,472.820781,323.286766,PDF page 19 / API page 13,point_type=uniform_sample | Shared common tail after curve convergence. | KHe curves converge; the single visible common tail is reused for upper E' curves after their unique strokes end.
Figure 3,KHe,E_prime_ksi=1.0,0.067654,241.847443,uniform_sample,486.251532,324.11751,PDF page 19 / API page 13,point_type=uniform_sample | Shared common tail after curve convergence. | KHe curves converge; the single visible common tail is reused for upper E' curves after their unique strokes end.
Figure 3,KHe,E_prime_ksi=1.0,0.07,211.871511,spreadsheet_x,499.181321,324.917268,PDF page 19 / API page 13,point_type=spreadsheet_x | Shared common tail after curve convergence. | KHe curves converge; the single visible common tail is reused for upper E' curves after their unique strokes end.
Figure 3,KHe,E_prime_ksi=1.0,0.070084,210.799282,uniform_sample,499.643815,324.945875,PDF page 19 / API page 13,point_type=uniform_sample | Shared common tail after curve convergence. | KHe curves converge; the single visible common tail is reused for upper E' curves after their unique strokes end.
Figure 3,KHe,E_prime_ksi=1.0,0.072514,180.087085,uniform_sample,512.891185,325.765277,PDF page 19 / API page 13,point_type=uniform_sample | Shared common tail after curve convergence. | KHe curves converge; the single visible common tail is reused for upper E' curves after their unique strokes end.
Figure 3,KHe,E_prime_ksi=1.0,0.074944,150.14408,uniform_sample,525.806771,326.564156,PDF page 19 / API page 13,point_type=uniform_sample | Shared common tail after curve convergence. | KHe curves converge; the single visible common tail is reused for upper E' curves after their unique strokes end.
Figure 3,KHe,E_prime_ksi=1.0,0.075,149.467395,spreadsheet_x,526.098652,326.58221,PDF page 19 / API page 13,point_type=spreadsheet_x | Shared common tail after curve convergence. | KHe curves converge; the single visible common tail is reused for upper E' curves after their unique strokes end.
Figure 3,KHe,E_prime_ksi=1.0,0.077374,121.038324,uniform_sample,538.36122,327.340698,PDF page 19 / API page 13,point_type=uniform_sample | Shared common tail after curve convergence. | KHe curves converge; the single visible common tail is reused for upper E' curves after their unique strokes end.
Figure 3,KHe,E_prime_ksi=1.0,0.079804,92.655119,endpoint/control;uniform_sample,550.604004,328.097961,PDF page 19 / API page 13,point_type=endpoint/control;uniform_sample | Shared common tail after curve convergence. | KHe curves converge; the single visible common tail is reused for upper E' curves after their unique strokes end.
Figure 3,KHe,E_prime_ksi=2.0,0.006842,4440.098326,endpoint/control;uniform_sample,151.475998,240.664978,PDF page 19 / API page 13,point_type=endpoint/control;uniform_sample | KHe curves converge; the single visible common tail is reused for upper E' curves after their unique strokes end.
Figure 3,KHe,E_prime_ksi=2.0,0.00726,4063.879904,spreadsheet_x,153.82832,247.636305,PDF page 19 / API page 13,point_type=spreadsheet_x | KHe curves converge; the single visible common tail is reused for upper E' curves after their unique strokes end.
Figure 3,KHe,E_prime_ksi=2.0,0.00775,3829.759583,spreadsheet_x,156.588,251.930292,PDF page 19 / API page 13,point_type=spreadsheet_x | KHe curves converge; the single visible common tail is reused for upper E' curves after their unique strokes end.
Figure 3,KHe,E_prime_ksi=2.0,0.00825,3645.285057,spreadsheet_x,159.404,255.300642,PDF page 19 / API page 13,point_type=spreadsheet_x | KHe curves converge; the single visible common tail is reused for upper E' curves after their unique strokes end.
Figure 3,KHe,E_prime_ksi=2.0,0.009274,3344.199836,uniform_sample,165.173364,260.801469,PDF page 19 / API page 13,point_type=uniform_sample | KHe curves converge; the single visible common tail is reused for upper E' curves after their unique strokes end.
Figure 3,KHe,E_prime_ksi=2.0,0.01,3166.031095,spreadsheet_x,169.26,264.056612,PDF page 19 / API page 13,point_type=spreadsheet_x | KHe curves converge; the single visible common tail is reused for upper E' curves after their unique strokes end.
Figure 3,KHe,E_prime_ksi=2.0,0.011706,2834.68464,uniform_sample,178.362258,270.192969,PDF page 19 / API page 13,point_type=uniform_sample | KHe curves converge; the single visible common tail is reused for upper E' curves after their unique strokes end.
Figure 3,KHe,E_prime_ksi=2.0,0.0125,2703.318214,spreadsheet_x,182.595,272.658717,PDF page 19 / API page 13,point_type=spreadsheet_x | KHe curves converge; the single visible common tail is reused for upper E' curves after their unique strokes end.
Figure 3,KHe,E_prime_ksi=2.0,0.013241,2591.956649,endpoint/control,186.548027,274.748974,PDF page 19 / API page 13,point_type=endpoint/control | KHe curves converge; the single visible common tail is reused for upper E' curves after their unique strokes end.
Figure 3,KHe,E_prime_ksi=2.0,0.014139,2488.086195,uniform_sample,191.334919,276.698622,PDF page 19 / API page 13,point_type=uniform_sample | KHe curves converge; the single visible common tail is reused for upper E' curves after their unique strokes end.
Figure 3,KHe,E_prime_ksi=2.0,0.015,2391.657618,spreadsheet_x,195.93,278.508587,PDF page 19 / API page 13,point_type=spreadsheet_x | KHe curves converge; the single visible common tail is reused for upper E' curves after their unique strokes end.
Figure 3,KHe,E_prime_ksi=2.0,0.016571,2214.121019,uniform_sample,204.775563,281.840948,PDF page 19 / API page 13,point_type=uniform_sample | KHe curves converge; the single visible common tail is reused for upper E' curves after their unique strokes end.
Figure 3,KHe,E_prime_ksi=2.0,0.0175,2113.576774,spreadsheet_x,210.01,283.728164,PDF page 19 / API page 13,point_type=spreadsheet_x | KHe curves converge; the single visible common tail is reused for upper E' curves after their unique strokes end.
Figure 3,KHe,E_prime_ksi=2.0,0.019003,1957.344544,uniform_sample,218.472981,286.660643,PDF page 19 / API page 13,point_type=uniform_sample | KHe curves converge; the single visible common tail is reused for upper E' curves after their unique strokes end.
Figure 3,KHe,E_prime_ksi=2.0,0.02,1851.790055,spreadsheet_x,224.09,288.532225,PDF page 19 / API page 13,point_type=spreadsheet_x | KHe curves converge; the single visible common tail is reused for upper E' curves after their unique strokes end.
Figure 3,KHe,E_prime_ksi=2.0,0.021435,1710.283095,uniform_sample,232.026871,291.083596,PDF page 19 / API page 13,point_type=uniform_sample | KHe curves converge; the single visible common tail is reused for upper E' curves after their unique strokes end.
Figure 3,KHe,E_prime_ksi=2.0,0.023867,1483.244994,uniform_sample,245.481082,295.177093,PDF page 19 / API page 13,point_type=uniform_sample | KHe curves converge; the single visible common tail is reused for upper E' curves after their unique strokes end.
Figure 3,KHe,E_prime_ksi=2.0,0.025,1382.693917,spreadsheet_x,251.75,296.990029,PDF page 19 / API page 13,point_type=spreadsheet_x | KHe curves converge; the single visible common tail is reused for upper E' curves after their unique strokes end.
Figure 3,KHe,E_prime_ksi=2.0,0.026299,1273.444111,uniform_sample,258.807951,298.959803,PDF page 19 / API page 13,point_type=uniform_sample | KHe curves converge; the single visible common tail is reused for upper E' curves after their unique strokes end.
Figure 3,KHe,E_prime_ksi=2.0,0.028727,1082.030876,endpoint/control,272.005018,302.410983,PDF page 19 / API page 13,point_type=endpoint/control | KHe curves converge; the single visible common tail is reused for upper E' curves after their unique strokes end.
Figure 3,KHe,E_prime_ksi=2.0,0.028731,1081.78244,uniform_sample,272.023819,302.415463,PDF page 19 / API page 13,point_type=uniform_sample | KHe curves converge; the single visible common tail is reused for upper E' curves after their unique strokes end.
Figure 3,KHe,E_prime_ksi=2.0,0.03,994.741355,spreadsheet_x,278.92,303.984813,PDF page 19 / API page 13,point_type=spreadsheet_x | KHe curves converge; the single visible common tail is reused for upper E' curves after their unique strokes end.
Figure 3,KHe,E_prime_ksi=2.0,0.031163,933.495294,uniform_sample,285.469903,305.348617,PDF page 19 / API page 13,point_type=uniform_sample | KHe curves converge; the single visible common tail is reused for upper E' curves after their unique strokes end.
Figure 3,KHe,E_prime_ksi=2.0,0.033595,849.544958,uniform_sample,299.167322,307.904141,PDF page 19 / API page 13,point_type=uniform_sample | KHe curves converge; the single visible common tail is reused for upper E' curves after their unique strokes end.
Figure 3,KHe,E_prime_ksi=2.0,0.035,799.537498,spreadsheet_x,307.08,309.23834,PDF page 19 / API page 13,point_type=spreadsheet_x | KHe curves converge; the single visible common tail is reused for upper E' curves after their unique strokes end.
Figure 3,KHe,E_prime_ksi=2.0,0.036027,765.589526,uniform_sample,312.761973,310.144071,PDF page 19 / API page 13,point_type=uniform_sample | KHe curves converge; the single visible common tail is reused for upper E' curves after their unique strokes end.
Figure 3,KHe,E_prime_ksi=2.0,0.038459,690.808622,uniform_sample,326.216184,312.139226,PDF page 19 / API page 13,point_type=uniform_sample | KHe curves converge; the single visible common tail is reused for upper E' curves after their unique strokes end.
Figure 3,KHe,E_prime_ksi=2.0,0.04,647.032019,spreadsheet_x,334.74,313.307186,PDF page 19 / API page 13,point_type=spreadsheet_x | KHe curves converge; the single visible common tail is reused for upper E' curves after their unique strokes end.
Figure 3,KHe,E_prime_ksi=2.0,0.040891,623.302934,uniform_sample,339.582998,313.940278,PDF page 19 / API page 13,point_type=uniform_sample | KHe curves converge; the single visible common tail is reused for upper E' curves after their unique strokes end.
Figure 3,KHe,E_prime_ksi=2.0,0.043323,562.72457,uniform_sample,352.798867,315.556508,PDF page 19 / API page 13,point_type=uniform_sample | KHe curves converge; the single visible common tail is reused for upper E' curves after their unique strokes end.
Figure 3,KHe,E_prime_ksi=2.0,0.044454,536.994762,endpoint/control,358.942982,316.24298,PDF page 19 / API page 13,point_type=endpoint/control | KHe curves converge; the single visible common tail is reused for upper E' curves after their unique strokes end.
Figure 3,KHe,E_prime_ksi=2.0,0.045,530.01545,spreadsheet_x,361.953423,316.429188,PDF page 19 / API page 13,point_type=spreadsheet_x | KHe curves converge; the single visible common tail is reused for upper E' curves after their unique strokes end.
Figure 3,KHe,E_prime_ksi=2.0,0.045755,520.360043,uniform_sample,366.118177,316.686794,PDF page 19 / API page 13,point_type=uniform_sample | KHe curves converge; the single visible common tail is reused for upper E' curves after their unique strokes end.
Figure 3,KHe,E_prime_ksi=2.0,0.048187,489.236634,uniform_sample,379.542918,317.517167,PDF page 19 / API page 13,point_type=uniform_sample | KHe curves converge; the single visible common tail is reused for upper E' curves after their unique strokes end.
Figure 3,KHe,E_prime_ksi=2.0,0.05,465.990229,spreadsheet_x,389.57,318.137381,PDF page 19 / API page 13,point_type=spreadsheet_x | KHe curves converge; the single visible common tail is reused for upper E' curves after their unique strokes end.
Figure 3,KHe,E_prime_ksi=2.0,0.050619,458.045031,uniform_sample,392.997074,318.349359,PDF page 19 / API page 13,point_type=uniform_sample | KHe curves converge; the single visible common tail is reused for upper E' curves after their unique strokes end.
Figure 3,KHe,E_prime_ksi=2.0,0.053052,426.853299,uniform_sample,406.451285,319.181554,PDF page 19 / API page 13,point_type=uniform_sample | KHe curves converge; the single visible common tail is reused for upper E' curves after their unique strokes end.
Figure 3,KHe,E_prime_ksi=2.0,0.055,402.015428,spreadsheet_x,417.164829,319.844228,PDF page 19 / API page 13,point_type=spreadsheet_x | KHe curves converge; the single visible common tail is reused for upper E' curves after their unique strokes end.
Figure 3,KHe,E_prime_ksi=2.0,0.055484,395.851634,uniform_sample,419.823514,320.008678,PDF page 19 / API page 13,point_type=uniform_sample | KHe curves converge; the single visible common tail is reused for upper E' curves after their unique strokes end.
Figure 3,KHe,E_prime_ksi=2.0,0.057916,365.13241,uniform_sample,433.073914,320.828267,PDF page 19 / API page 13,point_type=uniform_sample | KHe curves converge; the single visible common tail is reused for upper E' curves after their unique strokes end.
Figure 3,KHe,E_prime_ksi=2.0,0.06,338.874442,spreadsheet_x,444.4,321.52883,PDF page 19 / API page 13,point_type=spreadsheet_x | KHe curves converge; the single visible common tail is reused for upper E' curves after their unique strokes end.
Figure 3,KHe,E_prime_ksi=2.0,0.060348,334.493243,uniform_sample,446.289782,321.64572,PDF page 19 / API page 13,point_type=uniform_sample | KHe curves converge; the single visible common tail is reused for upper E' curves after their unique strokes end.
Figure 3,KHe,E_prime_ksi=2.0,0.06278,303.854203,uniform_sample,459.505596,322.46317,PDF page 19 / API page 13,point_type=uniform_sample | KHe curves converge; the single visible common tail is reused for upper E' curves after their unique strokes end.
Figure 3,KHe,E_prime_ksi=2.0,0.065,275.851875,spreadsheet_x,471.584093,323.210272,PDF page 19 / API page 13,point_type=spreadsheet_x | KHe curves converge; the single visible common tail is reused for upper E' curves after their unique strokes end.
Figure 3,KHe,E_prime_ksi=2.0,0.065212,273.136749,uniform_sample,472.755233,323.282712,PDF page 19 / API page 13,point_type=uniform_sample | KHe curves converge; the single visible common tail is reused for upper E' curves after their unique strokes end.
Figure 3,KHe,E_prime_ksi=2.0,0.067644,241.974166,uniform_sample,486.196871,324.114129,PDF page 19 / API page 13,point_type=uniform_sample | KHe curves converge; the single visible common tail is reused for upper E' curves after their unique strokes end.
Figure 3,KHe,E_prime_ksi=2.0,0.07,211.871511,spreadsheet_x,499.181321,324.917268,PDF page 19 / API page 13,point_type=spreadsheet_x | KHe curves converge; the single visible common tail is reused for upper E' curves after their unique strokes end.
Figure 3,KHe,E_prime_ksi=2.0,0.070076,210.900206,uniform_sample,499.600283,324.943182,PDF page 19 / API page 13,point_type=uniform_sample | KHe curves converge; the single visible common tail is reused for upper E' curves after their unique strokes end.
Figure 3,KHe,E_prime_ksi=2.0,0.072508,180.161791,uniform_sample,512.858961,325.763283,PDF page 19 / API page 13,point_type=uniform_sample | KHe curves converge; the single visible common tail is reused for upper E' curves after their unique strokes end.
Figure 3,KHe,E_prime_ksi=2.0,0.07494,150.191905,uniform_sample,525.786143,326.56288,PDF page 19 / API page 13,point_type=uniform_sample | KHe curves converge; the single visible common tail is reused for upper E' curves after their unique strokes end.
Figure 3,KHe,E_prime_ksi=2.0,0.075,149.467395,spreadsheet_x,526.098652,326.58221,PDF page 19 / API page 13,point_type=spreadsheet_x | KHe curves converge; the single visible common tail is reused for upper E' curves after their unique strokes end.
Figure 3,KHe,E_prime_ksi=2.0,0.077372,121.061451,uniform_sample,538.351244,327.34008,PDF page 19 / API page 13,point_type=uniform_sample | KHe curves converge; the single visible common tail is reused for upper E' curves after their unique strokes end.
Figure 3,KHe,E_prime_ksi=2.0,0.079804,92.655119,endpoint/control;uniform_sample,550.604004,328.097961,PDF page 19 / API page 13,point_type=endpoint/control;uniform_sample | KHe curves converge; the single visible common tail is reused for upper E' curves after their unique strokes end.
Figure 4,Be,soil_type=A,0.120039,0.003856,endpoint/control;uniform_sample,163.195007,664.619995,PDF page 19 / API page 13,point_type=endpoint/control;uniform_sample
Figure 4,Be,soil_type=A,1.0,0.334142,spreadsheet_x,172.395,611.26103,PDF page 19 / API page 13,point_type=spreadsheet_x
Figure 4,Be,soil_type=A,1.120554,0.374502,uniform_sample,173.655395,604.654088,PDF page 19 / API page 13,point_type=uniform_sample
Figure 4,Be,soil_type=A,1.937448,0.617351,endpoint/control,182.196014,564.617004,PDF page 19 / API page 13,point_type=endpoint/control
Figure 4,Be,soil_type=A,2.0,0.639287,spreadsheet_x,182.85,560.997691,PDF page 19 / API page 13,point_type=spreadsheet_x
Figure 4,Be,soil_type=A,2.12107,0.674363,uniform_sample,184.115783,555.210147,PDF page 19 / API page 13,point_type=uniform_sample
Figure 4,Be,soil_type=A,3.0,0.8495,spreadsheet_x,193.16,526.861059,PDF page 19 / API page 13,point_type=spreadsheet_x
Figure 4,Be,soil_type=A,3.121585,0.868205,uniform_sample,194.413542,523.827093,PDF page 19 / API page 13,point_type=uniform_sample
Figure 4,Be,soil_type=A,4.0,0.982464,spreadsheet_x,203.47,505.401549,PDF page 19 / API page 13,point_type=spreadsheet_x
Figure 4,Be,soil_type=A,4.1221,0.995946,uniform_sample,204.726679,503.226988,PDF page 19 / API page 13,point_type=uniform_sample
Figure 4,Be,soil_type=A,4.9,1.071669,annex_control_x,212.6275,491.141562,PDF page 19 / API page 13,point_type=annex_control_x
Figure 4,Be,soil_type=A,5.0,1.080321,spreadsheet_x,213.645,489.760775,PDF page 19 / API page 13,point_type=spreadsheet_x
Figure 4,Be,soil_type=A,5.122616,1.090585,uniform_sample,214.892615,488.11216,PDF page 19 / API page 13,point_type=uniform_sample
Figure 4,Be,soil_type=A,6.0,1.156494,spreadsheet_x,223.82,477.688306,PDF page 19 / API page 13,point_type=spreadsheet_x
Figure 4,Be,soil_type=A,6.123131,1.164645,uniform_sample,225.06988,476.399634,PDF page 19 / API page 13,point_type=uniform_sample
Figure 4,Be,soil_type=A,7.0,1.214893,spreadsheet_x,233.86,468.352717,PDF page 19 / API page 13,point_type=spreadsheet_x
Figure 4,Be,soil_type=A,7.123646,1.220992,uniform_sample,235.10141,467.346327,PDF page 19 / API page 13,point_type=uniform_sample
Figure 4,Be,soil_type=A,8.0,1.259303,spreadsheet_x,243.9,461.02503,PDF page 19 / API page 13,point_type=spreadsheet_x
Figure 4,Be,soil_type=A,8.124162,1.264081,uniform_sample,245.146584,460.236575,PDF page 19 / API page 13,point_type=uniform_sample
Figure 4,Be,soil_type=A,9.0,1.29354,spreadsheet_x,253.94,455.348672,PDF page 19 / API page 13,point_type=spreadsheet_x
Figure 4,Be,soil_type=A,9.124677,1.297281,uniform_sample,255.191759,454.743619,PDF page 19 / API page 13,point_type=uniform_sample
Figure 4,Be,soil_type=A,10.0,1.320356,spreadsheet_x,263.98,451.063282,PDF page 19 / API page 13,point_type=spreadsheet_x
Figure 4,Be,soil_type=A,10.125193,1.323232,uniform_sample,265.269937,450.60445,PDF page 19 / API page 13,point_type=uniform_sample
Figure 4,Be,soil_type=A,11.0,1.340109,spreadsheet_x,274.29,447.912688,PDF page 19 / API page 13,point_type=spreadsheet_x
Figure 4,Be,soil_type=A,11.125708,1.342085,uniform_sample,275.586048,447.59752,PDF page 19 / API page 13,point_type=uniform_sample
Figure 4,Be,soil_type=A,12.0,1.352953,spreadsheet_x,284.6,445.863968,PDF page 19 / API page 13,point_type=spreadsheet_x
Figure 4,Be,soil_type=A,12.126223,1.354114,uniform_sample,285.901937,445.67875,PDF page 19 / API page 13,point_type=uniform_sample
Figure 4,Be,soil_type=A,13.0,1.359649,spreadsheet_x,294.915,444.796056,PDF page 19 / API page 13,point_type=spreadsheet_x
Figure 4,Be,soil_type=A,13.126739,1.360092,uniform_sample,296.222308,444.725359,PDF page 19 / API page 13,point_type=uniform_sample
Figure 4,Be,soil_type=A,13.415416,1.360803,endpoint/control,299.200012,444.612,PDF page 19 / API page 13,point_type=endpoint/control
Figure 4,Be,soil_type=A,14.0,1.360803,spreadsheet_x,305.182617,444.612,PDF page 19 / API page 13,point_type=spreadsheet_x
Figure 4,Be,soil_type=A,14.127254,1.360803,uniform_sample,306.484927,444.612,PDF page 19 / API page 13,point_type=uniform_sample
Figure 4,Be,soil_type=A,15.0,1.360803,spreadsheet_x,315.405,444.612,PDF page 19 / API page 13,point_type=spreadsheet_x
Figure 4,Be,soil_type=A,15.127769,1.360803,uniform_sample,316.705052,444.612,PDF page 19 / API page 13,point_type=uniform_sample
Figure 4,Be,soil_type=A,16.0,1.360803,spreadsheet_x,325.58,444.612,PDF page 19 / API page 13,point_type=spreadsheet_x
Figure 4,Be,soil_type=A,16.128285,1.360803,uniform_sample,326.885296,444.612,PDF page 19 / API page 13,point_type=uniform_sample
Figure 4,Be,soil_type=A,17.0,1.360803,spreadsheet_x,335.755,444.612,PDF page 19 / API page 13,point_type=spreadsheet_x
Figure 4,Be,soil_type=A,17.1288,1.360803,uniform_sample,337.06554,444.612,PDF page 19 / API page 13,point_type=uniform_sample
Figure 4,Be,soil_type=A,18.0,1.360803,spreadsheet_x,345.969995,444.612,PDF page 19 / API page 13,point_type=spreadsheet_x
Figure 4,Be,soil_type=A,18.129315,1.360803,uniform_sample,347.298603,444.612,PDF page 19 / API page 13,point_type=uniform_sample
Figure 4,Be,soil_type=A,19.0,1.360803,spreadsheet_x,356.243496,444.612,PDF page 19 / API page 13,point_type=spreadsheet_x
Figure 4,Be,soil_type=A,19.129831,1.360803,uniform_sample,357.57308,444.612,PDF page 19 / API page 13,point_type=uniform_sample
Figure 4,Be,soil_type=A,20.0,1.360803,spreadsheet_x,366.484398,444.612,PDF page 19 / API page 13,point_type=spreadsheet_x
Figure 4,Be,soil_type=A,20.130346,1.360803,uniform_sample,367.819259,444.612,PDF page 19 / API page 13,point_type=uniform_sample
Figure 4,Be,soil_type=A,21.0,1.360803,spreadsheet_x,376.595,444.612,PDF page 19 / API page 13,point_type=spreadsheet_x
Figure 4,Be,soil_type=A,21.130861,1.360803,uniform_sample,377.908194,444.612,PDF page 19 / API page 13,point_type=uniform_sample
Figure 4,Be,soil_type=A,22.0,1.360803,spreadsheet_x,386.655659,444.612,PDF page 19 / API page 13,point_type=spreadsheet_x
Figure 4,Be,soil_type=A,22.131377,1.360803,uniform_sample,387.989566,444.612,PDF page 19 / API page 13,point_type=uniform_sample
Figure 4,Be,soil_type=A,23.0,1.360803,spreadsheet_x,396.808961,444.612,PDF page 19 / API page 13,point_type=spreadsheet_x
Figure 4,Be,soil_type=A,23.131892,1.360803,uniform_sample,398.148101,444.612,PDF page 19 / API page 13,point_type=uniform_sample
Figure 4,Be,soil_type=A,24.0,1.360803,spreadsheet_x,406.981694,444.612,PDF page 19 / API page 13,point_type=spreadsheet_x
Figure 4,Be,soil_type=A,24.132407,1.360803,uniform_sample,408.329215,444.612,PDF page 19 / API page 13,point_type=uniform_sample
Figure 4,Be,soil_type=A,25.0,1.360803,spreadsheet_x,417.16,444.612,PDF page 19 / API page 13,point_type=spreadsheet_x
Figure 4,Be,soil_type=A,25.132923,1.360803,uniform_sample,418.513154,444.612,PDF page 19 / API page 13,point_type=uniform_sample
Figure 4,Be,soil_type=A,26.0,1.360803,spreadsheet_x,427.339875,444.612,PDF page 19 / API page 13,point_type=spreadsheet_x
Figure 4,Be,soil_type=A,26.133438,1.360803,uniform_sample,428.69762,444.612,PDF page 19 / API page 13,point_type=uniform_sample
Figure 4,Be,soil_type=A,27.0,1.360803,spreadsheet_x,437.514966,444.612,PDF page 19 / API page 13,point_type=spreadsheet_x
Figure 4,Be,soil_type=A,27.133954,1.360803,uniform_sample,438.877955,444.612,PDF page 19 / API page 13,point_type=uniform_sample
Figure 4,Be,soil_type=A,28.0,1.360803,spreadsheet_x,447.736391,444.612,PDF page 19 / API page 13,point_type=spreadsheet_x
Figure 4,Be,soil_type=A,28.134469,1.360803,uniform_sample,449.114528,444.612,PDF page 19 / API page 13,point_type=uniform_sample
Figure 4,Be,soil_type=A,29.0,1.360803,spreadsheet_x,458.0,444.612,PDF page 19 / API page 13,point_type=spreadsheet_x
Figure 4,Be,soil_type=A,29.134984,1.360803,uniform_sample,459.391687,444.612,PDF page 19 / API page 13,point_type=uniform_sample
Figure 4,Be,soil_type=A,30.0,1.360803,spreadsheet_x,468.31,444.612,PDF page 19 / API page 13,point_type=spreadsheet_x
Figure 4,Be,soil_type=A,30.1355,1.360803,endpoint/control;uniform_sample,469.707001,444.612,PDF page 19 / API page 13,point_type=endpoint/control;uniform_sample
Figure 4,Be,soil_type=B,0.167863,0.000746,endpoint/control;uniform_sample,163.695007,665.119995,PDF page 19 / API page 13,point_type=endpoint/control;uniform_sample
Figure 4,Be,soil_type=B,1.0,0.32983,spreadsheet_x,172.395,611.966897,PDF page 19 / API page 13,point_type=spreadsheet_x
Figure 4,Be,soil_type=B,1.165168,0.384403,uniform_sample,174.121828,603.033203,PDF page 19 / API page 13,point_type=uniform_sample
Figure 4,Be,soil_type=B,1.554856,0.49917,endpoint/control,178.196014,584.117005,PDF page 19 / API page 13,point_type=endpoint/control
Figure 4,Be,soil_type=B,2.0,0.621643,spreadsheet_x,182.85,563.908894,PDF page 19 / API page 13,point_type=spreadsheet_x
Figure 4,Be,soil_type=B,2.162472,0.653448,uniform_sample,184.52995,558.661078,PDF page 19 / API page 13,point_type=uniform_sample
Figure 4,Be,soil_type=B,3.0,0.780853,spreadsheet_x,193.16,537.970693,PDF page 19 / API page 13,point_type=spreadsheet_x
Figure 4,Be,soil_type=B,3.159777,0.800545,uniform_sample,194.807301,534.801678,PDF page 19 / API page 13,point_type=uniform_sample
Figure 4,Be,soil_type=B,4.0,0.887339,spreadsheet_x,203.47,520.723567,PDF page 19 / API page 13,point_type=spreadsheet_x
Figure 4,Be,soil_type=B,4.157082,0.901104,uniform_sample,205.083271,518.492373,PDF page 19 / API page 13,point_type=uniform_sample
Figure 4,Be,soil_type=B,5.0,0.965123,spreadsheet_x,213.645,508.191661,PDF page 19 / API page 13,point_type=spreadsheet_x
Figure 4,Be,soil_type=B,5.154386,0.975344,uniform_sample,215.215881,506.547124,PDF page 19 / API page 13,point_type=uniform_sample
Figure 4,Be,soil_type=B,6.0,1.024676,spreadsheet_x,223.82,498.641697,PDF page 19 / API page 13,point_type=spreadsheet_x
Figure 4,Be,soil_type=B,6.151691,1.032364,uniform_sample,225.347171,497.414732,PDF page 19 / API page 13,point_type=uniform_sample
Figure 4,Be,soil_type=B,7.0,1.070074,spreadsheet_x,233.86,491.396237,PDF page 19 / API page 13,point_type=spreadsheet_x
Figure 4,Be,soil_type=B,7.148996,1.075859,uniform_sample,235.355916,490.472942,PDF page 19 / API page 13,point_type=uniform_sample
Figure 4,Be,soil_type=B,8.0,1.104811,spreadsheet_x,243.9,485.859359,PDF page 19 / API page 13,point_type=spreadsheet_x
Figure 4,Be,soil_type=B,8.1463,1.109147,uniform_sample,245.368855,485.17383,PDF page 19 / API page 13,point_type=uniform_sample
Figure 4,Be,soil_type=B,9.0,1.130942,spreadsheet_x,253.94,481.728083,PDF page 19 / API page 13,point_type=spreadsheet_x
Figure 4,Be,soil_type=B,9.143605,1.134053,uniform_sample,255.381794,481.236207,PDF page 19 / API page 13,point_type=uniform_sample
Figure 4,Be,soil_type=B,10.0,1.149598,spreadsheet_x,263.98,478.778572,PDF page 19 / API page 13,point_type=spreadsheet_x
Figure 4,Be,soil_type=B,10.14091,1.151733,uniform_sample,265.432492,478.44099,PDF page 19 / API page 13,point_type=uniform_sample
Figure 4,Be,soil_type=B,11.0,1.162014,spreadsheet_x,274.29,476.81558,PDF page 19 / API page 13,point_type=spreadsheet_x
Figure 4,Be,soil_type=B,11.138214,1.163256,uniform_sample,275.71499,476.619223,PDF page 19 / API page 13,point_type=uniform_sample
Figure 4,Be,soil_type=B,12.0,1.168501,spreadsheet_x,284.600075,475.78994,PDF page 19 / API page 13,point_type=spreadsheet_x
Figure 4,Be,soil_type=B,12.135519,1.168958,uniform_sample,285.99789,475.717677,PDF page 19 / API page 13,point_type=uniform_sample
Figure 4,Be,soil_type=B,13.0,1.169707,spreadsheet_x,294.915,475.59933,PDF page 19 / API page 13,point_type=spreadsheet_x
Figure 4,Be,soil_type=B,13.076104,1.16962,endpoint/control,295.700012,475.613007,PDF page 19 / API page 13,point_type=endpoint/control
Figure 4,Be,soil_type=B,13.132824,1.16962,uniform_sample,296.282344,475.613007,PDF page 19 / API page 13,point_type=uniform_sample
Figure 4,Be,soil_type=B,14.0,1.16962,spreadsheet_x,305.185509,475.613007,PDF page 19 / API page 13,point_type=spreadsheet_x
Figure 4,Be,soil_type=B,14.130128,1.16962,uniform_sample,306.521516,475.613007,PDF page 19 / API page 13,point_type=uniform_sample
Figure 4,Be,soil_type=B,15.0,1.16962,spreadsheet_x,315.405,475.613007,PDF page 19 / API page 13,point_type=spreadsheet_x
Figure 4,Be,soil_type=B,15.127433,1.16962,uniform_sample,316.70163,475.613007,PDF page 19 / API page 13,point_type=uniform_sample
Figure 4,Be,soil_type=B,16.0,1.16962,spreadsheet_x,325.58,475.613007,PDF page 19 / API page 13,point_type=spreadsheet_x
Figure 4,Be,soil_type=B,16.124738,1.16962,uniform_sample,326.849205,475.613007,PDF page 19 / API page 13,point_type=uniform_sample
Figure 4,Be,soil_type=B,17.0,1.16962,spreadsheet_x,335.755,475.613007,PDF page 19 / API page 13,point_type=spreadsheet_x
Figure 4,Be,soil_type=B,17.122042,1.16962,uniform_sample,336.996781,475.613007,PDF page 19 / API page 13,point_type=uniform_sample
Figure 4,Be,soil_type=B,18.0,1.16962,spreadsheet_x,345.97928,475.613007,PDF page 19 / API page 13,point_type=spreadsheet_x
Figure 4,Be,soil_type=B,18.119347,1.16962,uniform_sample,347.202367,475.613007,PDF page 19 / API page 13,point_type=uniform_sample
Figure 4,Be,soil_type=B,19.0,1.16962,spreadsheet_x,356.245,475.613007,PDF page 19 / API page 13,point_type=spreadsheet_x
Figure 4,Be,soil_type=B,19.116652,1.16962,uniform_sample,357.448262,475.613007,PDF page 19 / API page 13,point_type=uniform_sample
Figure 4,Be,soil_type=B,20.0,1.16962,spreadsheet_x,366.56,475.613007,PDF page 19 / API page 13,point_type=spreadsheet_x
Figure 4,Be,soil_type=B,20.113956,1.16962,uniform_sample,367.735459,475.613007,PDF page 19 / API page 13,point_type=uniform_sample
Figure 4,Be,soil_type=B,21.0,1.16962,spreadsheet_x,376.610736,475.613007,PDF page 19 / API page 13,point_type=spreadsheet_x
Figure 4,Be,soil_type=B,21.111261,1.16962,uniform_sample,377.724241,475.613007,PDF page 19 / API page 13,point_type=uniform_sample
Figure 4,Be,soil_type=B,22.0,1.16962,spreadsheet_x,386.67127,475.613007,PDF page 19 / API page 13,point_type=spreadsheet_x
Figure 4,Be,soil_type=B,22.108566,1.16962,uniform_sample,387.771492,475.613007,PDF page 19 / API page 13,point_type=uniform_sample
Figure 4,Be,soil_type=B,23.0,1.16962,spreadsheet_x,396.805431,475.613007,PDF page 19 / API page 13,point_type=spreadsheet_x
Figure 4,Be,soil_type=B,23.10587,1.16962,uniform_sample,397.882375,475.613007,PDF page 19 / API page 13,point_type=uniform_sample
Figure 4,Be,soil_type=B,24.0,1.16962,spreadsheet_x,406.981502,475.613007,PDF page 19 / API page 13,point_type=spreadsheet_x
Figure 4,Be,soil_type=B,24.103175,1.16962,uniform_sample,408.031464,475.613007,PDF page 19 / API page 13,point_type=uniform_sample
Figure 4,Be,soil_type=B,25.0,1.16962,spreadsheet_x,417.16,475.613007,PDF page 19 / API page 13,point_type=spreadsheet_x
Figure 4,Be,soil_type=B,25.10048,1.16962,uniform_sample,418.182883,475.613007,PDF page 19 / API page 13,point_type=uniform_sample
Figure 4,Be,soil_type=B,26.0,1.16962,spreadsheet_x,427.339336,475.613007,PDF page 19 / API page 13,point_type=spreadsheet_x
Figure 4,Be,soil_type=B,26.097784,1.16962,uniform_sample,428.334342,475.613007,PDF page 19 / API page 13,point_type=uniform_sample
Figure 4,Be,soil_type=B,27.0,1.16962,spreadsheet_x,437.514858,475.613007,PDF page 19 / API page 13,point_type=spreadsheet_x
Figure 4,Be,soil_type=B,27.095089,1.16962,uniform_sample,438.482438,475.613007,PDF page 19 / API page 13,point_type=uniform_sample
Figure 4,Be,soil_type=B,28.0,1.16962,spreadsheet_x,447.737609,475.613007,PDF page 19 / API page 13,point_type=spreadsheet_x
Figure 4,Be,soil_type=B,28.092394,1.16962,uniform_sample,448.683762,475.613007,PDF page 19 / API page 13,point_type=uniform_sample
Figure 4,Be,soil_type=B,29.0,1.16962,spreadsheet_x,458.0,475.613007,PDF page 19 / API page 13,point_type=spreadsheet_x
Figure 4,Be,soil_type=B,29.089698,1.16962,uniform_sample,458.92479,475.613007,PDF page 19 / API page 13,point_type=uniform_sample
Figure 4,Be,soil_type=B,30.0,1.16962,spreadsheet_x,468.31,475.613007,PDF page 19 / API page 13,point_type=spreadsheet_x
Figure 4,Be,soil_type=B,30.087003,1.16962,endpoint/control;uniform_sample,469.207001,475.613007,PDF page 19 / API page 13,point_type=endpoint/control;uniform_sample
Figure 5,Ee,Ee,1.000195,0.830142,endpoint/control;uniform_sample,155.994003,345.199005,PDF page 20 / API page 14,point_type=endpoint/control;uniform_sample
Figure 5,Ee,Ee,1.01015,0.845263,uniform_sample,166.400319,339.56502,PDF page 20 / API page 14,point_type=uniform_sample
Figure 5,Ee,Ee,1.020104,0.860556,uniform_sample,176.806638,333.866886,PDF page 20 / API page 14,point_type=uniform_sample
Figure 5,Ee,Ee,1.030058,0.876022,uniform_sample,187.212957,328.104287,PDF page 20 / API page 14,point_type=uniform_sample
Figure 5,Ee,Ee,1.040013,0.891662,uniform_sample,197.619277,322.276915,PDF page 20 / API page 14,point_type=uniform_sample
Figure 5,Ee,Ee,1.049967,0.907528,uniform_sample,208.025596,316.384466,PDF page 20 / API page 14,point_type=uniform_sample
Figure 5,Ee,Ee,1.05,0.907581,spreadsheet_x,208.06,316.364888,PDF page 20 / API page 14,point_type=spreadsheet_x
Figure 5,Ee,Ee,1.059921,0.924282,uniform_sample,218.850602,310.185794,PDF page 20 / API page 14,point_type=uniform_sample
Figure 5,Ee,Ee,1.069876,0.94123,uniform_sample,229.676996,303.915024,PDF page 20 / API page 14,point_type=uniform_sample
Figure 5,Ee,Ee,1.07983,0.958373,uniform_sample,240.503391,297.571809,PDF page 20 / API page 14,point_type=uniform_sample
Figure 5,Ee,Ee,1.089785,0.975711,uniform_sample,251.329785,291.157097,PDF page 20 / API page 14,point_type=uniform_sample
Figure 5,Ee,Ee,1.099739,0.993256,uniform_sample,262.164126,284.664876,PDF page 20 / API page 14,point_type=uniform_sample
Figure 5,Ee,Ee,1.1,0.993725,spreadsheet_x,262.452255,284.491057,PDF page 20 / API page 14,point_type=spreadsheet_x
Figure 5,Ee,Ee,1.109693,1.011372,uniform_sample,273.199696,277.976184,PDF page 20 / API page 14,point_type=uniform_sample
Figure 5,Ee,Ee,1.119648,1.02974,uniform_sample,284.249069,271.201969,PDF page 20 / API page 14,point_type=uniform_sample
Figure 5,Ee,Ee,1.129602,1.048319,uniform_sample,295.298442,264.350111,PDF page 20 / API page 14,point_type=uniform_sample
Figure 5,Ee,Ee,1.139557,1.067112,uniform_sample,306.347815,257.419162,PDF page 20 / API page 14,point_type=uniform_sample
Figure 5,Ee,Ee,1.149511,1.086124,uniform_sample,317.397188,250.407562,PDF page 20 / API page 14,point_type=uniform_sample
Figure 5,Ee,Ee,1.15,1.087064,spreadsheet_x,317.94,250.060828,PDF page 20 / API page 14,point_type=spreadsheet_x
Figure 5,Ee,Ee,1.159465,1.105487,uniform_sample,328.446561,243.314637,PDF page 20 / API page 14,point_type=uniform_sample
Figure 5,Ee,Ee,1.16,1.106553,annex_control_x,329.04,242.930965,PDF page 20 / API page 14,point_type=annex_control_x
Figure 5,Ee,Ee,1.16942,1.125421,uniform_sample,339.495934,236.138347,PDF page 20 / API page 14,point_type=uniform_sample
Figure 5,Ee,Ee,1.179374,1.14559,uniform_sample,350.545306,228.877663,PDF page 20 / API page 14,point_type=uniform_sample
Figure 5,Ee,Ee,1.189329,1.165998,uniform_sample,361.594679,221.530808,PDF page 20 / API page 14,point_type=uniform_sample
Figure 5,Ee,Ee,1.199283,1.186653,uniform_sample,372.644052,214.094782,PDF page 20 / API page 14,point_type=uniform_sample
Figure 5,Ee,Ee,1.2,1.188139,spreadsheet_x,373.433311,213.560088,PDF page 20 / API page 14,point_type=spreadsheet_x
Figure 5,Ee,Ee,1.209237,1.207094,uniform_sample,383.508679,206.69373,PDF page 20 / API page 14,point_type=uniform_sample
Figure 5,Ee,Ee,1.219192,1.227537,uniform_sample,394.358953,199.211342,PDF page 20 / API page 14,point_type=uniform_sample
Figure 5,Ee,Ee,1.229146,1.248241,uniform_sample,405.209238,191.63366,PDF page 20 / API page 14,point_type=uniform_sample
Figure 5,Ee,Ee,1.2391,1.269217,uniform_sample,416.059523,183.956656,PDF page 20 / API page 14,point_type=uniform_sample
Figure 5,Ee,Ee,1.249055,1.290481,uniform_sample,426.909808,176.173861,PDF page 20 / API page 14,point_type=uniform_sample
Figure 5,Ee,Ee,1.25,1.292515,spreadsheet_x,427.94,175.429407,PDF page 20 / API page 14,point_type=spreadsheet_x
Figure 5,Ee,Ee,1.259009,1.311157,uniform_sample,437.178095,168.704806,PDF page 20 / API page 14,point_type=uniform_sample
Figure 5,Ee,Ee,1.268964,1.33225,uniform_sample,447.385327,161.170135,PDF page 20 / API page 14,point_type=uniform_sample
Figure 5,Ee,Ee,1.278918,1.353687,uniform_sample,457.592558,153.512942,PDF page 20 / API page 14,point_type=uniform_sample
Figure 5,Ee,Ee,1.288872,1.375535,uniform_sample,467.79979,145.708958,PDF page 20 / API page 14,point_type=uniform_sample
Figure 5,Ee,Ee,1.298827,1.397981,endpoint/control;uniform_sample,478.007019,137.69101,PDF page 20 / API page 14,point_type=endpoint/control;uniform_sample
Figure 7,Fi,crossing=highway,0.05161,1.502573,endpoint/control;uniform_sample,302.949005,128.815002,PDF page 22 / API page 16,point_type=endpoint/control;uniform_sample | Graph plots Fi on the horizontal axis and depth on the vertical axis; CSV normalizes x as depth H.
Figure 7,Fi,crossing=highway,1.255348,1.502573,uniform_sample,302.949005,141.526477,PDF page 22 / API page 16,point_type=uniform_sample | Graph plots Fi on the horizontal axis and depth on the vertical axis; CSV normalizes x as depth H.
Figure 7,Fi,crossing=highway,2.459086,1.502573,uniform_sample,302.949005,154.237952,PDF page 22 / API page 16,point_type=uniform_sample | Graph plots Fi on the horizontal axis and depth on the vertical axis; CSV normalizes x as depth H.
Figure 7,Fi,crossing=highway,3.662825,1.502573,uniform_sample,302.949005,166.949427,PDF page 22 / API page 16,point_type=uniform_sample | Graph plots Fi on the horizontal axis and depth on the vertical axis; CSV normalizes x as depth H.
Figure 7,Fi,crossing=highway,4.866563,1.502573,uniform_sample,302.949005,179.658222,PDF page 22 / API page 16,point_type=uniform_sample | Graph plots Fi on the horizontal axis and depth on the vertical axis; CSV normalizes x as depth H.
Figure 7,Fi,crossing=highway,5.22,1.502573,spreadsheet_x,302.949005,183.367122,PDF page 22 / API page 16,point_type=spreadsheet_x | Graph plots Fi on the horizontal axis and depth on the vertical axis; CSV normalizes x as depth H.
Figure 7,Fi,crossing=highway,5.262871,1.502573,endpoint/control,302.949005,183.817001,PDF page 22 / API page 16,point_type=endpoint/control | Graph plots Fi on the horizontal axis and depth on the vertical axis; CSV normalizes x as depth H.
Figure 7,Fi,crossing=highway,6.0,1.480368,annex_control_x,298.210563,191.52,PDF page 22 / API page 16,point_type=annex_control_x | Graph plots Fi on the horizontal axis and depth on the vertical axis; CSV normalizes x as depth H.
Figure 7,Fi,crossing=highway,6.070301,1.47825,uniform_sample,297.758653,192.254644,PDF page 22 / API page 16,point_type=uniform_sample | Graph plots Fi on the horizontal axis and depth on the vertical axis; CSV normalizes x as depth H.
Figure 7,Fi,crossing=highway,7.274039,1.44199,uniform_sample,290.020736,204.833707,PDF page 22 / API page 16,point_type=uniform_sample | Graph plots Fi on the horizontal axis and depth on the vertical axis; CSV normalizes x as depth H.
Figure 7,Fi,crossing=highway,8.477777,1.40573,uniform_sample,282.28282,217.412771,PDF page 22 / API page 16,point_type=uniform_sample | Graph plots Fi on the horizontal axis and depth on the vertical axis; CSV normalizes x as depth H.
Figure 7,Fi,crossing=highway,9.681515,1.369424,uniform_sample,274.535019,230.007904,PDF page 22 / API page 16,point_type=uniform_sample | Graph plots Fi on the horizontal axis and depth on the vertical axis; CSV normalizes x as depth H.
Figure 7,Fi,crossing=highway,10.885253,1.332929,uniform_sample,266.747086,242.668276,PDF page 22 / API page 16,point_type=uniform_sample | Graph plots Fi on the horizontal axis and depth on the vertical axis; CSV normalizes x as depth H.
Figure 7,Fi,crossing=highway,12.088992,1.296287,uniform_sample,258.927717,255.379751,PDF page 22 / API page 16,point_type=uniform_sample | Graph plots Fi on the horizontal axis and depth on the vertical axis; CSV normalizes x as depth H.
Figure 7,Fi,crossing=highway,13.29273,1.259645,uniform_sample,251.108349,268.091226,PDF page 22 / API page 16,point_type=uniform_sample | Graph plots Fi on the horizontal axis and depth on the vertical axis; CSV normalizes x as depth H.
Figure 7,Fi,crossing=highway,14.496468,1.223009,uniform_sample,243.288981,280.802701,PDF page 22 / API page 16,point_type=uniform_sample | Graph plots Fi on the horizontal axis and depth on the vertical axis; CSV normalizes x as depth H.
Figure 7,Fi,crossing=highway,15.700206,1.185914,uniform_sample,235.371508,293.673658,PDF page 22 / API page 16,point_type=uniform_sample | Graph plots Fi on the horizontal axis and depth on the vertical axis; CSV normalizes x as depth H.
Figure 7,Fi,crossing=highway,16.903944,1.148532,uniform_sample,227.392581,306.644518,PDF page 22 / API page 16,point_type=uniform_sample | Graph plots Fi on the horizontal axis and depth on the vertical axis; CSV normalizes x as depth H.
Figure 7,Fi,crossing=highway,18.107682,1.111133,uniform_sample,219.41031,319.620816,PDF page 22 / API page 16,point_type=uniform_sample | Graph plots Fi on the horizontal axis and depth on the vertical axis; CSV normalizes x as depth H.
Figure 7,Fi,crossing=highway,19.31142,1.073787,uniform_sample,211.439011,332.579275,PDF page 22 / API page 16,point_type=uniform_sample | Graph plots Fi on the horizontal axis and depth on the vertical axis; CSV normalizes x as depth H.
Figure 7,Fi,crossing=highway,20.515159,1.036661,uniform_sample,203.514849,345.461105,PDF page 22 / API page 16,point_type=uniform_sample | Graph plots Fi on the horizontal axis and depth on the vertical axis; CSV normalizes x as depth H.
Figure 7,Fi,crossing=highway,21.62,1.003029,spreadsheet_x,196.336546,357.13044,PDF page 22 / API page 16,point_type=spreadsheet_x | Graph plots Fi on the horizontal axis and depth on the vertical axis; CSV normalizes x as depth H.
Figure 7,Fi,crossing=highway,21.718897,1.000019,endpoint/control;uniform_sample,195.694,358.174988,PDF page 22 / API page 16,point_type=endpoint/control;uniform_sample | Graph plots Fi on the horizontal axis and depth on the vertical axis; CSV normalizes x as depth H.
Figure 7,Fi,crossing=railroad,0.0,1.750005,endpoint/control;spreadsheet_x;uniform_sample,354.100983,128.265015,PDF page 22 / API page 16,point_type=endpoint/control;spreadsheet_x;uniform_sample | Graph plots Fi on the horizontal axis and depth on the vertical axis; CSV normalizes x as depth H.
Figure 7,Fi,crossing=railroad,1.666657,1.750005,uniform_sample,354.100983,145.869893,PDF page 22 / API page 16,point_type=uniform_sample | Graph plots Fi on the horizontal axis and depth on the vertical axis; CSV normalizes x as depth H.
Figure 7,Fi,crossing=railroad,3.333313,1.750005,uniform_sample,354.100983,163.469786,PDF page 22 / API page 16,point_type=uniform_sample | Graph plots Fi on the horizontal axis and depth on the vertical axis; CSV normalizes x as depth H.
Figure 7,Fi,crossing=railroad,4.99997,1.750005,uniform_sample,354.100983,181.059526,PDF page 22 / API page 16,point_type=uniform_sample | Graph plots Fi on the horizontal axis and depth on the vertical axis; CSV normalizes x as depth H.
Figure 7,Fi,crossing=railroad,5.22,1.750005,spreadsheet_x,354.100983,183.365926,PDF page 22 / API page 16,point_type=spreadsheet_x | Graph plots Fi on the horizontal axis and depth on the vertical axis; CSV normalizes x as depth H.
Figure 7,Fi,crossing=railroad,5.315504,1.750005,endpoint/control,354.100983,184.36702,PDF page 22 / API page 16,point_type=endpoint/control | Graph plots Fi on the horizontal axis and depth on the vertical axis; CSV normalizes x as depth H.
Figure 7,Fi,crossing=railroad,6.666626,1.708868,uniform_sample,345.593983,198.486243,PDF page 22 / API page 16,point_type=uniform_sample | Graph plots Fi on the horizontal axis and depth on the vertical axis; CSV normalizes x as depth H.
Figure 7,Fi,crossing=railroad,8.333283,1.658125,uniform_sample,335.100298,215.902804,PDF page 22 / API page 16,point_type=uniform_sample | Graph plots Fi on the horizontal axis and depth on the vertical axis; CSV normalizes x as depth H.
Figure 7,Fi,crossing=railroad,9.999939,1.607262,uniform_sample,324.581745,233.360639,PDF page 22 / API page 16,point_type=uniform_sample | Graph plots Fi on the horizontal axis and depth on the vertical axis; CSV normalizes x as depth H.
Figure 7,Fi,crossing=railroad,11.666596,1.556111,uniform_sample,314.002472,250.919252,PDF page 22 / API page 16,point_type=uniform_sample | Graph plots Fi on the horizontal axis and depth on the vertical axis; CSV normalizes x as depth H.
Figure 7,Fi,crossing=railroad,13.333252,1.504966,uniform_sample,303.398328,268.519145,PDF page 22 / API page 16,point_type=uniform_sample | Graph plots Fi on the horizontal axis and depth on the vertical axis; CSV normalizes x as depth H.
Figure 7,Fi,crossing=railroad,14.999909,1.454695,uniform_sample,292.731995,286.222252,PDF page 22 / API page 16,point_type=uniform_sample | Graph plots Fi on the horizontal axis and depth on the vertical axis; CSV normalizes x as depth H.
Figure 7,Fi,crossing=railroad,16.666565,1.40426,uniform_sample,281.969131,304.085575,PDF page 22 / API page 16,point_type=uniform_sample | Graph plots Fi on the horizontal axis and depth on the vertical axis; CSV normalizes x as depth H.
Figure 7,Fi,crossing=railroad,18.333222,1.353534,uniform_sample,271.144067,322.052133,PDF page 22 / API page 16,point_type=uniform_sample | Graph plots Fi on the horizontal axis and depth on the vertical axis; CSV normalizes x as depth H.
Figure 7,Fi,crossing=railroad,19.999878,1.302924,uniform_sample,260.34401,339.977185,PDF page 22 / API page 16,point_type=uniform_sample | Graph plots Fi on the horizontal axis and depth on the vertical axis; CSV normalizes x as depth H.
Figure 7,Fi,crossing=railroad,21.666535,1.253119,uniform_sample,249.715408,357.61767,PDF page 22 / API page 16,point_type=uniform_sample | Graph plots Fi on the horizontal axis and depth on the vertical axis; CSV normalizes x as depth H.
Figure 7,Fi,crossing=railroad,23.333192,1.203414,uniform_sample,239.10668,375.225169,PDF page 22 / API page 16,point_type=uniform_sample | Graph plots Fi on the horizontal axis and depth on the vertical axis; CSV normalizes x as depth H.
Figure 7,Fi,crossing=railroad,24.999848,1.15325,uniform_sample,228.399758,392.995644,PDF page 22 / API page 16,point_type=uniform_sample | Graph plots Fi on the horizontal axis and depth on the vertical axis; CSV normalizes x as depth H.
Figure 7,Fi,crossing=railroad,26.666505,1.102488,uniform_sample,217.565033,410.978236,PDF page 22 / API page 16,point_type=uniform_sample | Graph plots Fi on the horizontal axis and depth on the vertical axis; CSV normalizes x as depth H.
Figure 7,Fi,crossing=railroad,28.333161,1.051253,uniform_sample,206.629509,429.128125,PDF page 22 / API page 16,point_type=uniform_sample | Graph plots Fi on the horizontal axis and depth on the vertical axis; CSV normalizes x as depth H.
Figure 7,Fi,crossing=railroad,29.999818,1.000019,endpoint/control;uniform_sample,195.693985,447.278015,PDF page 22 / API page 16,point_type=endpoint/control;uniform_sample | Graph plots Fi on the horizontal axis and depth on the vertical axis; CSV normalizes x as depth H.
Figure 8,KHr,Er_ksi=10,0.010295,314.259377,endpoint/control;uniform_sample,202.746002,180.366028,PDF page 23 / API page 17,point_type=endpoint/control;uniform_sample
Figure 8,KHr,Er_ksi=10,0.01058,318.155391,spreadsheet_x,203.86112,178.840349,PDF page 23 / API page 17,point_type=spreadsheet_x
Figure 8,KHr,Er_ksi=10,0.012619,333.900217,uniform_sample,211.739198,172.674675,PDF page 23 / API page 17,point_type=uniform_sample
Figure 8,KHr,Er_ksi=10,0.01296,335.210127,spreadsheet_x,213.05744,172.161714,PDF page 23 / API page 17,point_type=spreadsheet_x
Figure 8,KHr,Er_ksi=10,0.01444,338.118192,spreadsheet_x,218.77616,171.022916,PDF page 23 / API page 17,point_type=spreadsheet_x
Figure 8,KHr,Er_ksi=10,0.014942,338.282945,uniform_sample,220.717086,170.958399,PDF page 23 / API page 17,point_type=uniform_sample
Figure 8,KHr,Er_ksi=10,0.017266,335.181616,uniform_sample,229.577115,172.172879,PDF page 23 / API page 17,point_type=uniform_sample
Figure 8,KHr,Er_ksi=10,0.01867,330.918906,spreadsheet_x,234.93004,173.842157,PDF page 23 / API page 17,point_type=spreadsheet_x
Figure 8,KHr,Er_ksi=10,0.019589,327.365192,uniform_sample,238.434145,175.233791,PDF page 23 / API page 17,point_type=uniform_sample
Figure 8,KHr,Er_ksi=10,0.02,325.604485,annex_control_x,240.0,175.923284,PDF page 23 / API page 17,point_type=annex_control_x
Figure 8,KHr,Er_ksi=10,0.021913,315.286097,uniform_sample,247.891759,179.963964,PDF page 23 / API page 17,point_type=uniform_sample
Figure 8,KHr,Er_ksi=10,0.024236,299.99673,uniform_sample,257.478355,185.951281,PDF page 23 / API page 17,point_type=uniform_sample
Figure 8,KHr,Er_ksi=10,0.02526,292.676078,spreadsheet_x,261.677446,188.894217,PDF page 23 / API page 17,point_type=spreadsheet_x
Figure 8,KHr,Er_ksi=10,0.02656,283.580359,uniform_sample,266.575233,192.550696,PDF page 23 / API page 17,point_type=uniform_sample
Figure 8,KHr,Er_ksi=10,0.028883,265.691643,uniform_sample,275.432263,199.74196,PDF page 23 / API page 17,point_type=uniform_sample
Figure 8,KHr,Er_ksi=10,0.031207,245.188487,uniform_sample,284.477511,207.884149,PDF page 23 / API page 17,point_type=uniform_sample
Figure 8,KHr,Er_ksi=10,0.031527,241.954304,endpoint/control,285.748977,209.117019,PDF page 23 / API page 17,point_type=endpoint/control
Figure 8,KHr,Er_ksi=10,0.03353,222.311513,uniform_sample,293.697,216.604851,PDF page 23 / API page 17,point_type=uniform_sample
Figure 8,KHr,Er_ksi=10,0.03515,208.929562,spreadsheet_x,300.1252,221.706051,PDF page 23 / API page 17,point_type=spreadsheet_x
Figure 8,KHr,Er_ksi=10,0.035853,203.855668,uniform_sample,302.783351,223.640219,PDF page 23 / API page 17,point_type=uniform_sample
Figure 8,KHr,Er_ksi=10,0.038177,188.406299,uniform_sample,311.640381,229.529519,PDF page 23 / API page 17,point_type=uniform_sample
Figure 8,KHr,Er_ksi=10,0.0405,174.477348,uniform_sample,320.638802,234.839235,PDF page 23 / API page 17,point_type=uniform_sample
Figure 8,KHr,Er_ksi=10,0.04258,162.414977,spreadsheet_x,329.23508,239.437411,PDF page 23 / API page 17,point_type=spreadsheet_x
Figure 8,KHr,Er_ksi=10,0.042824,161.070953,uniform_sample,330.241164,239.949753,PDF page 23 / API page 17,point_type=uniform_sample
Figure 8,KHr,Er_ksi=10,0.045147,148.849679,uniform_sample,339.82776,244.608502,PDF page 23 / API page 17,point_type=uniform_sample
Figure 8,KHr,Er_ksi=10,0.047471,139.05479,uniform_sample,348.638537,248.572164,PDF page 23 / API page 17,point_type=uniform_sample
Figure 8,KHr,Er_ksi=10,0.049794,129.782772,uniform_sample,357.495567,252.301369,PDF page 23 / API page 17,point_type=uniform_sample
Figure 8,KHr,Er_ksi=10,0.05015,128.412578,spreadsheet_x,358.8518,252.852461,PDF page 23 / API page 17,point_type=spreadsheet_x
Figure 8,KHr,Er_ksi=10,0.052118,121.060824,uniform_sample,366.352596,255.809337,PDF page 23 / API page 17,point_type=uniform_sample
Figure 8,KHr,Er_ksi=10,0.054441,112.818934,uniform_sample,375.209626,259.124225,PDF page 23 / API page 17,point_type=uniform_sample
Figure 8,KHr,Er_ksi=10,0.056765,105.002795,uniform_sample,384.066655,262.267876,PDF page 23 / API page 17,point_type=uniform_sample
Figure 8,KHr,Er_ksi=10,0.059088,97.570829,uniform_sample,392.923685,265.257013,PDF page 23 / API page 17,point_type=uniform_sample
Figure 8,KHr,Er_ksi=10,0.061412,89.47989,uniform_sample,402.367907,268.290266,PDF page 23 / API page 17,point_type=uniform_sample
Figure 8,KHr,Er_ksi=10,0.063735,81.608671,uniform_sample,412.191495,271.290775,PDF page 23 / API page 17,point_type=uniform_sample
Figure 8,KHr,Er_ksi=10,0.06518,76.916237,spreadsheet_x,418.291329,273.07953,PDF page 23 / API page 17,point_type=spreadsheet_x
Figure 8,KHr,Er_ksi=10,0.066058,74.45022,uniform_sample,421.574773,274.019576,PDF page 23 / API page 17,point_type=uniform_sample
Figure 8,KHr,Er_ksi=10,0.068382,67.995287,uniform_sample,430.431841,276.480196,PDF page 23 / API page 17,point_type=uniform_sample
Figure 8,KHr,Er_ksi=10,0.070705,61.720847,uniform_sample,439.436998,278.872013,PDF page 23 / API page 17,point_type=uniform_sample
Figure 8,KHr,Er_ksi=10,0.073029,55.509576,uniform_sample,448.781954,281.239749,PDF page 23 / API page 17,point_type=uniform_sample
Figure 8,KHr,Er_ksi=10,0.075352,49.627605,uniform_sample,458.090636,283.481957,PDF page 23 / API page 17,point_type=uniform_sample
Figure 8,KHr,Er_ksi=10,0.077676,44.782629,uniform_sample,466.904607,285.491644,PDF page 23 / API page 17,point_type=uniform_sample
Figure 8,KHr,Er_ksi=10,0.079999,40.227872,endpoint/control;uniform_sample,475.756989,287.370026,PDF page 23 / API page 17,point_type=endpoint/control;uniform_sample
Figure 8,KHr,Er_ksi=20,0.010295,193.420826,endpoint/control;uniform_sample,202.746002,227.617981,PDF page 23 / API page 17,point_type=endpoint/control;uniform_sample
Figure 8,KHr,Er_ksi=20,0.01058,199.165341,spreadsheet_x,203.86112,225.428172,PDF page 23 / API page 17,point_type=spreadsheet_x
Figure 8,KHr,Er_ksi=20,0.012619,223.726395,uniform_sample,211.739198,216.065498,PDF page 23 / API page 17,point_type=uniform_sample
Figure 8,KHr,Er_ksi=20,0.01296,226.256597,spreadsheet_x,213.05744,215.100985,PDF page 23 / API page 17,point_type=spreadsheet_x
Figure 8,KHr,Er_ksi=20,0.01444,234.262463,spreadsheet_x,218.77616,212.049149,PDF page 23 / API page 17,point_type=spreadsheet_x
Figure 8,KHr,Er_ksi=20,0.014942,236.120276,uniform_sample,220.717086,211.340951,PDF page 23 / API page 17,point_type=uniform_sample
Figure 8,KHr,Er_ksi=20,0.017266,240.689579,uniform_sample,229.577115,209.599132,PDF page 23 / API page 17,point_type=uniform_sample
Figure 8,KHr,Er_ksi=20,0.01867,241.067125,spreadsheet_x,234.93004,209.455212,PDF page 23 / API page 17,point_type=spreadsheet_x
Figure 8,KHr,Er_ksi=20,0.019589,240.551174,uniform_sample,238.434145,209.651893,PDF page 23 / API page 17,point_type=uniform_sample
Figure 8,KHr,Er_ksi=20,0.021913,236.628582,uniform_sample,247.891759,211.147185,PDF page 23 / API page 17,point_type=uniform_sample
Figure 8,KHr,Er_ksi=20,0.024236,229.301573,uniform_sample,257.478355,213.94024,PDF page 23 / API page 17,point_type=uniform_sample
Figure 8,KHr,Er_ksi=20,0.024968,226.212033,endpoint/control,260.497968,215.117973,PDF page 23 / API page 17,point_type=endpoint/control
Figure 8,KHr,Er_ksi=20,0.02526,224.684293,spreadsheet_x,261.616821,215.700348,PDF page 23 / API page 17,point_type=spreadsheet_x
Figure 8,KHr,Er_ksi=20,0.02656,217.989972,uniform_sample,266.575233,218.252223,PDF page 23 / API page 17,point_type=uniform_sample
Figure 8,KHr,Er_ksi=20,0.028883,206.391307,uniform_sample,275.432263,222.673634,PDF page 23 / API page 17,point_type=uniform_sample
Figure 8,KHr,Er_ksi=20,0.031207,194.988627,uniform_sample,284.477511,227.020335,PDF page 23 / API page 17,point_type=uniform_sample
Figure 8,KHr,Er_ksi=20,0.03353,183.801008,uniform_sample,293.697,231.285056,PDF page 23 / API page 17,point_type=uniform_sample
Figure 8,KHr,Er_ksi=20,0.03515,176.27098,spreadsheet_x,300.106398,234.155503,PDF page 23 / API page 17,point_type=spreadsheet_x
Figure 8,KHr,Er_ksi=20,0.035853,173.183685,uniform_sample,302.783351,235.332379,PDF page 23 / API page 17,point_type=uniform_sample
Figure 8,KHr,Er_ksi=20,0.038177,163.199317,uniform_sample,311.640381,239.13842,PDF page 23 / API page 17,point_type=uniform_sample
Figure 8,KHr,Er_ksi=20,0.0405,153.401401,uniform_sample,320.647182,242.873386,PDF page 23 / API page 17,point_type=uniform_sample
Figure 8,KHr,Er_ksi=20,0.04258,144.67065,spreadsheet_x,329.23508,246.313465,PDF page 23 / API page 17,point_type=spreadsheet_x
Figure 8,KHr,Er_ksi=20,0.042824,143.686719,uniform_sample,330.241164,246.709202,PDF page 23 / API page 17,point_type=uniform_sample
Figure 8,KHr,Er_ksi=20,0.045147,134.506174,uniform_sample,339.82776,250.401617,PDF page 23 / API page 17,point_type=uniform_sample
Figure 8,KHr,Er_ksi=20,0.047471,126.365303,uniform_sample,348.638537,253.675875,PDF page 23 / API page 17,point_type=uniform_sample
Figure 8,KHr,Er_ksi=20,0.049794,118.455607,uniform_sample,357.495567,256.857155,PDF page 23 / API page 17,point_type=uniform_sample
Figure 8,KHr,Er_ksi=20,0.05015,117.267747,spreadsheet_x,358.8518,257.334912,PDF page 23 / API page 17,point_type=spreadsheet_x
Figure 8,KHr,Er_ksi=20,0.052118,110.812222,uniform_sample,366.352596,259.931324,PDF page 23 / API page 17,point_type=uniform_sample
Figure 8,KHr,Er_ksi=20,0.054441,103.427522,uniform_sample,375.209626,262.901451,PDF page 23 / API page 17,point_type=uniform_sample
Figure 8,KHr,Er_ksi=20,0.056765,96.149051,uniform_sample,384.066655,265.770307,PDF page 23 / API page 17,point_type=uniform_sample
Figure 8,KHr,Er_ksi=20,0.059088,88.823707,uniform_sample,392.923685,268.540403,PDF page 23 / API page 17,point_type=uniform_sample
Figure 8,KHr,Er_ksi=20,0.061412,81.35756,uniform_sample,402.367907,271.386498,PDF page 23 / API page 17,point_type=uniform_sample
Figure 8,KHr,Er_ksi=20,0.063735,73.895227,uniform_sample,412.191495,274.23114,PDF page 23 / API page 17,point_type=uniform_sample
Figure 8,KHr,Er_ksi=20,0.06518,69.460414,spreadsheet_x,418.230621,275.92169,PDF page 23 / API page 17,point_type=spreadsheet_x
Figure 8,KHr,Er_ksi=20,0.066058,67.054379,uniform_sample,421.574773,276.838871,PDF page 23 / API page 17,point_type=uniform_sample
Figure 8,KHr,Er_ksi=20,0.068382,60.855896,uniform_sample,430.431841,279.201732,PDF page 23 / API page 17,point_type=uniform_sample
Figure 8,KHr,Er_ksi=20,0.070705,54.814892,uniform_sample,439.436998,281.504563,PDF page 23 / API page 17,point_type=uniform_sample
Figure 8,KHr,Er_ksi=20,0.073029,48.833132,uniform_sample,448.781954,283.78481,PDF page 23 / API page 17,point_type=uniform_sample
Figure 8,KHr,Er_ksi=20,0.075352,43.706001,uniform_sample,458.079671,285.935645,PDF page 23 / API page 17,point_type=uniform_sample
Figure 8,KHr,Er_ksi=20,0.077676,39.051172,uniform_sample,466.904607,287.855297,PDF page 23 / API page 17,point_type=uniform_sample
Figure 8,KHr,Er_ksi=20,0.079999,34.772078,endpoint/control;uniform_sample,475.756989,289.619995,PDF page 23 / API page 17,point_type=endpoint/control;uniform_sample
Figure 8,KHr,Er_ksi=5,0.010421,454.688423,endpoint/control;uniform_sample,203.246002,125.364014,PDF page 23 / API page 17,point_type=endpoint/control;uniform_sample
Figure 8,KHr,Er_ksi=5,0.01058,457.128641,spreadsheet_x,203.86112,124.408424,PDF page 23 / API page 17,point_type=spreadsheet_x
Figure 8,KHr,Er_ksi=5,0.01274,473.219184,uniform_sample,212.207708,118.107368,PDF page 23 / API page 17,point_type=uniform_sample
Figure 8,KHr,Er_ksi=5,0.01296,473.659291,spreadsheet_x,213.05744,117.935022,PDF page 23 / API page 17,point_type=spreadsheet_x
Figure 8,KHr,Er_ksi=5,0.01444,473.137377,spreadsheet_x,218.77616,118.139403,PDF page 23 / API page 17,point_type=spreadsheet_x
Figure 8,KHr,Er_ksi=5,0.015059,471.448537,uniform_sample,221.169406,118.800753,PDF page 23 / API page 17,point_type=uniform_sample
Figure 8,KHr,Er_ksi=5,0.017379,459.809813,uniform_sample,230.007414,123.358477,PDF page 23 / API page 17,point_type=uniform_sample
Figure 8,KHr,Er_ksi=5,0.01867,450.464264,spreadsheet_x,234.93004,127.018194,PDF page 23 / API page 17,point_type=spreadsheet_x
Figure 8,KHr,Er_ksi=5,0.019698,441.877876,uniform_sample,238.848509,130.380624,PDF page 23 / API page 17,point_type=uniform_sample
Figure 8,KHr,Er_ksi=5,0.022017,417.646293,uniform_sample,248.323008,139.869712,PDF page 23 / API page 17,point_type=uniform_sample
Figure 8,KHr,Er_ksi=5,0.024336,389.088066,uniform_sample,257.892358,151.055296,PDF page 23 / API page 17,point_type=uniform_sample
Figure 8,KHr,Er_ksi=5,0.02526,376.743824,spreadsheet_x,261.70276,155.89177,PDF page 23 / API page 17,point_type=spreadsheet_x
Figure 8,KHr,Er_ksi=5,0.026656,358.944029,uniform_sample,266.941795,162.86573,PDF page 23 / API page 17,point_type=uniform_sample
Figure 8,KHr,Er_ksi=5,0.028975,326.80298,uniform_sample,275.782891,175.453953,PDF page 23 / API page 17,point_type=uniform_sample
Figure 8,KHr,Er_ksi=5,0.03096,296.383994,endpoint/control,283.499002,187.366028,PDF page 23 / API page 17,point_type=endpoint/control
Figure 8,KHr,Er_ksi=5,0.031294,289.573284,uniform_sample,284.825901,190.14154,PDF page 23 / API page 17,point_type=uniform_sample
Figure 8,KHr,Er_ksi=5,0.033614,255.533459,uniform_sample,294.028804,203.825549,PDF page 23 / API page 17,point_type=uniform_sample
Figure 8,KHr,Er_ksi=5,0.03515,238.558487,spreadsheet_x,300.1252,210.411505,PDF page 23 / API page 17,point_type=spreadsheet_x
Figure 8,KHr,Er_ksi=5,0.035933,231.162183,uniform_sample,303.086177,213.230976,PDF page 23 / API page 17,point_type=uniform_sample
Figure 8,KHr,Er_ksi=5,0.038252,211.656703,uniform_sample,311.927272,220.666465,PDF page 23 / API page 17,point_type=uniform_sample
Figure 8,KHr,Er_ksi=5,0.040571,194.615559,uniform_sample,320.947803,227.162549,PDF page 23 / API page 17,point_type=uniform_sample
Figure 8,KHr,Er_ksi=5,0.04258,180.734442,spreadsheet_x,329.23508,232.454031,PDF page 23 / API page 17,point_type=spreadsheet_x
Figure 8,KHr,Er_ksi=5,0.042891,178.708496,uniform_sample,330.517152,233.226321,PDF page 23 / API page 17,point_type=uniform_sample
Figure 8,KHr,Er_ksi=5,0.04521,164.542972,uniform_sample,340.033606,238.626219,PDF page 23 / API page 17,point_type=uniform_sample
Figure 8,KHr,Er_ksi=5,0.047529,152.549173,uniform_sample,348.861653,243.198255,PDF page 23 / API page 17,point_type=uniform_sample
Figure 8,KHr,Er_ksi=5,0.049849,141.895711,uniform_sample,357.702749,247.429545,PDF page 23 / API page 17,point_type=uniform_sample
Figure 8,KHr,Er_ksi=5,0.05015,140.581426,spreadsheet_x,358.8518,247.95815,PDF page 23 / API page 17,point_type=spreadsheet_x
Figure 8,KHr,Er_ksi=5,0.052168,132.100401,uniform_sample,366.543844,251.369219,PDF page 23 / API page 17,point_type=uniform_sample
Figure 8,KHr,Er_ksi=5,0.054487,122.929523,uniform_sample,375.38494,255.057746,PDF page 23 / API page 17,point_type=uniform_sample
Figure 8,KHr,Er_ksi=5,0.056806,114.310043,uniform_sample,384.226035,258.524501,PDF page 23 / API page 17,point_type=uniform_sample
Figure 8,KHr,Er_ksi=5,0.059126,106.17926,uniform_sample,393.06713,261.794702,PDF page 23 / API page 17,point_type=uniform_sample
Figure 8,KHr,Er_ksi=5,0.061445,97.980019,uniform_sample,402.509333,265.092436,PDF page 23 / API page 17,point_type=uniform_sample
Figure 8,KHr,Er_ksi=5,0.063764,89.395078,uniform_sample,412.315249,268.322596,PDF page 23 / API page 17,point_type=uniform_sample
Figure 8,KHr,Er_ksi=5,0.06518,84.483888,spreadsheet_x,418.269875,270.194742,PDF page 23 / API page 17,point_type=spreadsheet_x
Figure 8,KHr,Er_ksi=5,0.066084,81.756073,uniform_sample,421.670416,271.234585,PDF page 23 / API page 17,point_type=uniform_sample
Figure 8,KHr,Er_ksi=5,0.068403,74.910607,uniform_sample,430.511512,273.844077,PDF page 23 / API page 17,point_type=uniform_sample
Figure 8,KHr,Er_ksi=5,0.070722,68.3023,uniform_sample,439.504246,276.363163,PDF page 23 / API page 17,point_type=uniform_sample
Figure 8,KHr,Er_ksi=5,0.073041,61.814859,uniform_sample,448.83239,278.836176,PDF page 23 / API page 17,point_type=uniform_sample
Figure 8,KHr,Er_ksi=5,0.075361,55.736877,uniform_sample,458.104645,281.153103,PDF page 23 / API page 17,point_type=uniform_sample
Figure 8,KHr,Er_ksi=5,0.07768,50.318759,uniform_sample,466.920533,283.218489,PDF page 23 / API page 17,point_type=uniform_sample
Figure 8,KHr,Er_ksi=5,0.079999,45.683814,endpoint/control;uniform_sample,475.756989,285.119995,PDF page 23 / API page 17,point_type=endpoint/control;uniform_sample
Figure 9,GHr,H_ft=10,2.188008,0.676368,endpoint/control;uniform_sample,186.369995,249.244019,PDF page 24 / API page 18,point_type=endpoint/control;uniform_sample
Figure 9,GHr,H_ft=10,3.515075,0.710808,uniform_sample,196.114592,243.376716,PDF page 24 / API page 18,point_type=uniform_sample
Figure 9,GHr,H_ft=10,4.0,0.717101,spreadsheet_x,199.64,242.304636,PDF page 24 / API page 18,point_type=spreadsheet_x
Figure 9,GHr,H_ft=10,4.842141,0.723505,uniform_sample,205.543408,241.213651,PDF page 24 / API page 18,point_type=uniform_sample
Figure 9,GHr,H_ft=10,6.0,0.726261,spreadsheet_x,213.66,240.744185,PDF page 24 / API page 18,point_type=spreadsheet_x
Figure 9,GHr,H_ft=10,6.169207,0.726204,uniform_sample,214.846143,240.753935,PDF page 24 / API page 18,point_type=uniform_sample
Figure 9,GHr,H_ft=10,7.496274,0.722225,uniform_sample,224.545391,241.431736,PDF page 24 / API page 18,point_type=uniform_sample
Figure 9,GHr,H_ft=10,8.0,0.719288,spreadsheet_x,228.21,241.932077,PDF page 24 / API page 18,point_type=spreadsheet_x
Figure 9,GHr,H_ft=10,8.82334,0.712976,uniform_sample,234.195683,243.007367,PDF page 24 / API page 18,point_type=uniform_sample
Figure 9,GHr,H_ft=10,9.810453,0.702782,endpoint/control,241.371994,244.744019,PDF page 24 / API page 18,point_type=endpoint/control
Figure 9,GHr,H_ft=10,10.0,0.700518,spreadsheet_x,242.75,245.129693,PDF page 24 / API page 18,point_type=spreadsheet_x
Figure 9,GHr,H_ft=10,10.150407,0.698779,uniform_sample,243.814795,245.425984,PDF page 24 / API page 18,point_type=uniform_sample
Figure 9,GHr,H_ft=10,11.477473,0.683986,uniform_sample,253.114473,247.946204,PDF page 24 / API page 18,point_type=uniform_sample
Figure 9,GHr,H_ft=10,12.0,0.67834,spreadsheet_x,256.78,248.907956,PDF page 24 / API page 18,point_type=spreadsheet_x
Figure 9,GHr,H_ft=10,12.804539,0.669532,uniform_sample,262.629001,250.408494,PDF page 24 / API page 18,point_type=uniform_sample
Figure 9,GHr,H_ft=10,14.131606,0.6555,uniform_sample,272.276774,252.799037,PDF page 24 / API page 18,point_type=uniform_sample
Figure 9,GHr,H_ft=10,15.458672,0.642029,uniform_sample,281.924546,255.093945,PDF page 24 / API page 18,point_type=uniform_sample
Figure 9,GHr,H_ft=10,16.785739,0.629598,uniform_sample,291.167664,257.211616,PDF page 24 / API page 18,point_type=uniform_sample
Figure 9,GHr,H_ft=10,18.0,0.618924,spreadsheet_x,299.37,259.030129,PDF page 24 / API page 18,point_type=spreadsheet_x
Figure 9,GHr,H_ft=10,18.112805,0.617946,uniform_sample,300.131997,259.196646,PDF page 24 / API page 18,point_type=uniform_sample
Figure 9,GHr,H_ft=10,19.439871,0.605746,uniform_sample,309.837864,261.275068,PDF page 24 / API page 18,point_type=uniform_sample
Figure 9,GHr,H_ft=10,20.766938,0.594012,uniform_sample,319.485637,263.274038,PDF page 24 / API page 18,point_type=uniform_sample
Figure 9,GHr,H_ft=10,22.094004,0.582642,uniform_sample,329.13341,265.21111,PDF page 24 / API page 18,point_type=uniform_sample
Figure 9,GHr,H_ft=10,23.42107,0.571602,uniform_sample,338.788288,267.091812,PDF page 24 / API page 18,point_type=uniform_sample
Figure 9,GHr,H_ft=10,24.0,0.566887,spreadsheet_x,343.0,267.895192,PDF page 24 / API page 18,point_type=spreadsheet_x
Figure 9,GHr,H_ft=10,24.748137,0.561099,uniform_sample,348.244439,268.881163,PDF page 24 / API page 18,point_type=uniform_sample
Figure 9,GHr,H_ft=10,26.075203,0.551048,uniform_sample,357.547175,270.593538,PDF page 24 / API page 18,point_type=uniform_sample
Figure 9,GHr,H_ft=10,27.40227,0.540875,uniform_sample,367.221512,272.326571,PDF page 24 / API page 18,point_type=uniform_sample
Figure 9,GHr,H_ft=10,28.729336,0.531055,uniform_sample,376.817573,273.999551,PDF page 24 / API page 18,point_type=uniform_sample
Figure 9,GHr,H_ft=10,30.056402,0.521539,uniform_sample,386.365816,275.620548,PDF page 24 / API page 18,point_type=uniform_sample
Figure 9,GHr,H_ft=10,31.383469,0.512414,uniform_sample,395.761877,277.175104,PDF page 24 / API page 18,point_type=uniform_sample
Figure 9,GHr,H_ft=10,32.710535,0.50339,uniform_sample,405.299144,278.712515,PDF page 24 / API page 18,point_type=uniform_sample
Figure 9,GHr,H_ft=10,34.0,0.49474,spreadsheet_x,414.68,280.186134,PDF page 24 / API page 18,point_type=spreadsheet_x
Figure 9,GHr,H_ft=10,34.037602,0.49449,uniform_sample,414.953552,280.228599,PDF page 24 / API page 18,point_type=uniform_sample
Figure 9,GHr,H_ft=10,35.364668,0.486004,uniform_sample,424.601137,281.703418,PDF page 24 / API page 18,point_type=uniform_sample
Figure 9,GHr,H_ft=10,36.691734,0.477683,uniform_sample,434.248909,283.138349,PDF page 24 / API page 18,point_type=uniform_sample
Figure 9,GHr,H_ft=10,38.018801,0.469598,uniform_sample,443.896682,284.532554,PDF page 24 / API page 18,point_type=uniform_sample
Figure 9,GHr,H_ft=10,39.345867,0.46176,uniform_sample,453.544455,285.88406,PDF page 24 / API page 18,point_type=uniform_sample
Figure 9,GHr,H_ft=10,40.672934,0.454599,uniform_sample,462.670704,287.118938,PDF page 24 / API page 18,point_type=uniform_sample
Figure 9,GHr,H_ft=10,42.0,0.448114,endpoint/control;spreadsheet_x;uniform_sample,471.318503,288.237303,PDF page 24 / API page 18,point_type=endpoint/control;spreadsheet_x;uniform_sample
Figure 9,GHr,H_ft=14,1.96595,0.479964,endpoint/control;uniform_sample,184.869995,282.744995,PDF page 24 / API page 18,point_type=endpoint/control;uniform_sample
Figure 9,GHr,H_ft=14,2.0,0.481172,spreadsheet_x,185.1,282.536766,PDF page 24 / API page 18,point_type=spreadsheet_x
Figure 9,GHr,H_ft=14,3.300419,0.502133,uniform_sample,194.554044,278.926558,PDF page 24 / API page 18,point_type=uniform_sample
Figure 9,GHr,H_ft=14,4.0,0.505834,spreadsheet_x,199.64,278.296079,PDF page 24 / API page 18,point_type=spreadsheet_x
Figure 9,GHr,H_ft=14,4.634887,0.507333,uniform_sample,204.090558,278.040789,PDF page 24 / API page 18,point_type=uniform_sample
Figure 9,GHr,H_ft=14,5.969355,0.507147,uniform_sample,213.445181,278.072521,PDF page 24 / API page 18,point_type=uniform_sample
Figure 9,GHr,H_ft=14,6.0,0.507102,spreadsheet_x,213.66,278.080163,PDF page 24 / API page 18,point_type=spreadsheet_x
Figure 9,GHr,H_ft=14,7.303824,0.503738,uniform_sample,223.145317,278.653155,PDF page 24 / API page 18,point_type=uniform_sample
Figure 9,GHr,H_ft=14,8.0,0.500979,spreadsheet_x,228.21,279.123175,PDF page 24 / API page 18,point_type=spreadsheet_x
Figure 9,GHr,H_ft=14,8.638292,0.497921,uniform_sample,232.850383,279.644245,PDF page 24 / API page 18,point_type=uniform_sample
Figure 9,GHr,H_ft=14,9.260247,0.494394,endpoint/control,237.371994,280.244995,PDF page 24 / API page 18,point_type=endpoint/control
Figure 9,GHr,H_ft=14,9.97276,0.489555,uniform_sample,242.551968,281.091206,PDF page 24 / API page 18,point_type=uniform_sample
Figure 9,GHr,H_ft=14,10.0,0.489373,spreadsheet_x,242.75,281.122535,PDF page 24 / API page 18,point_type=spreadsheet_x
Figure 9,GHr,H_ft=14,11.307229,0.481359,uniform_sample,251.920209,282.504517,PDF page 24 / API page 18,point_type=uniform_sample
Figure 9,GHr,H_ft=14,12.0,0.477333,spreadsheet_x,256.78,283.198672,PDF page 24 / API page 18,point_type=spreadsheet_x
Figure 9,GHr,H_ft=14,12.641697,0.473577,uniform_sample,261.445137,283.846465,PDF page 24 / API page 18,point_type=uniform_sample
Figure 9,GHr,H_ft=14,13.976165,0.466021,uniform_sample,271.146722,285.149372,PDF page 24 / API page 18,point_type=uniform_sample
Figure 9,GHr,H_ft=14,15.310634,0.458731,uniform_sample,280.848306,286.406409,PDF page 24 / API page 18,point_type=uniform_sample
Figure 9,GHr,H_ft=14,16.645102,0.451884,uniform_sample,290.217664,287.587096,PDF page 24 / API page 18,point_type=uniform_sample
Figure 9,GHr,H_ft=14,17.97957,0.44544,uniform_sample,299.231997,288.698341,PDF page 24 / API page 18,point_type=uniform_sample
Figure 9,GHr,H_ft=14,18.0,0.445342,spreadsheet_x,299.37,288.715196,PDF page 24 / API page 18,point_type=spreadsheet_x
Figure 9,GHr,H_ft=14,19.314039,0.438641,uniform_sample,308.92306,289.870692,PDF page 24 / API page 18,point_type=uniform_sample
Figure 9,GHr,H_ft=14,20.648507,0.431949,uniform_sample,318.624645,291.024702,PDF page 24 / API page 18,point_type=uniform_sample
Figure 9,GHr,H_ft=14,21.982975,0.425355,uniform_sample,328.32623,292.16186,PDF page 24 / API page 18,point_type=uniform_sample
Figure 9,GHr,H_ft=14,23.317444,0.418841,uniform_sample,338.034402,293.285074,PDF page 24 / API page 18,point_type=uniform_sample
Figure 9,GHr,H_ft=14,24.0,0.415546,spreadsheet_x,342.989191,293.853244,PDF page 24 / API page 18,point_type=spreadsheet_x
Figure 9,GHr,H_ft=14,24.651912,0.412517,uniform_sample,347.569902,294.375622,PDF page 24 / API page 18,point_type=uniform_sample
Figure 9,GHr,H_ft=14,25.98638,0.406369,uniform_sample,356.935289,295.43575,PDF page 24 / API page 18,point_type=uniform_sample
Figure 9,GHr,H_ft=14,27.320848,0.400066,uniform_sample,366.629173,296.522639,PDF page 24 / API page 18,point_type=uniform_sample
Figure 9,GHr,H_ft=14,28.655317,0.393844,uniform_sample,376.285004,297.595612,PDF page 24 / API page 18,point_type=uniform_sample
Figure 9,GHr,H_ft=14,29.989785,0.387708,uniform_sample,385.885245,298.653583,PDF page 24 / API page 18,point_type=uniform_sample
Figure 9,GHr,H_ft=14,31.324253,0.381711,uniform_sample,395.342336,299.687757,PDF page 24 / API page 18,point_type=uniform_sample
Figure 9,GHr,H_ft=14,32.658722,0.37568,uniform_sample,404.922201,300.727709,PDF page 24 / API page 18,point_type=uniform_sample
Figure 9,GHr,H_ft=14,33.99319,0.369612,uniform_sample,414.630458,301.774188,PDF page 24 / API page 18,point_type=uniform_sample
Figure 9,GHr,H_ft=14,34.0,0.369581,spreadsheet_x,414.68,301.779512,PDF page 24 / API page 18,point_type=spreadsheet_x
Figure 9,GHr,H_ft=14,35.327658,0.363589,uniform_sample,424.332077,302.812723,PDF page 24 / API page 18,point_type=uniform_sample
Figure 9,GHr,H_ft=14,36.662127,0.357607,uniform_sample,434.033661,303.844258,PDF page 24 / API page 18,point_type=uniform_sample
Figure 9,GHr,H_ft=14,37.996595,0.351665,uniform_sample,443.735246,304.868831,PDF page 24 / API page 18,point_type=uniform_sample
Figure 9,GHr,H_ft=14,39.331063,0.345765,uniform_sample,453.436831,305.88628,PDF page 24 / API page 18,point_type=uniform_sample
Figure 9,GHr,H_ft=14,40.665532,0.34022,uniform_sample,462.622628,306.842543,PDF page 24 / API page 18,point_type=uniform_sample
Figure 9,GHr,H_ft=14,42.0,0.33503,endpoint/control;spreadsheet_x;uniform_sample,471.296738,307.737385,PDF page 24 / API page 18,point_type=endpoint/control;spreadsheet_x;uniform_sample
Figure 9,GHr,H_ft=6,2.312241,1.007991,endpoint/control;uniform_sample,187.369995,193.242004,PDF page 24 / API page 18,point_type=endpoint/control;uniform_sample
Figure 9,GHr,H_ft=6,3.635167,1.051305,uniform_sample,196.987662,185.772893,PDF page 24 / API page 18,point_type=uniform_sample
Figure 9,GHr,H_ft=6,4.0,1.059929,spreadsheet_x,199.64,184.285923,PDF page 24 / API page 18,point_type=spreadsheet_x
Figure 9,GHr,H_ft=6,4.958092,1.076173,uniform_sample,206.356225,181.484697,PDF page 24 / API page 18,point_type=uniform_sample
Figure 9,GHr,H_ft=6,6.0,1.085548,spreadsheet_x,213.66,179.86804,PDF page 24 / API page 18,point_type=spreadsheet_x
Figure 9,GHr,H_ft=6,6.281017,1.086748,uniform_sample,215.704401,179.661141,PDF page 24 / API page 18,point_type=uniform_sample
Figure 9,GHr,H_ft=6,7.603943,1.084544,uniform_sample,225.328682,180.041164,PDF page 24 / API page 18,point_type=uniform_sample
Figure 9,GHr,H_ft=6,8.0,1.081442,spreadsheet_x,228.21,180.576134,PDF page 24 / API page 18,point_type=spreadsheet_x
Figure 9,GHr,H_ft=6,8.926868,1.069772,uniform_sample,234.948329,182.588515,PDF page 24 / API page 18,point_type=uniform_sample
Figure 9,GHr,H_ft=6,9.948005,1.048585,endpoint/control,242.371994,186.242004,PDF page 24 / API page 18,point_type=endpoint/control
Figure 9,GHr,H_ft=6,10.0,1.047295,spreadsheet_x,242.75,186.464402,PDF page 24 / API page 18,point_type=spreadsheet_x
Figure 9,GHr,H_ft=6,10.249793,1.041186,uniform_sample,244.544438,187.517876,PDF page 24 / API page 18,point_type=uniform_sample
Figure 9,GHr,H_ft=6,11.572718,1.010798,uniform_sample,253.78262,192.757952,PDF page 24 / API page 18,point_type=uniform_sample
Figure 9,GHr,H_ft=6,12.0,1.001302,spreadsheet_x,256.78,194.395518,PDF page 24 / API page 18,point_type=spreadsheet_x
Figure 9,GHr,H_ft=6,12.75,0.984063,annex_control_x,262.2325,197.3025,PDF page 24 / API page 18,point_type=annex_control_x
Figure 9,GHr,H_ft=6,12.895644,0.980768,uniform_sample,263.29133,197.857194,PDF page 24 / API page 18,point_type=uniform_sample
Figure 9,GHr,H_ft=6,14.218569,0.951739,uniform_sample,272.908997,202.743317,PDF page 24 / API page 18,point_type=uniform_sample
Figure 9,GHr,H_ft=6,15.541494,0.924173,uniform_sample,282.526663,207.383226,PDF page 24 / API page 18,point_type=uniform_sample
Figure 9,GHr,H_ft=6,16.86442,0.899126,uniform_sample,291.699154,211.599076,PDF page 24 / API page 18,point_type=uniform_sample
Figure 9,GHr,H_ft=6,18.0,0.879038,spreadsheet_x,299.37,214.980326,PDF page 24 / API page 18,point_type=spreadsheet_x
Figure 9,GHr,H_ft=6,18.187345,0.87561,uniform_sample,300.708323,215.557325,PDF page 24 / API page 18,point_type=uniform_sample
Figure 9,GHr,H_ft=6,19.51027,0.85154,uniform_sample,310.349664,219.608794,PDF page 24 / API page 18,point_type=uniform_sample
Figure 9,GHr,H_ft=6,20.833195,0.82858,uniform_sample,319.967331,223.473422,PDF page 24 / API page 18,point_type=uniform_sample
Figure 9,GHr,H_ft=6,22.156121,0.806598,uniform_sample,329.585327,227.173453,PDF page 24 / API page 18,point_type=uniform_sample
Figure 9,GHr,H_ft=6,23.479046,0.785519,uniform_sample,339.21006,230.721494,PDF page 24 / API page 18,point_type=uniform_sample
Figure 9,GHr,H_ft=6,24.0,0.777475,spreadsheet_x,342.992129,232.075459,PDF page 24 / API page 18,point_type=spreadsheet_x
Figure 9,GHr,H_ft=6,24.801971,0.765742,uniform_sample,348.621819,234.050327,PDF page 24 / API page 18,point_type=uniform_sample
Figure 9,GHr,H_ft=6,26.124897,0.747022,uniform_sample,357.895525,237.201309,PDF page 24 / API page 18,point_type=uniform_sample
Figure 9,GHr,H_ft=6,27.447822,0.72856,uniform_sample,367.552904,240.3525,PDF page 24 / API page 18,point_type=uniform_sample
Figure 9,GHr,H_ft=6,28.770747,0.710974,uniform_sample,377.115526,243.348419,PDF page 24 / API page 18,point_type=uniform_sample
Figure 9,GHr,H_ft=6,30.093672,0.694161,uniform_sample,386.633973,246.212676,PDF page 24 / API page 18,point_type=uniform_sample
Figure 9,GHr,H_ft=6,31.416598,0.678281,uniform_sample,395.996595,248.918071,PDF page 24 / API page 18,point_type=uniform_sample
Figure 9,GHr,H_ft=6,32.739523,0.662788,uniform_sample,405.51003,251.55738,PDF page 24 / API page 18,point_type=uniform_sample
Figure 9,GHr,H_ft=6,34.0,0.64846,spreadsheet_x,414.68,253.998424,PDF page 24 / API page 18,point_type=spreadsheet_x
Figure 9,GHr,H_ft=6,34.062448,0.647766,uniform_sample,415.134311,254.116559,PDF page 24 / API page 18,point_type=uniform_sample
Figure 9,GHr,H_ft=6,35.385374,0.633398,uniform_sample,424.751666,256.564262,PDF page 24 / API page 18,point_type=uniform_sample
Figure 9,GHr,H_ft=6,36.708299,0.619679,uniform_sample,434.369333,258.901448,PDF page 24 / API page 18,point_type=uniform_sample
Figure 9,GHr,H_ft=6,38.031224,0.606619,uniform_sample,443.986999,261.126395,PDF page 24 / API page 18,point_type=uniform_sample
Figure 9,GHr,H_ft=6,39.354149,0.594253,uniform_sample,453.604666,263.233052,PDF page 24 / API page 18,point_type=uniform_sample
Figure 9,GHr,H_ft=6,40.677075,0.58327,uniform_sample,462.6976,265.104132,PDF page 24 / API page 18,point_type=uniform_sample
Figure 9,GHr,H_ft=6,42.0,0.5737,endpoint/control;spreadsheet_x;uniform_sample,471.319893,266.734422,PDF page 24 / API page 18,point_type=endpoint/control;spreadsheet_x;uniform_sample
Figure 10,NH,H_ft=10,2.064936,1.210481,endpoint/control;uniform_sample,179.822998,250.744034,PDF page 25 / API page 19,point_type=endpoint/control;uniform_sample
Figure 10,NH,H_ft=10,3.393634,1.217057,uniform_sample,189.971302,249.704965,PDF page 25 / API page 19,point_type=uniform_sample
Figure 10,NH,H_ft=10,4.722332,1.22369,uniform_sample,200.182792,248.657048,PDF page 25 / API page 19,point_type=uniform_sample
Figure 10,NH,H_ft=10,6.05103,1.230359,uniform_sample,210.433695,247.603256,PDF page 25 / API page 19,point_type=uniform_sample
Figure 10,NH,H_ft=10,7.379728,1.236634,uniform_sample,220.063721,246.611773,PDF page 25 / API page 19,point_type=uniform_sample
Figure 10,NH,H_ft=10,8.708425,1.243021,uniform_sample,229.851311,245.602612,PDF page 25 / API page 19,point_type=uniform_sample
Figure 10,NH,H_ft=10,10.037123,1.249495,uniform_sample,239.75706,244.5798,PDF page 25 / API page 19,point_type=uniform_sample
Figure 10,NH,H_ft=10,11.365821,1.255982,uniform_sample,249.669024,243.554865,PDF page 25 / API page 19,point_type=uniform_sample
Figure 10,NH,H_ft=10,12.694519,1.262506,uniform_sample,259.622781,242.524098,PDF page 25 / API page 19,point_type=uniform_sample
Figure 10,NH,H_ft=10,14.023217,1.269068,uniform_sample,269.620624,241.487207,PDF page 25 / API page 19,point_type=uniform_sample
Figure 10,NH,H_ft=10,15.351914,1.275749,uniform_sample,279.782144,240.431686,PDF page 25 / API page 19,point_type=uniform_sample
Figure 10,NH,H_ft=10,16.680612,1.28227,uniform_sample,289.684647,239.401397,PDF page 25 / API page 19,point_type=uniform_sample
Figure 10,NH,H_ft=10,18.00931,1.288637,uniform_sample,299.337636,238.395422,PDF page 25 / API page 19,point_type=uniform_sample
Figure 10,NH,H_ft=10,19.338008,1.295211,uniform_sample,309.164567,237.369571,PDF page 25 / API page 19,point_type=uniform_sample
Figure 10,NH,H_ft=10,20.666705,1.301716,uniform_sample,319.160297,236.324173,PDF page 25 / API page 19,point_type=uniform_sample
Figure 10,NH,H_ft=10,21.995403,1.308345,uniform_sample,329.324835,235.259014,PDF page 25 / API page 19,point_type=uniform_sample
Figure 10,NH,H_ft=10,23.324101,1.314766,uniform_sample,339.151727,234.227096,PDF page 25 / API page 19,point_type=uniform_sample
Figure 10,NH,H_ft=10,24.652799,1.321145,uniform_sample,348.892583,233.201981,PDF page 25 / API page 19,point_type=uniform_sample
Figure 10,NH,H_ft=10,25.981497,1.327481,uniform_sample,358.545573,232.183752,PDF page 25 / API page 19,point_type=uniform_sample
Figure 10,NH,H_ft=10,27.310194,1.33411,uniform_sample,368.617824,231.118594,PDF page 25 / API page 19,point_type=uniform_sample
Figure 10,NH,H_ft=10,28.638892,1.340628,uniform_sample,378.494746,230.071135,PDF page 25 / API page 19,point_type=uniform_sample
Figure 10,NH,H_ft=10,29.96759,1.347022,uniform_sample,388.154379,229.043639,PDF page 25 / API page 19,point_type=uniform_sample
Figure 10,NH,H_ft=10,31.296288,1.353872,uniform_sample,398.468637,227.94279,PDF page 25 / API page 19,point_type=uniform_sample
Figure 10,NH,H_ft=10,32.624985,1.360681,uniform_sample,408.680515,226.848593,PDF page 25 / API page 19,point_type=uniform_sample
Figure 10,NH,H_ft=10,33.953683,1.36743,uniform_sample,418.758688,225.76403,PDF page 25 / API page 19,point_type=uniform_sample
Figure 10,NH,H_ft=10,35.282381,1.373879,uniform_sample,428.343144,224.7276,PDF page 25 / API page 19,point_type=uniform_sample
Figure 10,NH,H_ft=10,36.611079,1.380565,uniform_sample,438.224473,223.653208,PDF page 25 / API page 19,point_type=uniform_sample
Figure 10,NH,H_ft=10,37.939777,1.387548,uniform_sample,448.475377,222.5311,PDF page 25 / API page 19,point_type=uniform_sample
Figure 10,NH,H_ft=10,39.268474,1.394177,uniform_sample,458.402819,221.435541,PDF page 25 / API page 19,point_type=uniform_sample
Figure 10,NH,H_ft=10,40.221219,1.39917,endpoint/control,465.381989,220.659027,PDF page 25 / API page 19,point_type=endpoint/control
Figure 10,NH,H_ft=10,40.597172,1.40134,uniform_sample,467.968545,220.321593,PDF page 25 / API page 19,point_type=uniform_sample
Figure 10,NH,H_ft=10,41.92587,1.409009,endpoint/control;uniform_sample,477.109985,219.129028,PDF page 25 / API page 19,point_type=endpoint/control;uniform_sample
Figure 10,NH,H_ft=14,2.129367,1.357947,endpoint/control;uniform_sample,180.332001,227.287994,PDF page 25 / API page 19,point_type=endpoint/control;uniform_sample
Figure 10,NH,H_ft=14,3.458388,1.36496,uniform_sample,190.46667,226.160904,PDF page 25 / API page 19,point_type=uniform_sample
Figure 10,NH,H_ft=14,4.787409,1.372021,uniform_sample,200.684863,225.026283,PDF page 25 / API page 19,point_type=uniform_sample
Figure 10,NH,H_ft=14,6.11643,1.379089,uniform_sample,210.927054,223.890351,PDF page 25 / API page 19,point_type=uniform_sample
Figure 10,NH,H_ft=14,7.445451,1.385717,uniform_sample,220.541205,222.825204,PDF page 25 / API page 19,point_type=uniform_sample
Figure 10,NH,H_ft=14,8.774473,1.392217,uniform_sample,230.343693,221.740276,PDF page 25 / API page 19,point_type=uniform_sample
Figure 10,NH,H_ft=14,10.103494,1.399262,uniform_sample,240.251709,220.644766,PDF page 25 / API page 19,point_type=uniform_sample
Figure 10,NH,H_ft=14,11.432515,1.406305,uniform_sample,250.166559,219.549615,PDF page 25 / API page 19,point_type=uniform_sample
Figure 10,NH,H_ft=14,12.761536,1.413372,uniform_sample,260.126749,218.450597,PDF page 25 / API page 19,point_type=uniform_sample
Figure 10,NH,H_ft=14,14.090557,1.420467,uniform_sample,270.136355,217.347314,PDF page 25 / API page 19,point_type=uniform_sample
Figure 10,NH,H_ft=14,15.419578,1.427664,uniform_sample,280.299771,216.228324,PDF page 25 / API page 19,point_type=uniform_sample
Figure 10,NH,H_ft=14,16.748599,1.43465,uniform_sample,290.178571,215.141946,PDF page 25 / API page 19,point_type=uniform_sample
Figure 10,NH,H_ft=14,18.07762,1.441481,uniform_sample,299.849637,214.079674,PDF page 25 / API page 19,point_type=uniform_sample
Figure 10,NH,H_ft=14,19.406641,1.448411,uniform_sample,309.672111,213.002119,PDF page 25 / API page 19,point_type=uniform_sample
Figure 10,NH,H_ft=14,20.735662,1.455467,uniform_sample,319.687816,211.904848,PDF page 25 / API page 19,point_type=uniform_sample
Figure 10,NH,H_ft=14,22.064683,1.462615,uniform_sample,329.8485,210.793328,PDF page 25 / API page 19,point_type=uniform_sample
Figure 10,NH,H_ft=14,23.393704,1.469511,uniform_sample,339.666443,209.720982,PDF page 25 / API page 19,point_type=uniform_sample
Figure 10,NH,H_ft=14,24.722725,1.476337,uniform_sample,349.4006,208.65954,PDF page 25 / API page 19,point_type=uniform_sample
Figure 10,NH,H_ft=14,26.051746,1.483104,uniform_sample,359.066924,207.607366,PDF page 25 / API page 19,point_type=uniform_sample
Figure 10,NH,H_ft=14,27.380768,1.49019,uniform_sample,369.153122,206.51167,PDF page 25 / API page 19,point_type=uniform_sample
Figure 10,NH,H_ft=14,28.709789,1.49707,uniform_sample,379.010163,205.443224,PDF page 25 / API page 19,point_type=uniform_sample
Figure 10,NH,H_ft=14,30.03881,1.503678,uniform_sample,388.672146,204.398431,PDF page 25 / API page 19,point_type=uniform_sample
Figure 10,NH,H_ft=14,31.367831,1.51074,uniform_sample,399.024884,203.282023,PDF page 25 / API page 19,point_type=uniform_sample
Figure 10,NH,H_ft=14,32.696852,1.517675,uniform_sample,409.225621,202.185605,PDF page 25 / API page 19,point_type=uniform_sample
Figure 10,NH,H_ft=14,34.025873,1.524503,uniform_sample,419.306246,201.106069,PDF page 25 / API page 19,point_type=uniform_sample
Figure 10,NH,H_ft=14,35.354894,1.53095,uniform_sample,428.865236,200.086756,PDF page 25 / API page 19,point_type=uniform_sample
Figure 10,NH,H_ft=14,36.683915,1.537609,uniform_sample,438.786404,199.034077,PDF page 25 / API page 19,point_type=uniform_sample
Figure 10,NH,H_ft=14,38.012936,1.544446,uniform_sample,449.039802,197.953095,PDF page 25 / API page 19,point_type=uniform_sample
Figure 10,NH,H_ft=14,39.341957,1.551001,uniform_sample,458.951,196.916664,PDF page 25 / API page 19,point_type=uniform_sample
Figure 10,NH,H_ft=14,40.670978,1.557235,uniform_sample,468.47633,195.931069,PDF page 25 / API page 19,point_type=uniform_sample
Figure 10,NH,H_ft=14,41.036482,1.558868,endpoint/control,470.990997,195.672989,PDF page 25 / API page 19,point_type=endpoint/control
Figure 10,NH,H_ft=14,41.999999,1.5621,endpoint/control;uniform_sample,477.619995,195.161987,PDF page 25 / API page 19,point_type=endpoint/control;uniform_sample
Figure 10,NH,H_ft=6,1.871266,1.063939,endpoint/control;uniform_sample,178.292999,274.201019,PDF page 25 / API page 19,point_type=endpoint/control;uniform_sample
Figure 10,NH,H_ft=6,2.0,1.064591,spreadsheet_x,179.31,274.099574,PDF page 25 / API page 19,point_type=spreadsheet_x
Figure 10,NH,H_ft=6,3.20889,1.070529,uniform_sample,188.55801,273.175747,PDF page 25 / API page 19,point_type=uniform_sample
Figure 10,NH,H_ft=6,4.546515,1.077132,uniform_sample,198.82636,272.148324,PDF page 25 / API page 19,point_type=uniform_sample
Figure 10,NH,H_ft=6,5.884139,1.083776,uniform_sample,209.146133,271.114381,PDF page 25 / API page 19,point_type=uniform_sample
Figure 10,NH,H_ft=6,7.221764,1.090284,uniform_sample,218.916112,270.134378,PDF page 25 / API page 19,point_type=uniform_sample
Figure 10,NH,H_ft=6,8.559388,1.096554,uniform_sample,228.740237,269.147885,PDF page 25 / API page 19,point_type=uniform_sample
Figure 10,NH,H_ft=6,9.897012,1.102746,uniform_sample,238.712228,268.145484,PDF page 25 / API page 19,point_type=uniform_sample
Figure 10,NH,H_ft=6,11.234637,1.108947,uniform_sample,248.690391,267.141406,PDF page 25 / API page 19,point_type=uniform_sample
Figure 10,NH,H_ft=6,12.572261,1.115178,uniform_sample,258.703405,266.132759,PDF page 25 / API page 19,point_type=uniform_sample
Figure 10,NH,H_ft=6,12.75,1.11601,annex_control_x,260.04,265.998037,PDF page 25 / API page 19,point_type=annex_control_x
Figure 10,NH,H_ft=6,13.909886,1.121443,uniform_sample,268.762341,265.118403,PDF page 25 / API page 19,point_type=uniform_sample
Figure 10,NH,H_ft=6,15.24751,1.127816,uniform_sample,278.983453,264.086564,PDF page 25 / API page 19,point_type=uniform_sample
Figure 10,NH,H_ft=6,16.585135,1.134063,uniform_sample,288.991004,263.075164,PDF page 25 / API page 19,point_type=uniform_sample
Figure 10,NH,H_ft=6,17.922759,1.140136,uniform_sample,298.708845,262.091937,PDF page 25 / API page 19,point_type=uniform_sample
Figure 10,NH,H_ft=6,19.260384,1.146319,uniform_sample,308.590537,261.090997,PDF page 25 / API page 19,point_type=uniform_sample
Figure 10,NH,H_ft=6,20.598008,1.15261,uniform_sample,318.634762,260.07238,PDF page 25 / API page 19,point_type=uniform_sample
Figure 10,NH,H_ft=6,21.935633,1.159028,uniform_sample,328.867589,259.033308,PDF page 25 / API page 19,point_type=uniform_sample
Figure 10,NH,H_ft=6,23.273257,1.165251,uniform_sample,338.775735,258.025891,PDF page 25 / API page 19,point_type=uniform_sample
Figure 10,NH,H_ft=6,24.610881,1.171421,uniform_sample,348.588053,257.02688,PDF page 25 / API page 19,point_type=uniform_sample
Figure 10,NH,H_ft=6,25.948506,1.177541,uniform_sample,358.305895,256.036112,PDF page 25 / API page 19,point_type=uniform_sample
Figure 10,NH,H_ft=6,27.28613,1.183929,uniform_sample,368.435298,255.001846,PDF page 25 / API page 19,point_type=uniform_sample
Figure 10,NH,H_ft=6,28.623755,1.190095,uniform_sample,378.384697,253.984345,PDF page 25 / API page 19,point_type=uniform_sample
Figure 10,NH,H_ft=6,29.961379,1.196277,uniform_sample,388.109227,252.9882,PDF page 25 / API page 19,point_type=uniform_sample
Figure 10,NH,H_ft=6,31.299004,1.203019,uniform_sample,398.489754,251.922951,PDF page 25 / API page 19,point_type=uniform_sample
Figure 10,NH,H_ft=6,32.636628,1.209709,uniform_sample,408.768824,250.866036,PDF page 25 / API page 19,point_type=uniform_sample
Figure 10,NH,H_ft=6,33.974253,1.216325,uniform_sample,418.914706,249.82063,PDF page 25 / API page 19,point_type=uniform_sample
Figure 10,NH,H_ft=6,35.311877,1.222626,uniform_sample,428.555515,248.825078,PDF page 25 / API page 19,point_type=uniform_sample
Figure 10,NH,H_ft=6,36.649501,1.229154,uniform_sample,438.520904,247.793592,PDF page 25 / API page 19,point_type=uniform_sample
Figure 10,NH,H_ft=6,37.987126,1.235933,uniform_sample,448.840677,246.722566,PDF page 25 / API page 19,point_type=uniform_sample
Figure 10,NH,H_ft=6,39.32475,1.242509,uniform_sample,458.822638,245.683586,PDF page 25 / API page 19,point_type=uniform_sample
Figure 10,NH,H_ft=6,40.662375,1.248849,uniform_sample,468.417139,244.681826,PDF page 25 / API page 19,point_type=uniform_sample
Figure 10,NH,H_ft=6,40.739969,1.249202,endpoint/control,468.950989,244.626007,PDF page 25 / API page 19,point_type=endpoint/control
Figure 10,NH,H_ft=6,41.999999,1.258886,endpoint/control;uniform_sample,477.619995,243.096008,PDF page 25 / API page 19,point_type=endpoint/control;uniform_sample
Figure 11,KLr,Er_ksi=10,0.01005,384.80978,endpoint/control;uniform_sample,208.746002,522.169006,PDF page 25 / API page 19,point_type=endpoint/control;uniform_sample
Figure 11,KLr,Er_ksi=10,0.0103,381.395853,spreadsheet_x,209.7694,523.604904,PDF page 25 / API page 19,point_type=spreadsheet_x
Figure 11,KLr,Er_ksi=10,0.012382,360.112414,uniform_sample,218.301149,532.556719,PDF page 25 / API page 19,point_type=uniform_sample
Figure 11,KLr,Er_ksi=10,0.014714,342.972257,uniform_sample,227.856251,539.729324,PDF page 25 / API page 19,point_type=uniform_sample
Figure 11,KLr,Er_ksi=10,0.015,341.117247,spreadsheet_x,229.03,540.499896,PDF page 25 / API page 19,point_type=spreadsheet_x
Figure 11,KLr,Er_ksi=10,0.017045,329.009448,uniform_sample,237.411394,545.529475,PDF page 25 / API page 19,point_type=uniform_sample
Figure 11,KLr,Er_ksi=10,0.019377,317.045645,uniform_sample,246.966536,550.499239,PDF page 25 / API page 19,point_type=uniform_sample
Figure 11,KLr,Er_ksi=10,0.02,314.10277,spreadsheet_x;annex_control_x,249.52,551.721709,PDF page 25 / API page 19,point_type=spreadsheet_x;annex_control_x
Figure 11,KLr,Er_ksi=10,0.021709,306.292408,uniform_sample,256.70962,554.966134,PDF page 25 / API page 19,point_type=uniform_sample
Figure 11,KLr,Er_ksi=10,0.02404,296.60606,uniform_sample,266.521246,558.989843,PDF page 25 / API page 19,point_type=uniform_sample
Figure 11,KLr,Er_ksi=10,0.026372,288.008221,uniform_sample,276.181923,562.558987,PDF page 25 / API page 19,point_type=uniform_sample
Figure 11,KLr,Er_ksi=10,0.028704,280.404382,uniform_sample,285.737066,565.716101,PDF page 25 / API page 19,point_type=uniform_sample
Figure 11,KLr,Er_ksi=10,0.029072,279.308725,endpoint/control,287.248982,566.171017,PDF page 25 / API page 19,point_type=endpoint/control
Figure 11,KLr,Er_ksi=10,0.03,276.452651,spreadsheet_x,291.051258,567.356859,PDF page 25 / API page 19,point_type=spreadsheet_x
Figure 11,KLr,Er_ksi=10,0.031035,273.286106,uniform_sample,295.348109,568.671609,PDF page 25 / API page 19,point_type=uniform_sample
Figure 11,KLr,Er_ksi=10,0.033367,266.371842,uniform_sample,305.029161,571.542411,PDF page 25 / API page 19,point_type=uniform_sample
Figure 11,KLr,Er_ksi=10,0.035699,259.770774,uniform_sample,314.672453,574.283174,PDF page 25 / API page 19,point_type=uniform_sample
Figure 11,KLr,Er_ksi=10,0.03803,253.491065,uniform_sample,324.227596,576.89051,PDF page 25 / API page 19,point_type=uniform_sample
Figure 11,KLr,Er_ksi=10,0.040362,247.415963,uniform_sample,333.842534,579.412892,PDF page 25 / API page 19,point_type=uniform_sample
Figure 11,KLr,Er_ksi=10,0.042693,241.148734,uniform_sample,343.779612,581.919452,PDF page 25 / API page 19,point_type=uniform_sample
Figure 11,KLr,Er_ksi=10,0.045025,235.18525,uniform_sample,353.717104,584.331085,PDF page 25 / API page 19,point_type=uniform_sample
Figure 11,KLr,Er_ksi=10,0.047357,229.662589,uniform_sample,363.268125,586.564449,PDF page 25 / API page 19,point_type=uniform_sample
Figure 11,KLr,Er_ksi=10,0.049688,224.332628,uniform_sample,372.823268,588.719885,PDF page 25 / API page 19,point_type=uniform_sample
Figure 11,KLr,Er_ksi=10,0.05,223.634719,spreadsheet_x,374.1,589.002119,PDF page 25 / API page 19,point_type=spreadsheet_x
Figure 11,KLr,Er_ksi=10,0.05202,219.130888,uniform_sample,382.487497,590.823469,PDF page 25 / API page 19,point_type=uniform_sample
Figure 11,KLr,Er_ksi=10,0.054352,214.101244,uniform_sample,392.168549,592.857457,PDF page 25 / API page 19,point_type=uniform_sample
Figure 11,KLr,Er_ksi=10,0.056683,209.292175,uniform_sample,401.758655,594.802244,PDF page 25 / API page 19,point_type=uniform_sample
Figure 11,KLr,Er_ksi=10,0.059015,204.665441,uniform_sample,411.313798,596.673296,PDF page 25 / API page 19,point_type=uniform_sample
Figure 11,KLr,Er_ksi=10,0.061347,200.163872,uniform_sample,420.944358,598.49373,PDF page 25 / API page 19,point_type=uniform_sample
Figure 11,KLr,Er_ksi=10,0.063678,195.839921,uniform_sample,430.630074,600.259932,PDF page 25 / API page 19,point_type=uniform_sample
Figure 11,KLr,Er_ksi=10,0.06601,191.717777,uniform_sample,440.259185,601.952399,PDF page 25 / API page 19,point_type=uniform_sample
Figure 11,KLr,Er_ksi=10,0.068342,187.768589,uniform_sample,449.814328,603.569986,PDF page 25 / API page 19,point_type=uniform_sample
Figure 11,KLr,Er_ksi=10,0.070673,183.927586,uniform_sample,459.479903,605.143261,PDF page 25 / API page 19,point_type=uniform_sample
Figure 11,KLr,Er_ksi=10,0.073005,180.143973,uniform_sample,469.417438,606.693029,PDF page 25 / API page 19,point_type=uniform_sample
Figure 11,KLr,Er_ksi=10,0.075337,176.564857,uniform_sample,479.27451,608.159035,PDF page 25 / API page 19,point_type=uniform_sample
Figure 11,KLr,Er_ksi=10,0.077668,173.394154,uniform_sample,488.486626,609.457755,PDF page 25 / API page 19,point_type=uniform_sample
Figure 11,KLr,Er_ksi=10,0.08,170.433559,endpoint/control;spreadsheet_x;uniform_sample,497.743894,610.670414,PDF page 25 / API page 19,point_type=endpoint/control;spreadsheet_x;uniform_sample
Figure 11,KLr,Er_ksi=20,0.010416,260.040895,endpoint/control;uniform_sample,210.246002,574.171021,PDF page 25 / API page 19,point_type=endpoint/control;uniform_sample
Figure 11,KLr,Er_ksi=20,0.012736,244.52832,uniform_sample,219.751144,580.552747,PDF page 25 / API page 19,point_type=uniform_sample
Figure 11,KLr,Er_ksi=20,0.015,234.317949,spreadsheet_x,229.03,584.681821,PDF page 25 / API page 19,point_type=spreadsheet_x
Figure 11,KLr,Er_ksi=20,0.015055,234.098051,uniform_sample,229.256251,584.770748,PDF page 25 / API page 19,point_type=uniform_sample
Figure 11,KLr,Er_ksi=20,0.017375,225.618933,uniform_sample,238.761398,588.199704,PDF page 25 / API page 19,point_type=uniform_sample
Figure 11,KLr,Er_ksi=20,0.019694,218.267588,uniform_sample,248.266545,591.172587,PDF page 25 / API page 19,point_type=uniform_sample
Figure 11,KLr,Er_ksi=20,0.02,217.361365,spreadsheet_x,249.52,591.539064,PDF page 25 / API page 19,point_type=spreadsheet_x
Figure 11,KLr,Er_ksi=20,0.022014,211.547987,uniform_sample,257.993145,593.889994,PDF page 25 / API page 19,point_type=uniform_sample
Figure 11,KLr,Er_ksi=20,0.024333,205.428371,uniform_sample,267.753432,596.364767,PDF page 25 / API page 19,point_type=uniform_sample
Figure 11,KLr,Er_ksi=20,0.026652,199.932883,uniform_sample,277.331945,598.587142,PDF page 25 / API page 19,point_type=uniform_sample
Figure 11,KLr,Er_ksi=20,0.028972,195.039942,uniform_sample,286.837051,600.59164,PDF page 25 / API page 19,point_type=uniform_sample
Figure 11,KLr,Er_ksi=20,0.029072,194.843762,endpoint/control,287.248982,600.671995,PDF page 25 / API page 19,point_type=endpoint/control
Figure 11,KLr,Er_ksi=20,0.03,193.202725,spreadsheet_x,291.058506,601.344164,PDF page 25 / API page 19,point_type=spreadsheet_x
Figure 11,KLr,Er_ksi=20,0.031291,190.913798,uniform_sample,296.411934,602.281708,PDF page 25 / API page 19,point_type=uniform_sample
Figure 11,KLr,Er_ksi=20,0.033611,186.850031,uniform_sample,306.042332,603.946227,PDF page 25 / API page 19,point_type=uniform_sample
Figure 11,KLr,Er_ksi=20,0.03593,182.8786,uniform_sample,315.622451,605.572925,PDF page 25 / API page 19,point_type=uniform_sample
Figure 11,KLr,Er_ksi=20,0.03825,179.010561,uniform_sample,325.127598,607.157274,PDF page 25 / API page 19,point_type=uniform_sample
Figure 11,KLr,Er_ksi=20,0.040569,175.181795,uniform_sample,334.72008,608.725537,PDF page 25 / API page 19,point_type=uniform_sample
Figure 11,KLr,Er_ksi=20,0.042889,171.314984,uniform_sample,344.611597,610.309383,PDF page 25 / API page 19,point_type=uniform_sample
Figure 11,KLr,Er_ksi=20,0.045208,167.550492,uniform_sample,354.462391,611.851318,PDF page 25 / API page 19,point_type=uniform_sample
Figure 11,KLr,Er_ksi=20,0.047528,164.001278,uniform_sample,363.968146,613.305076,PDF page 25 / API page 19,point_type=uniform_sample
Figure 11,KLr,Er_ksi=20,0.049847,160.538519,uniform_sample,373.473252,614.723423,PDF page 25 / API page 19,point_type=uniform_sample
Figure 11,KLr,Er_ksi=20,0.05,160.313324,spreadsheet_x,374.1,614.815663,PDF page 25 / API page 19,point_type=spreadsheet_x
Figure 11,KLr,Er_ksi=20,0.052167,157.124188,uniform_sample,383.095391,616.121933,PDF page 25 / API page 19,point_type=uniform_sample
Figure 11,KLr,Er_ksi=20,0.054486,153.803637,uniform_sample,392.725789,617.48203,PDF page 25 / API page 19,point_type=uniform_sample
Figure 11,KLr,Er_ksi=20,0.056805,150.61684,uniform_sample,402.258652,618.787342,PDF page 25 / API page 19,point_type=uniform_sample
Figure 11,KLr,Er_ksi=20,0.059125,147.543563,uniform_sample,411.763799,620.046157,PDF page 25 / API page 19,point_type=uniform_sample
Figure 11,KLr,Er_ksi=20,0.061444,144.559234,uniform_sample,421.34983,621.269626,PDF page 25 / API page 19,point_type=uniform_sample
Figure 11,KLr,Er_ksi=20,0.063764,141.679558,uniform_sample,430.984825,622.449717,PDF page 25 / API page 19,point_type=uniform_sample
Figure 11,KLr,Er_ksi=20,0.066083,138.948408,uniform_sample,440.559199,623.568942,PDF page 25 / API page 19,point_type=uniform_sample
Figure 11,KLr,Er_ksi=20,0.068403,136.376527,uniform_sample,450.064347,624.622899,PDF page 25 / API page 19,point_type=uniform_sample
Figure 11,KLr,Er_ksi=20,0.070722,133.929786,uniform_sample,459.687889,625.625574,PDF page 25 / API page 19,point_type=uniform_sample
Figure 11,KLr,Er_ksi=20,0.073042,131.603532,uniform_sample,469.573427,626.578872,PDF page 25 / API page 19,point_type=uniform_sample
Figure 11,KLr,Er_ksi=20,0.075361,129.520069,uniform_sample,479.360563,627.432676,PDF page 25 / API page 19,point_type=uniform_sample
Figure 11,KLr,Er_ksi=20,0.077681,127.818064,uniform_sample,488.534938,628.130157,PDF page 25 / API page 19,point_type=uniform_sample
Figure 11,KLr,Er_ksi=20,0.08,126.496284,endpoint/control;spreadsheet_x;uniform_sample,497.725794,628.671823,PDF page 25 / API page 19,point_type=endpoint/control;spreadsheet_x;uniform_sample
Figure 11,KLr,Er_ksi=5,0.010172,550.23092,endpoint/control;uniform_sample,209.246002,453.666016,PDF page 25 / API page 19,point_type=endpoint/control;uniform_sample
Figure 11,KLr,Er_ksi=5,0.0103,548.529787,spreadsheet_x,209.7694,454.358377,PDF page 25 / API page 19,point_type=spreadsheet_x
Figure 11,KLr,Er_ksi=5,0.0125,522.666216,uniform_sample,218.784467,464.961385,PDF page 25 / API page 19,point_type=uniform_sample
Figure 11,KLr,Er_ksi=5,0.014827,500.145359,uniform_sample,228.322931,474.190432,PDF page 25 / API page 19,point_type=uniform_sample
Figure 11,KLr,Er_ksi=5,0.015,498.624251,spreadsheet_x,229.03,474.813782,PDF page 25 / API page 19,point_type=spreadsheet_x
Figure 11,KLr,Er_ksi=5,0.017155,481.258004,uniform_sample,237.861395,482.031677,PDF page 25 / API page 19,point_type=uniform_sample
Figure 11,KLr,Er_ksi=5,0.019483,464.856116,uniform_sample,247.399859,488.841741,PDF page 25 / API page 19,point_type=uniform_sample
Figure 11,KLr,Er_ksi=5,0.02,461.492715,spreadsheet_x,249.52,490.238225,PDF page 25 / API page 19,point_type=spreadsheet_x
Figure 11,KLr,Er_ksi=5,0.02181,450.145384,uniform_sample,257.137448,494.949637,PDF page 25 / API page 19,point_type=uniform_sample
Figure 11,KLr,Er_ksi=5,0.024138,437.091332,uniform_sample,266.931947,500.372261,PDF page 25 / API page 19,point_type=uniform_sample
Figure 11,KLr,Er_ksi=5,0.026465,425.763713,uniform_sample,276.56525,505.077754,PDF page 25 / API page 19,point_type=uniform_sample
Figure 11,KLr,Er_ksi=5,0.028793,415.997965,uniform_sample,286.103755,509.134445,PDF page 25 / API page 19,point_type=uniform_sample
Figure 11,KLr,Er_ksi=5,0.029805,412.30613,endpoint/control,290.249005,510.668034,PDF page 25 / API page 19,point_type=endpoint/control
Figure 11,KLr,Er_ksi=5,0.03,411.461052,spreadsheet_x,291.05,511.019079,PDF page 25 / API page 19,point_type=spreadsheet_x
Figure 11,KLr,Er_ksi=5,0.031121,407.100042,uniform_sample,295.702731,512.830643,PDF page 25 / API page 19,point_type=uniform_sample
Figure 11,KLr,Er_ksi=5,0.033448,398.366931,uniform_sample,305.366885,516.458377,PDF page 25 / API page 19,point_type=uniform_sample
Figure 11,KLr,Er_ksi=5,0.035776,389.904866,uniform_sample,314.989146,520.026014,PDF page 25 / API page 19,point_type=uniform_sample
Figure 11,KLr,Er_ksi=5,0.038103,381.541741,uniform_sample,324.52761,523.543544,PDF page 25 / API page 19,point_type=uniform_sample
Figure 11,KLr,Er_ksi=5,0.040431,373.143981,uniform_sample,334.136752,527.075642,PDF page 25 / API page 19,point_type=uniform_sample
Figure 11,KLr,Er_ksi=5,0.042759,364.494156,uniform_sample,344.05694,530.713758,PDF page 25 / API page 19,point_type=uniform_sample
Figure 11,KLr,Er_ksi=5,0.045086,355.859247,uniform_sample,353.977129,534.345601,PDF page 25 / API page 19,point_type=uniform_sample
Figure 11,KLr,Er_ksi=5,0.047414,347.579551,uniform_sample,363.501466,537.827926,PDF page 25 / API page 19,point_type=uniform_sample
Figure 11,KLr,Er_ksi=5,0.049741,339.162956,uniform_sample,373.039929,541.311708,PDF page 25 / API page 19,point_type=uniform_sample
Figure 11,KLr,Er_ksi=5,0.05,338.231402,spreadsheet_x,374.1,541.698676,PDF page 25 / API page 19,point_type=spreadsheet_x
Figure 11,KLr,Er_ksi=5,0.052069,330.685743,uniform_sample,382.690114,544.833142,PDF page 25 / API page 19,point_type=uniform_sample
Figure 11,KLr,Er_ksi=5,0.054397,322.202823,uniform_sample,392.354268,548.356947,PDF page 25 / API page 19,point_type=uniform_sample
Figure 11,KLr,Er_ksi=5,0.056724,313.80728,uniform_sample,401.925321,551.844456,PDF page 25 / API page 19,point_type=uniform_sample
Figure 11,KLr,Er_ksi=5,0.059052,305.445302,uniform_sample,411.463785,555.318022,PDF page 25 / API page 19,point_type=uniform_sample
Figure 11,KLr,Er_ksi=5,0.061379,297.01955,uniform_sample,421.079488,558.817832,PDF page 25 / API page 19,point_type=uniform_sample
Figure 11,KLr,Er_ksi=5,0.063707,288.547086,uniform_sample,430.748338,562.33525,PDF page 25 / API page 19,point_type=uniform_sample
Figure 11,KLr,Er_ksi=5,0.066034,280.130084,uniform_sample,440.359217,565.829989,PDF page 25 / API page 19,point_type=uniform_sample
Figure 11,KLr,Er_ksi=5,0.068362,271.780076,uniform_sample,449.897681,569.296912,PDF page 25 / API page 19,point_type=uniform_sample
Figure 11,KLr,Er_ksi=5,0.07069,263.334471,uniform_sample,459.549246,572.803528,PDF page 25 / API page 19,point_type=uniform_sample
Figure 11,KLr,Er_ksi=5,0.073017,254.657291,uniform_sample,469.469434,576.406293,PDF page 25 / API page 19,point_type=uniform_sample
Figure 11,KLr,Er_ksi=5,0.075345,245.920093,uniform_sample,479.340916,579.989914,PDF page 25 / API page 19,point_type=uniform_sample
Figure 11,KLr,Er_ksi=5,0.077672,237.698961,uniform_sample,488.502744,583.31454,PDF page 25 / API page 19,point_type=uniform_sample
Figure 11,KLr,Er_ksi=5,0.08,229.420272,endpoint/control;spreadsheet_x;uniform_sample,497.733326,586.662442,PDF page 25 / API page 19,point_type=endpoint/control;spreadsheet_x;uniform_sample
Figure 12,GLr,H_ft=10,1.912287,1.717088,endpoint/control;uniform_sample,192.496002,201.242004,PDF page 26 / API page 20,point_type=endpoint/control;uniform_sample
Figure 12,GLr,H_ft=10,2.0,1.68224,spreadsheet_x,193.06,204.219393,PDF page 26 / API page 20,point_type=spreadsheet_x
Figure 12,GLr,H_ft=10,3.245755,1.281667,uniform_sample,202.004522,238.750065,PDF page 26 / API page 20,point_type=uniform_sample
Figure 12,GLr,H_ft=10,4.0,1.124322,spreadsheet_x,207.42,251.986608,PDF page 26 / API page 20,point_type=spreadsheet_x
Figure 12,GLr,H_ft=10,4.29714,1.07929,endpoint/control,209.497009,255.744003,PDF page 26 / API page 20,point_type=endpoint/control
Figure 12,GLr,H_ft=10,4.579224,1.038048,uniform_sample,211.468774,259.185278,PDF page 26 / API page 20,point_type=uniform_sample
Figure 12,GLr,H_ft=10,5.912692,0.92547,uniform_sample,220.789719,268.742763,PDF page 26 / API page 20,point_type=uniform_sample
Figure 12,GLr,H_ft=10,6.0,0.920036,spreadsheet_x,221.4,269.208124,PDF page 26 / API page 20,point_type=spreadsheet_x
Figure 12,GLr,H_ft=10,7.246161,0.854696,uniform_sample,230.116895,274.803807,PDF page 26 / API page 20,point_type=uniform_sample
Figure 12,GLr,H_ft=10,7.94396,0.826191,endpoint/control,234.998001,277.244995,PDF page 26 / API page 20,point_type=endpoint/control
Figure 12,GLr,H_ft=10,8.0,0.823262,spreadsheet_x,235.39,277.495858,PDF page 26 / API page 20,point_type=spreadsheet_x
Figure 12,GLr,H_ft=10,8.579629,0.806978,uniform_sample,239.548841,278.890364,PDF page 26 / API page 20,point_type=uniform_sample
Figure 12,GLr,H_ft=10,9.913098,0.780328,uniform_sample,249.116478,281.172683,PDF page 26 / API page 20,point_type=uniform_sample
Figure 12,GLr,H_ft=10,10.0,0.778737,spreadsheet_x,249.74,281.308971,PDF page 26 / API page 20,point_type=spreadsheet_x
Figure 12,GLr,H_ft=10,11.246567,0.756508,uniform_sample,258.846169,283.212696,PDF page 26 / API page 20,point_type=uniform_sample
Figure 12,GLr,H_ft=10,12.0,0.743682,spreadsheet_x,264.35,284.311085,PDF page 26 / API page 20,point_type=spreadsheet_x
Figure 12,GLr,H_ft=10,12.580035,0.734352,uniform_sample,268.442148,285.110106,PDF page 26 / API page 20,point_type=uniform_sample
Figure 12,GLr,H_ft=10,13.913504,0.712725,uniform_sample,277.849769,286.905547,PDF page 26 / API page 20,point_type=uniform_sample
Figure 12,GLr,H_ft=10,15.246972,0.69158,uniform_sample,287.407027,288.684314,PDF page 26 / API page 20,point_type=uniform_sample
Figure 12,GLr,H_ft=10,16.580441,0.671035,uniform_sample,296.870185,290.412559,PDF page 26 / API page 20,point_type=uniform_sample
Figure 12,GLr,H_ft=10,17.91391,0.651085,uniform_sample,306.197797,292.090708,PDF page 26 / API page 20,point_type=uniform_sample
Figure 12,GLr,H_ft=10,19.247378,0.630906,uniform_sample,315.749938,293.788203,PDF page 26 / API page 20,point_type=uniform_sample
Figure 12,GLr,H_ft=10,20.580847,0.6109,uniform_sample,325.32048,295.471075,PDF page 26 / API page 20,point_type=uniform_sample
Figure 12,GLr,H_ft=10,21.914315,0.591067,uniform_sample,334.894784,297.139456,PDF page 26 / API page 20,point_type=uniform_sample
Figure 12,GLr,H_ft=10,23.247784,0.571239,uniform_sample,344.543955,298.807358,PDF page 26 / API page 20,point_type=uniform_sample
Figure 12,GLr,H_ft=10,24.581252,0.551836,uniform_sample,354.052955,300.439519,PDF page 26 / API page 20,point_type=uniform_sample
Figure 12,GLr,H_ft=10,25.914721,0.532935,uniform_sample,363.3739,302.029468,PDF page 26 / API page 20,point_type=uniform_sample
Figure 12,GLr,H_ft=10,26.0,0.53173,spreadsheet_x,363.97,302.130873,PDF page 26 / API page 20,point_type=spreadsheet_x
Figure 12,GLr,H_ft=10,27.24819,0.513663,uniform_sample,372.932002,303.650653,PDF page 26 / API page 20,point_type=uniform_sample
Figure 12,GLr,H_ft=10,28.581658,0.494751,uniform_sample,382.360892,305.241529,PDF page 26 / API page 20,point_type=uniform_sample
Figure 12,GLr,H_ft=10,29.915127,0.473856,uniform_sample,391.601829,306.793234,PDF page 26 / API page 20,point_type=uniform_sample
Figure 12,GLr,H_ft=10,31.248595,0.452923,uniform_sample,401.148672,308.389151,PDF page 26 / API page 20,point_type=uniform_sample
Figure 12,GLr,H_ft=10,32.582064,0.432028,uniform_sample,410.71922,309.982159,PDF page 26 / API page 20,point_type=uniform_sample
Figure 12,GLr,H_ft=10,33.915533,0.411211,uniform_sample,420.293524,311.569302,PDF page 26 / API page 20,point_type=uniform_sample
Figure 12,GLr,H_ft=10,35.249001,0.389976,uniform_sample,430.098894,313.188259,PDF page 26 / API page 20,point_type=uniform_sample
Figure 12,GLr,H_ft=10,36.58247,0.369185,uniform_sample,439.736412,314.773336,PDF page 26 / API page 20,point_type=uniform_sample
Figure 12,GLr,H_ft=10,37.915938,0.348981,uniform_sample,449.137366,316.313715,PDF page 26 / API page 20,point_type=uniform_sample
Figure 12,GLr,H_ft=10,39.249407,0.328505,uniform_sample,458.700742,317.874758,PDF page 26 / API page 20,point_type=uniform_sample
Figure 12,GLr,H_ft=10,40.582876,0.307018,uniform_sample,468.779234,319.512982,PDF page 26 / API page 20,point_type=uniform_sample
Figure 12,GLr,H_ft=10,41.916344,0.284273,endpoint/control;uniform_sample,479.506989,321.247009,PDF page 26 / API page 20,point_type=endpoint/control;uniform_sample
Figure 12,GLr,H_ft=14,1.912287,1.252948,endpoint/control;uniform_sample,192.496002,241.244019,PDF page 26 / API page 20,point_type=endpoint/control;uniform_sample
Figure 12,GLr,H_ft=14,2.0,1.227603,spreadsheet_x,193.06,243.36882,PDF page 26 / API page 20,point_type=spreadsheet_x
Figure 12,GLr,H_ft=14,3.247827,0.955319,uniform_sample,202.019396,266.186438,PDF page 26 / API page 20,point_type=uniform_sample
Figure 12,GLr,H_ft=14,4.0,0.853565,spreadsheet_x,207.42,274.900698,PDF page 26 / API page 20,point_type=spreadsheet_x
Figure 12,GLr,H_ft=14,4.583367,0.792374,uniform_sample,211.497736,280.14106,PDF page 26 / API page 20,point_type=uniform_sample
Figure 12,GLr,H_ft=14,5.918907,0.685571,uniform_sample,220.833162,289.189755,PDF page 26 / API page 20,point_type=uniform_sample
Figure 12,GLr,H_ft=14,6.0,0.680279,spreadsheet_x,221.4,289.634944,PDF page 26 / API page 20,point_type=spreadsheet_x
Figure 12,GLr,H_ft=14,7.254448,0.61279,uniform_sample,230.174861,295.312131,PDF page 26 / API page 20,point_type=uniform_sample
Figure 12,GLr,H_ft=14,8.0,0.583892,spreadsheet_x,235.39,297.743035,PDF page 26 / API page 20,point_type=spreadsheet_x
Figure 12,GLr,H_ft=14,8.589988,0.565972,uniform_sample,239.623163,299.250456,PDF page 26 / API page 20,point_type=uniform_sample
Figure 12,GLr,H_ft=14,9.548153,0.548193,endpoint/control,246.498001,300.746033,PDF page 26 / API page 20,point_type=endpoint/control
Figure 12,GLr,H_ft=14,9.925528,0.541612,uniform_sample,249.205664,301.299584,PDF page 26 / API page 20,point_type=uniform_sample
Figure 12,GLr,H_ft=14,10.0,0.5406,spreadsheet_x,249.74,301.38472,PDF page 26 / API page 20,point_type=spreadsheet_x
Figure 12,GLr,H_ft=14,11.261068,0.525195,uniform_sample,258.952104,302.680581,PDF page 26 / API page 20,point_type=uniform_sample
Figure 12,GLr,H_ft=14,12.0,0.516856,spreadsheet_x,264.35,303.382113,PDF page 26 / API page 20,point_type=spreadsheet_x
Figure 12,GLr,H_ft=14,12.596609,0.51051,uniform_sample,268.559074,303.915911,PDF page 26 / API page 20,point_type=uniform_sample
Figure 12,GLr,H_ft=14,13.932149,0.496614,uniform_sample,277.981311,305.084794,PDF page 26 / API page 20,point_type=uniform_sample
Figure 12,GLr,H_ft=14,15.267689,0.482787,uniform_sample,287.55567,306.247933,PDF page 26 / API page 20,point_type=uniform_sample
Figure 12,GLr,H_ft=14,16.603229,0.466125,uniform_sample,297.02959,307.382594,PDF page 26 / API page 20,point_type=uniform_sample
Figure 12,GLr,H_ft=14,17.93877,0.451602,uniform_sample,306.371694,308.48983,PDF page 26 / API page 20,point_type=uniform_sample
Figure 12,GLr,H_ft=14,19.27431,0.436844,uniform_sample,315.943174,309.614982,PDF page 26 / API page 20,point_type=uniform_sample
Figure 12,GLr,H_ft=14,20.60985,0.422165,uniform_sample,325.528725,310.734145,PDF page 26 / API page 20,point_type=uniform_sample
Figure 12,GLr,H_ft=14,21.945391,0.407562,uniform_sample,335.117904,311.847463,PDF page 26 / API page 20,point_type=uniform_sample
Figure 12,GLr,H_ft=14,23.280931,0.392913,uniform_sample,344.783939,312.964293,PDF page 26 / API page 20,point_type=uniform_sample
Figure 12,GLr,H_ft=14,24.616471,0.378553,uniform_sample,354.299133,314.05909,PDF page 26 / API page 20,point_type=uniform_sample
Figure 12,GLr,H_ft=14,25.952011,0.364516,uniform_sample,363.634559,315.129301,PDF page 26 / API page 20,point_type=uniform_sample
Figure 12,GLr,H_ft=14,26.0,0.364012,spreadsheet_x,363.97,315.167693,PDF page 26 / API page 20,point_type=spreadsheet_x
Figure 12,GLr,H_ft=14,27.287552,0.350157,uniform_sample,373.21462,316.223999,PDF page 26 / API page 20,point_type=uniform_sample
Figure 12,GLr,H_ft=14,28.623092,0.336061,uniform_sample,382.648027,317.298707,PDF page 26 / API page 20,point_type=uniform_sample
Figure 12,GLr,H_ft=14,29.958632,0.322268,uniform_sample,391.903321,318.350317,PDF page 26 / API page 20,point_type=uniform_sample
Figure 12,GLr,H_ft=14,31.294172,0.308037,uniform_sample,401.475687,319.435248,PDF page 26 / API page 20,point_type=uniform_sample
Figure 12,GLr,H_ft=14,32.629713,0.293821,uniform_sample,411.061337,320.51912,PDF page 26 / API page 20,point_type=uniform_sample
Figure 12,GLr,H_ft=14,33.965253,0.279631,uniform_sample,420.650516,321.600961,PDF page 26 / API page 20,point_type=uniform_sample
Figure 12,GLr,H_ft=14,35.300793,0.265116,uniform_sample,430.480342,322.707573,PDF page 26 / API page 20,point_type=uniform_sample
Figure 12,GLr,H_ft=14,36.636333,0.250917,uniform_sample,440.116151,323.790079,PDF page 26 / API page 20,point_type=uniform_sample
Figure 12,GLr,H_ft=14,37.971874,0.237071,uniform_sample,449.53171,324.84573,PDF page 26 / API page 20,point_type=uniform_sample
Figure 12,GLr,H_ft=14,39.307414,0.228675,uniform_sample,459.117233,325.918276,PDF page 26 / API page 20,point_type=uniform_sample
Figure 12,GLr,H_ft=14,40.642954,0.21694,uniform_sample,469.262567,327.050954,PDF page 26 / API page 20,point_type=uniform_sample
Figure 12,GLr,H_ft=14,41.978495,0.204548,endpoint/control;uniform_sample,480.006989,328.247009,PDF page 26 / API page 20,point_type=endpoint/control;uniform_sample
Figure 12,GLr,H_ft=6,2.067807,2.274045,endpoint/control;uniform_sample,193.496002,153.23999,PDF page 26 / API page 20,point_type=endpoint/control;uniform_sample
Figure 12,GLr,H_ft=6,3.398164,1.689729,uniform_sample,203.098816,203.579525,PDF page 26 / API page 20,point_type=uniform_sample
Figure 12,GLr,H_ft=6,4.0,1.536325,spreadsheet_x,207.42,216.686371,PDF page 26 / API page 20,point_type=spreadsheet_x
Figure 12,GLr,H_ft=6,4.72852,1.403925,uniform_sample,212.512355,228.133182,PDF page 26 / API page 20,point_type=uniform_sample
Figure 12,GLr,H_ft=6,5.441632,1.316295,endpoint/control,217.497009,235.742981,PDF page 26 / API page 20,point_type=endpoint/control
Figure 12,GLr,H_ft=6,6.0,1.26056,spreadsheet_x,221.4,240.582998,PDF page 26 / API page 20,point_type=spreadsheet_x
Figure 12,GLr,H_ft=6,6.058876,1.255423,uniform_sample,221.811545,241.029091,PDF page 26 / API page 20,point_type=uniform_sample
Figure 12,GLr,H_ft=6,7.389232,1.159254,uniform_sample,231.117681,249.071855,PDF page 26 / API page 20,point_type=uniform_sample
Figure 12,GLr,H_ft=6,8.0,1.12589,spreadsheet_x,235.39,251.855715,PDF page 26 / API page 20,point_type=spreadsheet_x
Figure 12,GLr,H_ft=6,8.719589,1.091744,uniform_sample,240.553049,254.704871,PDF page 26 / API page 20,point_type=uniform_sample
Figure 12,GLr,H_ft=6,10.0,1.043968,spreadsheet_x,249.74,258.691339,PDF page 26 / API page 20,point_type=spreadsheet_x
Figure 12,GLr,H_ft=6,10.049945,1.042394,uniform_sample,250.098355,258.822639,PDF page 26 / API page 20,point_type=uniform_sample
Figure 12,GLr,H_ft=6,11.380301,1.007818,uniform_sample,259.8231,261.707676,PDF page 26 / API page 20,point_type=uniform_sample
Figure 12,GLr,H_ft=6,11.40438,1.007383,endpoint/control,259.998993,261.743988,PDF page 26 / API page 20,point_type=endpoint/control
Figure 12,GLr,H_ft=6,12.0,0.993222,spreadsheet_x,264.35,262.925585,PDF page 26 / API page 20,point_type=spreadsheet_x
Figure 12,GLr,H_ft=6,12.710657,0.977689,uniform_sample,269.363688,264.270754,PDF page 26 / API page 20,point_type=uniform_sample
Figure 12,GLr,H_ft=6,12.75,0.976824,annex_control_x,269.64125,264.344818,PDF page 26 / API page 20,point_type=annex_control_x
Figure 12,GLr,H_ft=6,14.041014,0.948764,uniform_sample,278.7556,266.747832,PDF page 26 / API page 20,point_type=uniform_sample
Figure 12,GLr,H_ft=6,15.37137,0.919955,uniform_sample,288.299579,269.215012,PDF page 26 / API page 20,point_type=uniform_sample
Figure 12,GLr,H_ft=6,16.701726,0.892021,uniform_sample,297.718574,271.60735,PDF page 26 / API page 20,point_type=uniform_sample
Figure 12,GLr,H_ft=6,18.032082,0.864832,uniform_sample,307.030977,273.935786,PDF page 26 / API page 20,point_type=uniform_sample
Figure 12,GLr,H_ft=6,19.362439,0.837357,uniform_sample,316.575497,276.288717,PDF page 26 / API page 20,point_type=uniform_sample
Figure 12,GLr,H_ft=6,20.692795,0.810226,uniform_sample,326.124267,278.612227,PDF page 26 / API page 20,point_type=uniform_sample
Figure 12,GLr,H_ft=6,22.023151,0.783409,uniform_sample,335.676224,280.908887,PDF page 26 / API page 20,point_type=uniform_sample
Figure 12,GLr,H_ft=6,23.353507,0.756661,uniform_sample,345.309392,283.199537,PDF page 26 / API page 20,point_type=uniform_sample
Figure 12,GLr,H_ft=6,24.683863,0.730312,uniform_sample,354.770206,285.426147,PDF page 26 / API page 20,point_type=uniform_sample
Figure 12,GLr,H_ft=6,26.0,0.704801,spreadsheet_x,363.974596,287.572107,PDF page 26 / API page 20,point_type=spreadsheet_x
Figure 12,GLr,H_ft=6,26.01422,0.704521,uniform_sample,364.076405,287.595722,PDF page 26 / API page 20,point_type=uniform_sample
Figure 12,GLr,H_ft=6,27.344576,0.678296,uniform_sample,373.624055,289.801745,PDF page 26 / API page 20,point_type=uniform_sample
Figure 12,GLr,H_ft=6,28.674932,0.652741,uniform_sample,383.00728,291.951442,PDF page 26 / API page 20,point_type=uniform_sample
Figure 12,GLr,H_ft=6,30.005288,0.627822,uniform_sample,392.230079,294.047597,PDF page 26 / API page 20,point_type=uniform_sample
Figure 12,GLr,H_ft=6,31.335645,0.602237,uniform_sample,401.77325,296.199793,PDF page 26 / API page 20,point_type=uniform_sample
Figure 12,GLr,H_ft=6,32.666001,0.576831,uniform_sample,411.321886,298.336969,PDF page 26 / API page 20,point_type=uniform_sample
Figure 12,GLr,H_ft=6,33.996357,0.551603,uniform_sample,420.873844,300.459169,PDF page 26 / API page 20,point_type=uniform_sample
Figure 12,GLr,H_ft=6,35.326713,0.525916,uniform_sample,430.671244,302.619965,PDF page 26 / API page 20,point_type=uniform_sample
Figure 12,GLr,H_ft=6,36.65707,0.500953,uniform_sample,440.262341,304.719853,PDF page 26 / API page 20,point_type=uniform_sample
Figure 12,GLr,H_ft=6,37.987426,0.474311,uniform_sample,449.641352,306.758528,PDF page 26 / API page 20,point_type=uniform_sample
Figure 12,GLr,H_ft=6,39.317782,0.447285,uniform_sample,459.191675,308.819,PDF page 26 / API page 20,point_type=uniform_sample
Figure 12,GLr,H_ft=6,40.648138,0.418907,uniform_sample,469.304273,310.982494,PDF page 26 / API page 20,point_type=uniform_sample
Figure 12,GLr,H_ft=6,41.978495,0.389219,endpoint/control;uniform_sample,480.006989,313.245972,PDF page 26 / API page 20,point_type=endpoint/control;uniform_sample
Figure 13,NL,H_ft=10,2.21099,1.033653,endpoint/control;uniform_sample,169.847015,604.054993,PDF page 26 / API page 20,point_type=endpoint/control;uniform_sample
Figure 13,NL,H_ft=10,3.537236,1.037604,uniform_sample,179.618195,603.415704,PDF page 26 / API page 20,point_type=uniform_sample
Figure 13,NL,H_ft=10,4.863482,1.041817,uniform_sample,190.036942,602.734048,PDF page 26 / API page 20,point_type=uniform_sample
Figure 13,NL,H_ft=10,6.189728,1.046133,uniform_sample,200.710383,602.035729,PDF page 26 / API page 20,point_type=uniform_sample
Figure 13,NL,H_ft=10,7.515974,1.050261,uniform_sample,210.920618,601.367715,PDF page 26 / API page 20,point_type=uniform_sample
Figure 13,NL,H_ft=10,8.842221,1.054152,uniform_sample,220.542729,600.73818,PDF page 26 / API page 20,point_type=uniform_sample
Figure 13,NL,H_ft=10,10.168467,1.058077,uniform_sample,230.249418,600.103111,PDF page 26 / API page 20,point_type=uniform_sample
Figure 13,NL,H_ft=10,11.494713,1.062056,uniform_sample,240.089066,599.459343,PDF page 26 / API page 20,point_type=uniform_sample
Figure 13,NL,H_ft=10,12.820959,1.066126,uniform_sample,250.154628,598.800794,PDF page 26 / API page 20,point_type=uniform_sample
Figure 13,NL,H_ft=10,14.147205,1.070099,uniform_sample,259.979742,598.157977,PDF page 26 / API page 20,point_type=uniform_sample
Figure 13,NL,H_ft=10,14.238,1.070368,spreadsheet_x,260.646118,598.114379,PDF page 26 / API page 20,point_type=spreadsheet_x
Figure 13,NL,H_ft=10,15.473451,1.074041,uniform_sample,269.729034,597.520121,PDF page 26 / API page 20,point_type=uniform_sample
Figure 13,NL,H_ft=10,16.799697,1.077998,uniform_sample,279.514144,596.879921,PDF page 26 / API page 20,point_type=uniform_sample
Figure 13,NL,H_ft=10,18.125943,1.082077,uniform_sample,289.601578,596.219942,PDF page 26 / API page 20,point_type=uniform_sample
Figure 13,NL,H_ft=10,19.452189,1.086124,uniform_sample,299.609191,595.565184,PDF page 26 / API page 20,point_type=uniform_sample
Figure 13,NL,H_ft=10,20.778436,1.090091,uniform_sample,309.469662,594.920054,PDF page 26 / API page 20,point_type=uniform_sample
Figure 13,NL,H_ft=10,22.104682,1.0938,uniform_sample,319.054851,594.292934,PDF page 26 / API page 20,point_type=uniform_sample
Figure 13,NL,H_ft=10,23.430928,1.09787,uniform_sample,328.912738,593.647973,PDF page 26 / API page 20,point_type=uniform_sample
Figure 13,NL,H_ft=10,24.372495,1.100883,endpoint/control,336.003998,593.184021,PDF page 26 / API page 20,point_type=endpoint/control
Figure 13,NL,H_ft=10,24.507,1.103638,spreadsheet_x,337.030945,592.759701,PDF page 26 / API page 20,point_type=spreadsheet_x
Figure 13,NL,H_ft=10,24.757174,1.108763,uniform_sample,338.941023,591.970483,PDF page 26 / API page 20,point_type=uniform_sample
Figure 13,NL,H_ft=10,26.08342,1.135639,uniform_sample,348.95807,587.83158,PDF page 26 / API page 20,point_type=uniform_sample
Figure 13,NL,H_ft=10,27.409666,1.16113,uniform_sample,358.45879,583.906017,PDF page 26 / API page 20,point_type=uniform_sample
Figure 13,NL,H_ft=10,28.735912,1.187818,uniform_sample,368.320238,579.831405,PDF page 26 / API page 20,point_type=uniform_sample
Figure 13,NL,H_ft=10,30.062158,1.214166,uniform_sample,378.40458,575.664697,PDF page 26 / API page 20,point_type=uniform_sample
Figure 13,NL,H_ft=10,31.388405,1.240447,uniform_sample,388.530469,571.480822,PDF page 26 / API page 20,point_type=uniform_sample
Figure 13,NL,H_ft=10,32.714651,1.265713,uniform_sample,398.265302,567.458526,PDF page 26 / API page 20,point_type=uniform_sample
Figure 13,NL,H_ft=10,34.040897,1.290622,uniform_sample,407.872748,563.488864,PDF page 26 / API page 20,point_type=uniform_sample
Figure 13,NL,H_ft=10,35.367143,1.316074,uniform_sample,417.71597,559.421784,PDF page 26 / API page 20,point_type=uniform_sample
Figure 13,NL,H_ft=10,36.693389,1.341906,uniform_sample,427.744026,555.278332,PDF page 26 / API page 20,point_type=uniform_sample
Figure 13,NL,H_ft=10,38.019635,1.367961,uniform_sample,437.85863,551.09912,PDF page 26 / API page 20,point_type=uniform_sample
Figure 13,NL,H_ft=10,39.345881,1.392295,uniform_sample,447.295781,547.199822,PDF page 26 / API page 20,point_type=uniform_sample
Figure 13,NL,H_ft=10,40.672127,1.421507,uniform_sample,458.718404,542.480155,PDF page 26 / API page 20,point_type=uniform_sample
Figure 13,NL,H_ft=10,41.998374,1.454413,endpoint/control;uniform_sample,471.604004,537.156006,PDF page 26 / API page 20,point_type=endpoint/control;uniform_sample
Figure 13,NL,H_ft=14,2.218398,1.13113,endpoint/control;uniform_sample,170.36499,588.526001,PDF page 26 / API page 20,point_type=endpoint/control;uniform_sample
Figure 13,NL,H_ft=14,3.544397,1.15162,uniform_sample,179.885752,585.370565,PDF page 26 / API page 20,point_type=uniform_sample
Figure 13,NL,H_ft=14,4.870396,1.173696,uniform_sample,190.143727,581.970797,PDF page 26 / API page 20,point_type=uniform_sample
Figure 13,NL,H_ft=14,6.196395,1.196994,uniform_sample,200.922244,578.398507,PDF page 26 / API page 20,point_type=uniform_sample
Figure 13,NL,H_ft=14,7.522394,1.217919,uniform_sample,210.973481,575.067258,PDF page 26 / API page 20,point_type=uniform_sample
Figure 13,NL,H_ft=14,8.848394,1.238135,uniform_sample,220.683929,571.848955,PDF page 26 / API page 20,point_type=uniform_sample
Figure 13,NL,H_ft=14,10.174393,1.257928,uniform_sample,230.19161,568.697854,PDF page 26 / API page 20,point_type=uniform_sample
Figure 13,NL,H_ft=14,11.500392,1.278615,uniform_sample,240.128602,565.404469,PDF page 26 / API page 20,point_type=uniform_sample
Figure 13,NL,H_ft=14,12.826391,1.299513,uniform_sample,250.179496,562.073332,PDF page 26 / API page 20,point_type=uniform_sample
Figure 13,NL,H_ft=14,14.15239,1.320216,uniform_sample,260.184676,558.757348,PDF page 26 / API page 20,point_type=uniform_sample
Figure 13,NL,H_ft=14,14.238,1.321543,spreadsheet_x,260.827055,558.544446,PDF page 26 / API page 20,point_type=spreadsheet_x
Figure 13,NL,H_ft=14,14.254252,1.321795,endpoint/control,260.949005,558.504028,PDF page 26 / API page 20,point_type=endpoint/control
Figure 13,NL,H_ft=14,15.47839,1.320348,uniform_sample,269.658741,558.736235,PDF page 26 / API page 20,point_type=uniform_sample
Figure 13,NL,H_ft=14,16.804389,1.318711,uniform_sample,279.506501,558.998782,PDF page 26 / API page 20,point_type=uniform_sample
Figure 13,NL,H_ft=14,18.130388,1.317027,uniform_sample,289.635512,559.268827,PDF page 26 / API page 20,point_type=uniform_sample
Figure 13,NL,H_ft=14,19.456387,1.315345,uniform_sample,299.759516,559.538739,PDF page 26 / API page 20,point_type=uniform_sample
Figure 13,NL,H_ft=14,20.782386,1.313729,uniform_sample,309.480591,559.797908,PDF page 26 / API page 20,point_type=uniform_sample
Figure 13,NL,H_ft=14,22.108386,1.31216,uniform_sample,318.921705,560.049614,PDF page 26 / API page 20,point_type=uniform_sample
Figure 13,NL,H_ft=14,23.434385,1.310498,uniform_sample,328.915057,560.316042,PDF page 26 / API page 20,point_type=uniform_sample
Figure 13,NL,H_ft=14,24.507,1.309149,spreadsheet_x,337.035272,560.532532,PDF page 26 / API page 20,point_type=spreadsheet_x
Figure 13,NL,H_ft=14,24.711462,1.30889,endpoint/control,338.59201,560.574036,PDF page 26 / API page 20,point_type=endpoint/control
Figure 13,NL,H_ft=14,24.760384,1.309419,uniform_sample,338.965531,560.489178,PDF page 26 / API page 20,point_type=uniform_sample
Figure 13,NL,H_ft=14,26.086383,1.323758,uniform_sample,349.089535,558.18918,PDF page 26 / API page 20,point_type=uniform_sample
Figure 13,NL,H_ft=14,27.412382,1.337082,uniform_sample,358.49644,556.052095,PDF page 26 / API page 20,point_type=uniform_sample
Figure 13,NL,H_ft=14,28.738382,1.351026,uniform_sample,368.341419,553.815486,PDF page 26 / API page 20,point_type=uniform_sample
Figure 13,NL,H_ft=14,30.064381,1.365303,uniform_sample,378.421547,551.525456,PDF page 26 / API page 20,point_type=uniform_sample
Figure 13,NL,H_ft=14,31.39038,1.379642,uniform_sample,388.545551,549.225458,PDF page 26 / API page 20,point_type=uniform_sample
Figure 13,NL,H_ft=14,32.716379,1.393495,uniform_sample,398.334111,547.001667,PDF page 26 / API page 20,point_type=uniform_sample
Figure 13,NL,H_ft=14,34.042378,1.406928,uniform_sample,407.85321,544.839093,PDF page 26 / API page 20,point_type=uniform_sample
Figure 13,NL,H_ft=14,35.368378,1.420783,uniform_sample,417.721058,542.597289,PDF page 26 / API page 20,point_type=uniform_sample
Figure 13,NL,H_ft=14,36.694377,1.434867,uniform_sample,427.751566,540.318531,PDF page 26 / API page 20,point_type=uniform_sample
Figure 13,NL,H_ft=14,38.020376,1.449082,uniform_sample,437.87557,538.018533,PDF page 26 / API page 20,point_type=uniform_sample
Figure 13,NL,H_ft=14,39.346375,1.462326,uniform_sample,447.307708,535.875715,PDF page 26 / API page 20,point_type=uniform_sample
Figure 13,NL,H_ft=14,40.672374,1.478348,uniform_sample,458.718974,533.283273,PDF page 26 / API page 20,point_type=uniform_sample
Figure 13,NL,H_ft=14,41.998374,1.496162,endpoint/control;uniform_sample,471.604004,530.356018,PDF page 26 / API page 20,point_type=endpoint/control;uniform_sample
Figure 13,NL,H_ft=6,2.29101,1.032052,endpoint/control;uniform_sample,170.881989,604.313965,PDF page 26 / API page 20,point_type=endpoint/control;uniform_sample
Figure 13,NL,H_ft=6,3.614643,1.030665,uniform_sample,180.306256,604.538342,PDF page 26 / API page 20,point_type=uniform_sample
Figure 13,NL,H_ft=6,4.938276,1.029153,uniform_sample,190.58399,604.783039,PDF page 26 / API page 20,point_type=uniform_sample
Figure 13,NL,H_ft=6,6.261909,1.027578,uniform_sample,201.287406,605.037871,PDF page 26 / API page 20,point_type=uniform_sample
Figure 13,NL,H_ft=6,7.585542,1.026082,uniform_sample,211.454465,605.279933,PDF page 26 / API page 20,point_type=uniform_sample
Figure 13,NL,H_ft=6,8.909175,1.024673,uniform_sample,221.031275,605.507943,PDF page 26 / API page 20,point_type=uniform_sample
Figure 13,NL,H_ft=6,10.232808,1.023247,uniform_sample,230.724093,605.738714,PDF page 26 / API page 20,point_type=uniform_sample
Figure 13,NL,H_ft=6,11.556441,1.021799,uniform_sample,240.559697,605.972884,PDF page 26 / API page 20,point_type=uniform_sample
Figure 13,NL,H_ft=6,12.75,1.020467,annex_control_x,249.614235,606.188459,PDF page 26 / API page 20,point_type=annex_control_x
Figure 13,NL,H_ft=6,12.880074,1.020322,uniform_sample,250.600995,606.211952,PDF page 26 / API page 20,point_type=uniform_sample
Figure 13,NL,H_ft=6,14.203707,1.01888,uniform_sample,260.400574,606.445265,PDF page 26 / API page 20,point_type=uniform_sample
Figure 13,NL,H_ft=6,14.238,1.018843,spreadsheet_x,260.653091,606.451277,PDF page 26 / API page 20,point_type=spreadsheet_x
Figure 13,NL,H_ft=6,15.52734,1.017447,uniform_sample,270.135968,606.67705,PDF page 26 / API page 20,point_type=uniform_sample
Figure 13,NL,H_ft=6,16.850973,1.016015,uniform_sample,279.867177,606.908735,PDF page 26 / API page 20,point_type=uniform_sample
Figure 13,NL,H_ft=6,18.174606,1.014528,uniform_sample,289.973115,607.149342,PDF page 26 / API page 20,point_type=uniform_sample
Figure 13,NL,H_ft=6,19.498239,1.013056,uniform_sample,299.975861,607.387492,PDF page 26 / API page 20,point_type=uniform_sample
Figure 13,NL,H_ft=6,20.821872,1.011613,uniform_sample,309.786837,607.621076,PDF page 26 / API page 20,point_type=uniform_sample
Figure 13,NL,H_ft=6,22.145505,1.010214,uniform_sample,319.289905,607.84733,PDF page 26 / API page 20,point_type=uniform_sample
Figure 13,NL,H_ft=6,23.469138,1.00876,uniform_sample,329.175879,608.0827,PDF page 26 / API page 20,point_type=uniform_sample
Figure 13,NL,H_ft=6,24.103134,1.008059,endpoint/control,333.934021,608.195984,PDF page 26 / API page 20,point_type=endpoint/control
Figure 13,NL,H_ft=6,24.507,1.0143,spreadsheet_x,337.021145,607.186284,PDF page 26 / API page 20,point_type=spreadsheet_x
Figure 13,NL,H_ft=6,24.792771,1.018715,uniform_sample,339.205558,606.471832,PDF page 26 / API page 20,point_type=uniform_sample
Figure 13,NL,H_ft=6,26.116404,1.038755,uniform_sample,349.118959,603.229475,PDF page 26 / API page 20,point_type=uniform_sample
Figure 13,NL,H_ft=6,27.440037,1.0582,uniform_sample,358.738639,600.083185,PDF page 26 / API page 20,point_type=uniform_sample
Figure 13,NL,H_ft=6,28.76367,1.077914,uniform_sample,368.490619,596.893623,PDF page 26 / API page 20,point_type=uniform_sample
Figure 13,NL,H_ft=6,30.087303,1.09838,uniform_sample,378.596558,593.588293,PDF page 26 / API page 20,point_type=uniform_sample
Figure 13,NL,H_ft=6,31.410936,1.119721,uniform_sample,388.702496,590.282963,PDF page 26 / API page 20,point_type=uniform_sample
Figure 13,NL,H_ft=6,32.734569,1.140277,uniform_sample,398.381117,587.117394,PDF page 26 / API page 20,point_type=uniform_sample
Figure 13,NL,H_ft=6,34.058202,1.160735,uniform_sample,408.013863,583.96683,PDF page 26 / API page 20,point_type=uniform_sample
Figure 13,NL,H_ft=6,35.381835,1.181595,uniform_sample,417.828055,580.756921,PDF page 26 / API page 20,point_type=uniform_sample
Figure 13,NL,H_ft=6,36.705468,1.202741,uniform_sample,427.836248,577.483561,PDF page 26 / API page 20,point_type=uniform_sample
Figure 13,NL,H_ft=6,38.029101,1.223404,uniform_sample,437.893734,574.194078,PDF page 26 / API page 20,point_type=uniform_sample
Figure 13,NL,H_ft=6,39.352734,1.242812,uniform_sample,447.340583,571.104315,PDF page 26 / API page 20,point_type=uniform_sample
Figure 13,NL,H_ft=6,40.676367,1.266261,uniform_sample,458.754148,567.371301,PDF page 26 / API page 20,point_type=uniform_sample
Figure 13,NL,H_ft=6,42.0,1.29275,endpoint/control;spreadsheet_x;uniform_sample,471.621002,563.162964,PDF page 26 / API page 20,point_type=endpoint/control;spreadsheet_x;uniform_sample
Figure 14,KHh,Er_ksi=10,0.01021,12.625261,endpoint/control;uniform_sample,215.621994,278.786011,PDF page 27 / API page 21,point_type=endpoint/control;uniform_sample
Figure 14,KHh,Er_ksi=10,0.01061,13.009063,spreadsheet_x,217.11288,275.862978,PDF page 27 / API page 21,point_type=spreadsheet_x
Figure 14,KHh,Er_ksi=10,0.01211,14.00257,spreadsheet_x,222.82488,268.296428,PDF page 27 / API page 21,point_type=spreadsheet_x
Figure 14,KHh,Er_ksi=10,0.012535,14.186845,uniform_sample,224.443013,266.892986,PDF page 27 / API page 21,point_type=uniform_sample
Figure 14,KHh,Er_ksi=10,0.01394,14.588438,spreadsheet_x,229.79352,263.834459,PDF page 27 / API page 21,point_type=spreadsheet_x
Figure 14,KHh,Er_ksi=10,0.01486,14.716154,uniform_sample,233.295585,262.861768,PDF page 27 / API page 21,point_type=uniform_sample
Figure 14,KHh,Er_ksi=10,0.01541,14.752615,spreadsheet_x,235.49378,262.584081,PDF page 27 / API page 21,point_type=spreadsheet_x
Figure 14,KHh,Er_ksi=10,0.017184,14.679933,uniform_sample,242.694255,263.137632,PDF page 27 / API page 21,point_type=uniform_sample
Figure 14,KHh,Er_ksi=10,0.01729,14.66749,spreadsheet_x,243.12282,263.232399,PDF page 27 / API page 21,point_type=spreadsheet_x
Figure 14,KHh,Er_ksi=10,0.019509,14.228524,uniform_sample,252.128009,266.575561,PDF page 27 / API page 21,point_type=uniform_sample
Figure 14,KHh,Er_ksi=10,0.02,14.089377,annex_control_x,254.12,267.635307,PDF page 27 / API page 21,point_type=annex_control_x
Figure 14,KHh,Er_ksi=10,0.02018,14.034725,spreadsheet_x,254.85044,268.051534,PDF page 27 / API page 21,point_type=spreadsheet_x
Figure 14,KHh,Er_ksi=10,0.021834,13.48637,uniform_sample,261.099633,272.22781,PDF page 27 / API page 21,point_type=uniform_sample
Figure 14,KHh,Er_ksi=10,0.022497,13.216122,endpoint/control,263.624001,274.286018,PDF page 27 / API page 21,point_type=endpoint/control
Figure 14,KHh,Er_ksi=10,0.024159,12.53179,uniform_sample,269.947517,279.497887,PDF page 27 / API page 21,point_type=uniform_sample
Figure 14,KHh,Er_ksi=10,0.02425,12.495093,spreadsheet_x,270.2955,279.777369,PDF page 27 / API page 21,point_type=spreadsheet_x
Figure 14,KHh,Er_ksi=10,0.026483,11.688527,uniform_sample,278.946736,286.40706,PDF page 27 / API page 21,point_type=uniform_sample
Figure 14,KHh,Er_ksi=10,0.028808,10.904696,uniform_sample,288.031781,292.847019,PDF page 27 / API page 21,point_type=uniform_sample
Figure 14,KHh,Er_ksi=10,0.02991,10.553495,spreadsheet_x,292.33828,295.732486,PDF page 27 / API page 21,point_type=spreadsheet_x
Figure 14,KHh,Er_ksi=10,0.031133,10.186165,uniform_sample,297.00355,298.750471,PDF page 27 / API page 21,point_type=uniform_sample
Figure 14,KHh,Er_ksi=10,0.033457,9.487663,uniform_sample,305.856122,304.18196,PDF page 27 / API page 21,point_type=uniform_sample
Figure 14,KHh,Er_ksi=10,0.035782,8.811877,uniform_sample,314.825987,309.328744,PDF page 27 / API page 21,point_type=uniform_sample
Figure 14,KHh,Er_ksi=10,0.03582,8.800937,spreadsheet_x,314.97556,309.412064,PDF page 27 / API page 21,point_type=spreadsheet_x
Figure 14,KHh,Er_ksi=10,0.038107,8.162615,uniform_sample,324.027269,314.273522,PDF page 27 / API page 21,point_type=uniform_sample
Figure 14,KHh,Er_ksi=10,0.04007,7.64597,spreadsheet_x,331.79706,318.208294,PDF page 27 / API page 21,point_type=spreadsheet_x
Figure 14,KHh,Er_ksi=10,0.040432,7.557123,uniform_sample,333.177097,318.884954,PDF page 27 / API page 21,point_type=uniform_sample
Figure 14,KHh,Er_ksi=10,0.042756,7.028439,uniform_sample,342.016371,323.075516,PDF page 27 / API page 21,point_type=uniform_sample
Figure 14,KHh,Er_ksi=10,0.04484,6.582001,spreadsheet_x,349.95072,326.630945,PDF page 27 / API page 21,point_type=spreadsheet_x
Figure 14,KHh,Er_ksi=10,0.045081,6.531743,uniform_sample,350.868905,327.031202,PDF page 27 / API page 21,point_type=uniform_sample
Figure 14,KHh,Er_ksi=10,0.047406,6.032305,uniform_sample,360.322939,331.008719,PDF page 27 / API page 21,point_type=uniform_sample
Figure 14,KHh,Er_ksi=10,0.049731,5.563654,uniform_sample,369.756694,334.741057,PDF page 27 / API page 21,point_type=uniform_sample
Figure 14,KHh,Er_ksi=10,0.05012,5.487985,spreadsheet_x,371.33696,335.343689,PDF page 27 / API page 21,point_type=spreadsheet_x
Figure 14,KHh,Er_ksi=10,0.052055,5.146219,uniform_sample,378.67662,338.065508,PDF page 27 / API page 21,point_type=uniform_sample
Figure 14,KHh,Er_ksi=10,0.05438,4.743921,uniform_sample,387.529192,341.180299,PDF page 27 / API page 21,point_type=uniform_sample
Figure 14,KHh,Er_ksi=10,0.05496,4.645432,spreadsheet_x,389.73768,341.93039,PDF page 27 / API page 21,point_type=spreadsheet_x
Figure 14,KHh,Er_ksi=10,0.056705,4.347026,uniform_sample,396.63744,344.203046,PDF page 27 / API page 21,point_type=uniform_sample
Figure 14,KHh,Er_ksi=10,0.059029,3.969673,uniform_sample,405.838721,347.076973,PDF page 27 / API page 21,point_type=uniform_sample
Figure 14,KHh,Er_ksi=10,0.05999,3.820476,spreadsheet_x,409.64042,348.213256,PDF page 27 / API page 21,point_type=spreadsheet_x
Figure 14,KHh,Er_ksi=10,0.061354,3.622655,uniform_sample,414.83687,349.71986,PDF page 27 / API page 21,point_type=uniform_sample
Figure 14,KHh,Er_ksi=10,0.063679,3.30163,uniform_sample,423.689442,352.164787,PDF page 27 / API page 21,point_type=uniform_sample
Figure 14,KHh,Er_ksi=10,0.06488,3.143621,spreadsheet_x,428.26304,353.368184,PDF page 27 / API page 21,point_type=spreadsheet_x
Figure 14,KHh,Er_ksi=10,0.066004,2.995578,uniform_sample,432.692565,354.495681,PDF page 27 / API page 21,point_type=uniform_sample
Figure 14,KHh,Er_ksi=10,0.068328,2.703543,uniform_sample,441.893807,356.719813,PDF page 27 / API page 21,point_type=uniform_sample
Figure 14,KHh,Er_ksi=10,0.07005,2.500741,spreadsheet_x,448.7079,358.264354,PDF page 27 / API page 21,point_type=spreadsheet_x
Figure 14,KHh,Er_ksi=10,0.070653,2.43506,uniform_sample,451.001577,358.76458,PDF page 27 / API page 21,point_type=uniform_sample
Figure 14,KHh,Er_ksi=10,0.072978,2.202045,uniform_sample,459.843735,360.598814,PDF page 27 / API page 21,point_type=uniform_sample
Figure 14,KHh,Er_ksi=10,0.07493,2.020049,spreadsheet_x,467.27358,362.021293,PDF page 27 / API page 21,point_type=spreadsheet_x
Figure 14,KHh,Er_ksi=10,0.075303,1.985801,uniform_sample,468.742506,362.288982,PDF page 27 / API page 21,point_type=uniform_sample
Figure 14,KHh,Er_ksi=10,0.077627,1.77711,uniform_sample,478.333031,363.920107,PDF page 27 / API page 21,point_type=uniform_sample
Figure 14,KHh,Er_ksi=10,0.079952,1.60197,endpoint/control;uniform_sample,487.882996,365.289001,PDF page 27 / API page 21,point_type=endpoint/control;uniform_sample
Figure 14,KHh,Er_ksi=20,0.01021,6.844802,endpoint/control;uniform_sample,215.621994,324.537994,PDF page 27 / API page 21,point_type=endpoint/control;uniform_sample
Figure 14,KHh,Er_ksi=20,0.01061,7.181056,spreadsheet_x,217.11288,321.860072,PDF page 27 / API page 21,point_type=spreadsheet_x
Figure 14,KHh,Er_ksi=20,0.01211,8.119176,spreadsheet_x,222.82488,314.604359,PDF page 27 / API page 21,point_type=spreadsheet_x
Figure 14,KHh,Er_ksi=20,0.012537,8.315692,uniform_sample,224.449106,313.107691,PDF page 27 / API page 21,point_type=uniform_sample
Figure 14,KHh,Er_ksi=20,0.01394,8.815981,spreadsheet_x,229.79352,309.297489,PDF page 27 / API page 21,point_type=spreadsheet_x
Figure 14,KHh,Er_ksi=20,0.014863,9.052514,uniform_sample,233.307771,307.496052,PDF page 27 / API page 21,point_type=uniform_sample
Figure 14,KHh,Er_ksi=20,0.01541,9.170997,spreadsheet_x,235.490017,306.593685,PDF page 27 / API page 21,point_type=spreadsheet_x
Figure 14,KHh,Er_ksi=20,0.017189,9.440264,uniform_sample,242.713733,304.542951,PDF page 27 / API page 21,point_type=uniform_sample
Figure 14,KHh,Er_ksi=20,0.01729,9.450636,spreadsheet_x,243.12282,304.463957,PDF page 27 / API page 21,point_type=spreadsheet_x
Figure 14,KHh,Er_ksi=20,0.019516,9.57682,uniform_sample,252.15394,303.502938,PDF page 27 / API page 21,point_type=uniform_sample
Figure 14,KHh,Er_ksi=20,0.02018,9.580863,spreadsheet_x,254.85044,303.472148,PDF page 27 / API page 21,point_type=spreadsheet_x
Figure 14,KHh,Er_ksi=20,0.021842,9.54,uniform_sample,261.130043,303.783363,PDF page 27 / API page 21,point_type=uniform_sample
Figure 14,KHh,Er_ksi=20,0.024168,9.378417,uniform_sample,269.984017,305.013979,PDF page 27 / API page 21,point_type=uniform_sample
Figure 14,KHh,Er_ksi=20,0.02425,9.37069,spreadsheet_x,270.2955,305.072826,PDF page 27 / API page 21,point_type=spreadsheet_x
Figure 14,KHh,Er_ksi=20,0.026494,9.104166,uniform_sample,278.990467,307.102674,PDF page 27 / API page 21,point_type=uniform_sample
Figure 14,KHh,Er_ksi=20,0.028821,8.71445,uniform_sample,288.081765,310.07075,PDF page 27 / API page 21,point_type=uniform_sample
Figure 14,KHh,Er_ksi=20,0.02896,8.686056,endpoint/control,288.625016,310.286994,PDF page 27 / API page 21,point_type=endpoint/control
Figure 14,KHh,Er_ksi=20,0.02991,8.465908,spreadsheet_x,292.33828,311.963641,PDF page 27 / API page 21,point_type=spreadsheet_x
Figure 14,KHh,Er_ksi=20,0.031147,8.192391,uniform_sample,297.058309,314.046751,PDF page 27 / API page 21,point_type=uniform_sample
Figure 14,KHh,Er_ksi=20,0.033473,7.697126,uniform_sample,305.916974,317.81869,PDF page 27 / API page 21,point_type=uniform_sample
Figure 14,KHh,Er_ksi=20,0.0358,7.230152,uniform_sample,314.895608,321.469069,PDF page 27 / API page 21,point_type=uniform_sample
Figure 14,KHh,Er_ksi=20,0.03582,7.226154,spreadsheet_x,314.97556,321.500911,PDF page 27 / API page 21,point_type=spreadsheet_x
Figure 14,KHh,Er_ksi=20,0.038126,6.781162,uniform_sample,324.103183,325.044823,PDF page 27 / API page 21,point_type=uniform_sample
Figure 14,KHh,Er_ksi=20,0.04007,6.422059,spreadsheet_x,331.782706,327.904719,PDF page 27 / API page 21,point_type=spreadsheet_x
Figure 14,KHh,Er_ksi=20,0.040452,6.355233,uniform_sample,333.24293,328.436925,PDF page 27 / API page 21,point_type=uniform_sample
Figure 14,KHh,Er_ksi=20,0.042779,5.960018,uniform_sample,342.101594,331.584418,PDF page 27 / API page 21,point_type=uniform_sample
Figure 14,KHh,Er_ksi=20,0.04484,5.623595,spreadsheet_x,349.95072,334.26369,PDF page 27 / API page 21,point_type=spreadsheet_x
Figure 14,KHh,Er_ksi=20,0.045105,5.580779,uniform_sample,350.969372,334.604678,PDF page 27 / API page 21,point_type=uniform_sample
Figure 14,KHh,Er_ksi=20,0.047431,5.193453,uniform_sample,360.426743,337.689337,PDF page 27 / API page 21,point_type=uniform_sample
Figure 14,KHh,Er_ksi=20,0.049758,4.823417,uniform_sample,369.86699,340.636304,PDF page 27 / API page 21,point_type=uniform_sample
Figure 14,KHh,Er_ksi=20,0.05012,4.757844,spreadsheet_x,371.33696,341.083322,PDF page 27 / API page 21,point_type=spreadsheet_x
Figure 14,KHh,Er_ksi=20,0.052084,4.465166,uniform_sample,378.786177,343.303294,PDF page 27 / API page 21,point_type=uniform_sample
Figure 14,KHh,Er_ksi=20,0.05441,4.13142,uniform_sample,387.644841,345.845103,PDF page 27 / API page 21,point_type=uniform_sample
Figure 14,KHh,Er_ksi=20,0.05496,4.054534,spreadsheet_x,389.73768,346.430666,PDF page 27 / API page 21,point_type=spreadsheet_x
Figure 14,KHh,Er_ksi=20,0.056737,3.801975,uniform_sample,396.764017,348.354157,PDF page 27 / API page 21,point_type=uniform_sample
Figure 14,KHh,Er_ksi=20,0.059063,3.483412,uniform_sample,405.971591,350.780336,PDF page 27 / API page 21,point_type=uniform_sample
Figure 14,KHh,Er_ksi=20,0.05999,3.360369,spreadsheet_x,409.64042,351.717428,PDF page 27 / API page 21,point_type=spreadsheet_x
Figure 14,KHh,Er_ksi=20,0.061389,3.185359,uniform_sample,414.970797,353.050304,PDF page 27 / API page 21,point_type=uniform_sample
Figure 14,KHh,Er_ksi=20,0.063716,2.904543,uniform_sample,423.829424,355.188998,PDF page 27 / API page 21,point_type=uniform_sample
Figure 14,KHh,Er_ksi=20,0.06488,2.768625,spreadsheet_x,428.26304,356.22415,PDF page 27 / API page 21,point_type=spreadsheet_x
Figure 14,KHh,Er_ksi=20,0.066042,2.631386,uniform_sample,432.844394,357.269363,PDF page 27 / API page 21,point_type=uniform_sample
Figure 14,KHh,Er_ksi=20,0.068368,2.365399,uniform_sample,442.052008,359.295121,PDF page 27 / API page 21,point_type=uniform_sample
Figure 14,KHh,Er_ksi=20,0.07005,2.18949,spreadsheet_x,448.7079,360.696946,PDF page 27 / API page 21,point_type=spreadsheet_x
Figure 14,KHh,Er_ksi=20,0.070695,2.125303,uniform_sample,451.15399,361.198632,PDF page 27 / API page 21,point_type=uniform_sample
Figure 14,KHh,Er_ksi=20,0.073021,1.900777,uniform_sample,460.008002,362.953526,PDF page 27 / API page 21,point_type=uniform_sample
Figure 14,KHh,Er_ksi=20,0.07493,1.726026,spreadsheet_x,467.27358,364.319379,PDF page 27 / API page 21,point_type=spreadsheet_x
Figure 14,KHh,Er_ksi=20,0.075347,1.687422,uniform_sample,468.930944,364.621113,PDF page 27 / API page 21,point_type=uniform_sample
Figure 14,KHh,Er_ksi=20,0.077674,1.473984,uniform_sample,478.523436,366.289343,PDF page 27 / API page 21,point_type=uniform_sample
Figure 14,KHh,Er_ksi=20,0.08,1.282862,endpoint/control;spreadsheet_x;uniform_sample,488.083885,367.783153,PDF page 27 / API page 21,point_type=endpoint/control;spreadsheet_x;uniform_sample
Figure 14,KHh,Er_ksi=5,0.010612,19.822451,endpoint/control;uniform_sample,217.121994,223.283997,PDF page 27 / API page 21,point_type=endpoint/control;uniform_sample
Figure 14,KHh,Er_ksi=5,0.01211,20.409571,spreadsheet_x,222.82488,218.60818,PDF page 27 / API page 21,point_type=spreadsheet_x
Figure 14,KHh,Er_ksi=5,0.012925,20.589369,uniform_sample,225.92958,217.176264,PDF page 27 / API page 21,point_type=uniform_sample
Figure 14,KHh,Er_ksi=5,0.01394,20.701947,spreadsheet_x,229.79352,216.279693,PDF page 27 / API page 21,point_type=spreadsheet_x
Figure 14,KHh,Er_ksi=5,0.015238,20.69466,uniform_sample,234.73718,216.337729,PDF page 27 / API page 21,point_type=uniform_sample
Figure 14,KHh,Er_ksi=5,0.01541,20.680805,spreadsheet_x,235.469813,216.448067,PDF page 27 / API page 21,point_type=spreadsheet_x
Figure 14,KHh,Er_ksi=5,0.01729,20.366337,spreadsheet_x,243.12282,218.952494,PDF page 27 / API page 21,point_type=spreadsheet_x
Figure 14,KHh,Er_ksi=5,0.017551,20.300513,uniform_sample,244.182567,219.476714,PDF page 27 / API page 21,point_type=uniform_sample
Figure 14,KHh,Er_ksi=5,0.019864,19.491752,uniform_sample,253.568396,225.740816,PDF page 27 / API page 21,point_type=uniform_sample
Figure 14,KHh,Er_ksi=5,0.02018,19.351933,spreadsheet_x,254.85044,226.805676,PDF page 27 / API page 21,point_type=spreadsheet_x
Figure 14,KHh,Er_ksi=5,0.022177,18.405752,uniform_sample,262.405624,234.011796,PDF page 27 / API page 21,point_type=uniform_sample
Figure 14,KHh,Er_ksi=5,0.02425,17.211156,spreadsheet_x,270.2955,243.196487,PDF page 27 / API page 21,point_type=spreadsheet_x
Figure 14,KHh,Er_ksi=5,0.02449,17.062291,uniform_sample,271.208597,244.374902,PDF page 27 / API page 21,point_type=uniform_sample
Figure 14,KHh,Er_ksi=5,0.025505,16.378849,endpoint/control,275.124009,249.785028,PDF page 27 / API page 21,point_type=endpoint/control
Figure 14,KHh,Er_ksi=5,0.026803,15.437095,uniform_sample,280.19546,257.239958,PDF page 27 / API page 21,point_type=uniform_sample
Figure 14,KHh,Er_ksi=5,0.029116,13.882659,uniform_sample,289.23439,269.209671,PDF page 27 / API page 21,point_type=uniform_sample
Figure 14,KHh,Er_ksi=5,0.02991,13.386608,spreadsheet_x,292.33828,272.987597,PDF page 27 / API page 21,point_type=spreadsheet_x
Figure 14,KHh,Er_ksi=5,0.031429,12.512791,uniform_sample,298.130413,279.642585,PDF page 27 / API page 21,point_type=uniform_sample
Figure 14,KHh,Er_ksi=5,0.033742,11.38648,uniform_sample,306.938013,288.888682,PDF page 27 / API page 21,point_type=uniform_sample
Figure 14,KHh,Er_ksi=5,0.03582,10.457779,spreadsheet_x,314.97556,296.518887,PDF page 27 / API page 21,point_type=spreadsheet_x
Figure 14,KHh,Er_ksi=5,0.036055,10.356025,uniform_sample,315.90379,297.3549,PDF page 27 / API page 21,point_type=uniform_sample
Figure 14,KHh,Er_ksi=5,0.038367,9.363693,uniform_sample,325.058328,305.126112,PDF page 27 / API page 21,point_type=uniform_sample
Figure 14,KHh,Er_ksi=5,0.04007,8.681266,spreadsheet_x,331.79706,310.32348,PDF page 27 / API page 21,point_type=spreadsheet_x
Figure 14,KHh,Er_ksi=5,0.04068,8.460112,uniform_sample,334.110811,312.007786,PDF page 27 / API page 21,point_type=uniform_sample
Figure 14,KHh,Er_ksi=5,0.042993,7.68169,uniform_sample,342.91841,317.936247,PDF page 27 / API page 21,point_type=uniform_sample
Figure 14,KHh,Er_ksi=5,0.044492,7.252888,endpoint/control,348.627021,321.287998,PDF page 27 / API page 21,point_type=endpoint/control
Figure 14,KHh,Er_ksi=5,0.04484,7.165142,spreadsheet_x,349.95072,321.986806,PDF page 27 / API page 21,point_type=spreadsheet_x
Figure 14,KHh,Er_ksi=5,0.045306,7.049523,uniform_sample,351.72601,322.907602,PDF page 27 / API page 21,point_type=uniform_sample
Figure 14,KHh,Er_ksi=5,0.047619,6.471854,uniform_sample,361.188389,327.508151,PDF page 27 / API page 21,point_type=uniform_sample
Figure 14,KHh,Er_ksi=5,0.049932,5.953595,uniform_sample,370.574218,331.635571,PDF page 27 / API page 21,point_type=uniform_sample
Figure 14,KHh,Er_ksi=5,0.05012,5.913546,spreadsheet_x,371.33696,331.954517,PDF page 27 / API page 21,point_type=spreadsheet_x
Figure 14,KHh,Er_ksi=5,0.052245,5.507607,uniform_sample,379.398808,335.187417,PDF page 27 / API page 21,point_type=uniform_sample
Figure 14,KHh,Er_ksi=5,0.054558,5.096653,uniform_sample,388.206407,338.460252,PDF page 27 / API page 21,point_type=uniform_sample
Figure 14,KHh,Er_ksi=5,0.05496,5.0283,spreadsheet_x,389.73768,339.004616,PDF page 27 / API page 21,point_type=spreadsheet_x
Figure 14,KHh,Er_ksi=5,0.056871,4.690173,uniform_sample,397.294626,341.589646,PDF page 27 / API page 21,point_type=uniform_sample
Figure 14,KHh,Er_ksi=5,0.059184,4.305851,uniform_sample,406.449164,344.516641,PDF page 27 / API page 21,point_type=uniform_sample
Figure 14,KHh,Er_ksi=5,0.05999,4.1783,spreadsheet_x,409.64042,345.48807,PDF page 27 / API page 21,point_type=spreadsheet_x
Figure 14,KHh,Er_ksi=5,0.061497,3.956684,uniform_sample,415.379205,347.175892,PDF page 27 / API page 21,point_type=uniform_sample
Figure 14,KHh,Er_ksi=5,0.06381,3.634913,uniform_sample,424.186804,349.6265,PDF page 27 / API page 21,point_type=uniform_sample
Figure 14,KHh,Er_ksi=5,0.06488,3.493082,spreadsheet_x,428.26304,350.706686,PDF page 27 / API page 21,point_type=spreadsheet_x
Figure 14,KHh,Er_ksi=5,0.066122,3.328296,uniform_sample,433.162776,351.961696,PDF page 27 / API page 21,point_type=uniform_sample
Figure 14,KHh,Er_ksi=5,0.068435,3.036314,uniform_sample,442.317313,354.185433,PDF page 27 / API page 21,point_type=uniform_sample
Figure 14,KHh,Er_ksi=5,0.07005,2.844291,spreadsheet_x,448.7079,355.647878,PDF page 27 / API page 21,point_type=spreadsheet_x
Figure 14,KHh,Er_ksi=5,0.070748,2.767443,uniform_sample,451.358106,356.233152,PDF page 27 / API page 21,point_type=uniform_sample
Figure 14,KHh,Er_ksi=5,0.073061,2.523634,uniform_sample,460.161079,358.090003,PDF page 27 / API page 21,point_type=uniform_sample
Figure 14,KHh,Er_ksi=5,0.07493,2.339512,spreadsheet_x,467.27358,359.492274,PDF page 27 / API page 21,point_type=spreadsheet_x
Figure 14,KHh,Er_ksi=5,0.075374,2.301791,uniform_sample,469.000203,359.819202,PDF page 27 / API page 21,point_type=uniform_sample
Figure 14,KHh,Er_ksi=5,0.077687,2.082476,uniform_sample,478.578525,361.533367,PDF page 27 / API page 21,point_type=uniform_sample
Figure 14,KHh,Er_ksi=5,0.08,1.890518,endpoint/control;spreadsheet_x;uniform_sample,488.094649,363.033712,PDF page 27 / API page 21,point_type=endpoint/control;spreadsheet_x;uniform_sample
Figure 15,GHh,H_ft=10,2.10918,0.677591,endpoint/control;uniform_sample,174.095001,295.144012,PDF page 28 / API page 22,point_type=endpoint/control;uniform_sample
Figure 15,GHh,H_ft=10,2.124,0.678134,spreadsheet_x,174.20156,295.083276,PDF page 28 / API page 22,point_type=spreadsheet_x
Figure 15,GHh,H_ft=10,2.35,0.685798,spreadsheet_x,175.8265,294.225524,PDF page 28 / API page 22,point_type=spreadsheet_x
Figure 15,GHh,H_ft=10,3.172,0.708519,spreadsheet_x,181.73668,291.682553,PDF page 28 / API page 22,point_type=spreadsheet_x
Figure 15,GHh,H_ft=10,3.438874,0.714371,uniform_sample,183.655501,291.027587,PDF page 28 / API page 22,point_type=uniform_sample
Figure 15,GHh,H_ft=10,3.952,0.723409,spreadsheet_x,187.34488,290.016025,PDF page 28 / API page 22,point_type=spreadsheet_x
Figure 15,GHh,H_ft=10,4.768568,0.730867,uniform_sample,193.419672,289.181413,PDF page 28 / API page 22,point_type=uniform_sample
Figure 15,GHh,H_ft=10,4.935,0.731013,spreadsheet_x,194.660425,289.164993,PDF page 28 / API page 22,point_type=spreadsheet_x
Figure 15,GHh,H_ft=10,5.333064,0.728985,endpoint/control,197.627991,289.391998,PDF page 28 / API page 22,point_type=endpoint/control
Figure 15,GHh,H_ft=10,6.0,0.725416,spreadsheet_x,202.6,289.791386,PDF page 28 / API page 22,point_type=spreadsheet_x
Figure 15,GHh,H_ft=10,6.098262,0.724829,uniform_sample,203.33254,289.857087,PDF page 28 / API page 22,point_type=uniform_sample
Figure 15,GHh,H_ft=10,7.427956,0.715792,uniform_sample,213.23827,290.868546,PDF page 28 / API page 22,point_type=uniform_sample
Figure 15,GHh,H_ft=10,8.0,0.711339,spreadsheet_x,217.5,291.36689,PDF page 28 / API page 22,point_type=spreadsheet_x
Figure 15,GHh,H_ft=10,8.75765,0.705184,uniform_sample,222.947501,292.055804,PDF page 28 / API page 22,point_type=uniform_sample
Figure 15,GHh,H_ft=10,10.0,0.693973,spreadsheet_x,231.88,293.310496,PDF page 28 / API page 22,point_type=spreadsheet_x
Figure 15,GHh,H_ft=10,10.087344,0.693133,uniform_sample,232.508001,293.404569,PDF page 28 / API page 22,point_type=uniform_sample
Figure 15,GHh,H_ft=10,11.417038,0.678883,uniform_sample,242.444016,294.999397,PDF page 28 / API page 22,point_type=uniform_sample
Figure 15,GHh,H_ft=10,11.929307,0.672918,endpoint/control,246.262985,295.666992,PDF page 28 / API page 22,point_type=endpoint/control
Figure 15,GHh,H_ft=10,12.0,0.672224,spreadsheet_x,246.79,295.744684,PDF page 28 / API page 22,point_type=spreadsheet_x
Figure 15,GHh,H_ft=10,12.746732,0.664561,uniform_sample,252.745185,296.602361,PDF page 28 / API page 22,point_type=uniform_sample
Figure 15,GHh,H_ft=10,14.0,0.652151,spreadsheet_x,262.74,297.991265,PDF page 28 / API page 22,point_type=spreadsheet_x
Figure 15,GHh,H_ft=10,14.076426,0.65141,uniform_sample,263.349495,298.074196,PDF page 28 / API page 22,point_type=uniform_sample
Figure 15,GHh,H_ft=10,15.40612,0.640091,uniform_sample,272.850001,299.341038,PDF page 28 / API page 22,point_type=uniform_sample
Figure 15,GHh,H_ft=10,16.735814,0.628936,uniform_sample,282.601812,300.589486,PDF page 28 / API page 22,point_type=uniform_sample
Figure 15,GHh,H_ft=10,18.0,0.618651,spreadsheet_x,292.02,301.740541,PDF page 28 / API page 22,point_type=spreadsheet_x
Figure 15,GHh,H_ft=10,18.065508,0.618133,uniform_sample,292.508033,301.798598,PDF page 28 / API page 22,point_type=uniform_sample
Figure 15,GHh,H_ft=10,19.395202,0.607934,uniform_sample,302.421229,302.939995,PDF page 28 / API page 22,point_type=uniform_sample
Figure 15,GHh,H_ft=10,20.724896,0.598649,uniform_sample,312.142001,303.979238,PDF page 28 / API page 22,point_type=uniform_sample
Figure 15,GHh,H_ft=10,20.799581,0.598159,endpoint/control,312.678986,304.033997,PDF page 28 / API page 22,point_type=endpoint/control
Figure 15,GHh,H_ft=10,22.05459,0.58941,uniform_sample,321.702501,305.013224,PDF page 28 / API page 22,point_type=uniform_sample
Figure 15,GHh,H_ft=10,23.384284,0.579902,uniform_sample,331.629836,306.07733,PDF page 28 / API page 22,point_type=uniform_sample
Figure 15,GHh,H_ft=10,24.713978,0.570266,uniform_sample,341.817586,307.155832,PDF page 28 / API page 22,point_type=uniform_sample
Figure 15,GHh,H_ft=10,26.043672,0.560549,uniform_sample,352.242387,308.2434,PDF page 28 / API page 22,point_type=uniform_sample
Figure 15,GHh,H_ft=10,27.373366,0.551813,uniform_sample,361.781367,309.22114,PDF page 28 / API page 22,point_type=uniform_sample
Figure 15,GHh,H_ft=10,28.70306,0.543089,uniform_sample,371.527796,310.197455,PDF page 28 / API page 22,point_type=uniform_sample
Figure 15,GHh,H_ft=10,29.57812,0.537411,endpoint/control,378.046997,310.833008,PDF page 28 / API page 22,point_type=endpoint/control
Figure 15,GHh,H_ft=10,30.0,0.534641,spreadsheet_x,381.19,311.142956,PDF page 28 / API page 22,point_type=spreadsheet_x
Figure 15,GHh,H_ft=10,30.032754,0.534428,uniform_sample,381.434016,311.166859,PDF page 28 / API page 22,point_type=uniform_sample
Figure 15,GHh,H_ft=10,31.362448,0.525567,uniform_sample,391.701285,312.158558,PDF page 28 / API page 22,point_type=uniform_sample
Figure 15,GHh,H_ft=10,32.692142,0.517233,uniform_sample,401.5965,313.091292,PDF page 28 / API page 22,point_type=uniform_sample
Figure 15,GHh,H_ft=10,34.021836,0.509374,uniform_sample,411.157,313.970842,PDF page 28 / API page 22,point_type=uniform_sample
Figure 15,GHh,H_ft=10,35.35153,0.501445,uniform_sample,421.075656,314.858244,PDF page 28 / API page 22,point_type=uniform_sample
Figure 15,GHh,H_ft=10,36.681224,0.493593,uniform_sample,431.250796,315.737081,PDF page 28 / API page 22,point_type=uniform_sample
Figure 15,GHh,H_ft=10,38.010918,0.485513,uniform_sample,441.675597,316.595565,PDF page 28 / API page 22,point_type=uniform_sample
Figure 15,GHh,H_ft=10,39.340612,0.478739,uniform_sample,451.235703,317.33237,PDF page 28 / API page 22,point_type=uniform_sample
Figure 15,GHh,H_ft=10,40.0,0.475601,spreadsheet_x,455.98,317.67359,PDF page 28 / API page 22,point_type=spreadsheet_x
Figure 15,GHh,H_ft=10,40.670306,0.472262,uniform_sample,461.409479,318.036785,PDF page 28 / API page 22,point_type=uniform_sample
Figure 15,GHh,H_ft=10,40.902346,0.471184,endpoint/control,463.289001,318.153992,PDF page 28 / API page 22,point_type=endpoint/control
Figure 15,GHh,H_ft=10,42.0,0.468122,endpoint/control;spreadsheet_x;uniform_sample,472.321991,318.487,PDF page 28 / API page 22,point_type=endpoint/control;spreadsheet_x;uniform_sample
Figure 15,GHh,H_ft=3_to_4,2.338664,1.442413,endpoint/control;uniform_sample,175.744995,209.783997,PDF page 28 / API page 22,point_type=endpoint/control;uniform_sample
Figure 15,GHh,H_ft=3_to_4,2.35,1.443251,spreadsheet_x,175.8265,209.690663,PDF page 28 / API page 22,point_type=spreadsheet_x
Figure 15,GHh,H_ft=3_to_4,3.172,1.479439,spreadsheet_x,181.73668,205.660139,PDF page 28 / API page 22,point_type=spreadsheet_x
Figure 15,GHh,H_ft=3_to_4,3.660709,1.487709,uniform_sample,185.250495,204.777783,PDF page 28 / API page 22,point_type=uniform_sample
Figure 15,GHh,H_ft=3_to_4,3.952,1.489621,spreadsheet_x,187.34488,204.558817,PDF page 28 / API page 22,point_type=spreadsheet_x
Figure 15,GHh,H_ft=3_to_4,4.935,1.485303,spreadsheet_x,194.660425,205.006903,PDF page 28 / API page 22,point_type=spreadsheet_x
Figure 15,GHh,H_ft=3_to_4,4.982753,1.484769,uniform_sample,195.016425,205.066436,PDF page 28 / API page 22,point_type=uniform_sample
Figure 15,GHh,H_ft=3_to_4,6.0,1.467951,spreadsheet_x,202.6,206.939634,PDF page 28 / API page 22,point_type=spreadsheet_x
Figure 15,GHh,H_ft=3_to_4,6.304798,1.461189,uniform_sample,204.870743,207.692729,PDF page 28 / API page 22,point_type=uniform_sample
Figure 15,GHh,H_ft=3_to_4,7.626842,1.42475,uniform_sample,214.719975,211.751377,PDF page 28 / API page 22,point_type=uniform_sample
Figure 15,GHh,H_ft=3_to_4,8.0,1.412652,spreadsheet_x,217.5,213.098855,PDF page 28 / API page 22,point_type=spreadsheet_x
Figure 15,GHh,H_ft=3_to_4,8.948887,1.37997,uniform_sample,224.322496,216.738979,PDF page 28 / API page 22,point_type=uniform_sample
Figure 15,GHh,H_ft=3_to_4,9.87719,1.343652,endpoint/control,230.996994,220.783997,PDF page 28 / API page 22,point_type=endpoint/control
Figure 15,GHh,H_ft=3_to_4,10.0,1.338616,spreadsheet_x,231.88,221.344957,PDF page 28 / API page 22,point_type=spreadsheet_x
Figure 15,GHh,H_ft=3_to_4,10.270931,1.327639,uniform_sample,233.899793,222.567518,PDF page 28 / API page 22,point_type=uniform_sample
Figure 15,GHh,H_ft=3_to_4,11.592976,1.282651,uniform_sample,243.755635,227.578368,PDF page 28 / API page 22,point_type=uniform_sample
Figure 15,GHh,H_ft=3_to_4,12.0,1.271013,spreadsheet_x,246.79,228.87452,PDF page 28 / API page 22,point_type=spreadsheet_x
Figure 15,GHh,H_ft=3_to_4,12.91502,1.246254,uniform_sample,254.087287,231.632279,PDF page 28 / API page 22,point_type=uniform_sample
Figure 15,GHh,H_ft=3_to_4,14.0,1.221771,spreadsheet_x,262.74,234.359105,PDF page 28 / API page 22,point_type=spreadsheet_x
Figure 15,GHh,H_ft=3_to_4,14.237065,1.217403,uniform_sample,264.48077,234.845657,PDF page 28 / API page 22,point_type=uniform_sample
Figure 15,GHh,H_ft=3_to_4,15.559109,1.196687,uniform_sample,273.949997,237.152998,PDF page 28 / API page 22,point_type=uniform_sample
Figure 15,GHh,H_ft=3_to_4,16.191793,1.188768,endpoint/control,278.498993,238.035004,PDF page 28 / API page 22,point_type=endpoint/control
Figure 15,GHh,H_ft=3_to_4,16.881154,1.180468,uniform_sample,283.684597,238.959456,PDF page 28 / API page 22,point_type=uniform_sample
Figure 15,GHh,H_ft=3_to_4,18.0,1.167529,spreadsheet_x,292.02,240.400649,PDF page 28 / API page 22,point_type=spreadsheet_x
Figure 15,GHh,H_ft=3_to_4,18.203198,1.165226,uniform_sample,293.534427,240.657136,PDF page 28 / API page 22,point_type=uniform_sample
Figure 15,GHh,H_ft=3_to_4,19.525243,1.150555,uniform_sample,303.390687,242.291138,PDF page 28 / API page 22,point_type=uniform_sample
Figure 15,GHh,H_ft=3_to_4,20.847288,1.13669,uniform_sample,313.021997,243.835484,PDF page 28 / API page 22,point_type=uniform_sample
Figure 15,GHh,H_ft=3_to_4,22.169332,1.123396,uniform_sample,322.527498,245.316185,PDF page 28 / API page 22,point_type=uniform_sample
Figure 15,GHh,H_ft=3_to_4,23.491377,1.109908,uniform_sample,332.428213,246.818492,PDF page 28 / API page 22,point_type=uniform_sample
Figure 15,GHh,H_ft=3_to_4,24.813421,1.096389,uniform_sample,342.597222,248.324186,PDF page 28 / API page 22,point_type=uniform_sample
Figure 15,GHh,H_ft=3_to_4,26.135466,1.08292,uniform_sample,352.962051,249.824324,PDF page 28 / API page 22,point_type=uniform_sample
Figure 15,GHh,H_ft=3_to_4,27.45751,1.07092,uniform_sample,362.386786,251.160984,PDF page 28 / API page 22,point_type=uniform_sample
Figure 15,GHh,H_ft=3_to_4,28.779555,1.058777,uniform_sample,372.097683,252.513389,PDF page 28 / API page 22,point_type=uniform_sample
Figure 15,GHh,H_ft=3_to_4,30.0,1.047598,spreadsheet_x,381.19,253.758494,PDF page 28 / API page 22,point_type=spreadsheet_x
Figure 15,GHh,H_ft=3_to_4,30.101599,1.046675,uniform_sample,381.946914,253.861306,PDF page 28 / API page 22,point_type=uniform_sample
Figure 15,GHh,H_ft=3_to_4,31.423644,1.034322,uniform_sample,392.173412,255.237241,PDF page 28 / API page 22,point_type=uniform_sample
Figure 15,GHh,H_ft=3_to_4,32.745688,1.022662,uniform_sample,401.981499,256.535851,PDF page 28 / API page 22,point_type=uniform_sample
Figure 15,GHh,H_ft=3_to_4,34.067733,1.011532,uniform_sample,411.486999,257.77562,PDF page 28 / API page 22,point_type=uniform_sample
Figure 15,GHh,H_ft=3_to_4,35.389777,1.000136,uniform_sample,421.36079,259.04483,PDF page 28 / API page 22,point_type=uniform_sample
Figure 15,GHh,H_ft=3_to_4,36.711822,0.988618,uniform_sample,431.490684,260.327779,PDF page 28 / API page 22,point_type=uniform_sample
Figure 15,GHh,H_ft=3_to_4,38.033866,0.977121,uniform_sample,441.855513,261.620671,PDF page 28 / API page 22,point_type=uniform_sample
Figure 15,GHh,H_ft=3_to_4,39.355911,0.966702,uniform_sample,451.345779,262.786668,PDF page 28 / API page 22,point_type=uniform_sample
Figure 15,GHh,H_ft=3_to_4,40.0,0.961673,spreadsheet_x,455.98,263.349593,PDF page 28 / API page 22,point_type=spreadsheet_x
Figure 15,GHh,H_ft=3_to_4,40.677955,0.955765,uniform_sample,461.471439,264.010745,PDF page 28 / API page 22,point_type=uniform_sample
Figure 15,GHh,H_ft=3_to_4,42.0,0.944428,endpoint/control;spreadsheet_x;uniform_sample,472.201524,265.279593,PDF page 28 / API page 22,point_type=endpoint/control;spreadsheet_x;uniform_sample
Figure 15,GHh,H_ft=6,2.164812,1.092251,endpoint/control;uniform_sample,174.494995,248.785034,PDF page 28 / API page 22,point_type=endpoint/control;uniform_sample
Figure 15,GHh,H_ft=6,2.35,1.104828,spreadsheet_x,175.8265,247.384288,PDF page 28 / API page 22,point_type=spreadsheet_x
Figure 15,GHh,H_ft=6,3.172,1.140718,spreadsheet_x,181.73668,243.386825,PDF page 28 / API page 22,point_type=spreadsheet_x
Figure 15,GHh,H_ft=6,3.491939,1.148922,uniform_sample,184.037043,242.473032,PDF page 28 / API page 22,point_type=uniform_sample
Figure 15,GHh,H_ft=6,3.952,1.156943,spreadsheet_x,187.34488,241.579683,PDF page 28 / API page 22,point_type=spreadsheet_x
Figure 15,GHh,H_ft=6,4.819067,1.163033,uniform_sample,193.796143,240.901393,PDF page 28 / API page 22,point_type=uniform_sample
Figure 15,GHh,H_ft=6,4.935,1.163078,spreadsheet_x,194.660425,240.896335,PDF page 28 / API page 22,point_type=spreadsheet_x
Figure 15,GHh,H_ft=6,6.0,1.156804,spreadsheet_x,202.6,241.595202,PDF page 28 / API page 22,point_type=spreadsheet_x
Figure 15,GHh,H_ft=6,6.146194,1.155103,uniform_sample,203.68988,241.784672,PDF page 28 / API page 22,point_type=uniform_sample
Figure 15,GHh,H_ft=6,7.473322,1.131292,uniform_sample,213.57625,244.43673,PDF page 28 / API page 22,point_type=uniform_sample
Figure 15,GHh,H_ft=6,7.596912,1.128165,endpoint/control,214.496994,244.785034,PDF page 28 / API page 22,point_type=endpoint/control
Figure 15,GHh,H_ft=6,8.0,1.117498,spreadsheet_x,217.5,245.97306,PDF page 28 / API page 22,point_type=spreadsheet_x
Figure 15,GHh,H_ft=6,8.80045,1.0981,uniform_sample,223.255234,248.133595,PDF page 28 / API page 22,point_type=uniform_sample
Figure 15,GHh,H_ft=6,10.0,1.071242,spreadsheet_x,231.88,251.12505,PDF page 28 / API page 22,point_type=spreadsheet_x
Figure 15,GHh,H_ft=6,10.127577,1.068525,uniform_sample,232.797281,251.427735,PDF page 28 / API page 22,point_type=uniform_sample
Figure 15,GHh,H_ft=6,11.454705,1.04056,uniform_sample,242.724826,254.542439,PDF page 28 / API page 22,point_type=uniform_sample
Figure 15,GHh,H_ft=6,12.0,1.029811,spreadsheet_x,246.79,255.739598,PDF page 28 / API page 22,point_type=spreadsheet_x
Figure 15,GHh,H_ft=6,12.75,1.014641,annex_control_x,252.77125,257.429293,PDF page 28 / API page 22,point_type=annex_control_x
Figure 15,GHh,H_ft=6,12.781833,1.014014,uniform_sample,253.025115,257.499157,PDF page 28 / API page 22,point_type=uniform_sample
Figure 15,GHh,H_ft=6,14.0,0.990883,spreadsheet_x,262.74,260.075457,PDF page 28 / API page 22,point_type=spreadsheet_x
Figure 15,GHh,H_ft=6,14.10896,0.988891,uniform_sample,263.608958,260.29732,PDF page 28 / API page 22,point_type=uniform_sample
Figure 15,GHh,H_ft=6,15.436088,0.968183,uniform_sample,273.065472,262.620967,PDF page 28 / API page 22,point_type=uniform_sample
Figure 15,GHh,H_ft=6,16.763216,0.948135,uniform_sample,282.805956,264.864783,PDF page 28 / API page 22,point_type=uniform_sample
Figure 15,GHh,H_ft=6,18.0,0.930285,spreadsheet_x,292.02,266.86252,PDF page 28 / API page 22,point_type=spreadsheet_x
Figure 15,GHh,H_ft=6,18.090343,0.929016,uniform_sample,292.693057,267.004515,PDF page 28 / API page 22,point_type=uniform_sample
Figure 15,GHh,H_ft=6,19.417471,0.910995,uniform_sample,302.587245,269.021452,PDF page 28 / API page 22,point_type=uniform_sample
Figure 15,GHh,H_ft=6,20.744598,0.894293,uniform_sample,312.283663,270.890768,PDF page 28 / API page 22,point_type=uniform_sample
Figure 15,GHh,H_ft=6,22.071726,0.878666,uniform_sample,321.855156,272.639718,PDF page 28 / API page 22,point_type=uniform_sample
Figure 15,GHh,H_ft=6,23.398854,0.863339,uniform_sample,331.738454,274.355093,PDF page 28 / API page 22,point_type=uniform_sample
Figure 15,GHh,H_ft=6,24.725981,0.848361,uniform_sample,341.911694,276.031389,PDF page 28 / API page 22,point_type=uniform_sample
Figure 15,GHh,H_ft=6,26.053109,0.83382,uniform_sample,352.316374,277.658852,PDF page 28 / API page 22,point_type=uniform_sample
Figure 15,GHh,H_ft=6,27.380237,0.821164,uniform_sample,361.830802,279.075323,PDF page 28 / API page 22,point_type=uniform_sample
Figure 15,GHh,H_ft=6,28.707364,0.808814,uniform_sample,371.559864,280.457501,PDF page 28 / API page 22,point_type=uniform_sample
Figure 15,GHh,H_ft=6,30.0,0.797153,spreadsheet_x,381.19,281.762685,PDF page 28 / API page 22,point_type=spreadsheet_x
Figure 15,GHh,H_ft=6,30.034492,0.796843,uniform_sample,381.452182,281.797358,PDF page 28 / API page 22,point_type=uniform_sample
Figure 15,GHh,H_ft=6,31.361619,0.785041,uniform_sample,391.694894,283.118246,PDF page 28 / API page 22,point_type=uniform_sample
Figure 15,GHh,H_ft=6,32.688747,0.774205,uniform_sample,401.572092,284.331011,PDF page 28 / API page 22,point_type=uniform_sample
Figure 15,GHh,H_ft=6,34.015875,0.764228,uniform_sample,411.11414,285.44764,PDF page 28 / API page 22,point_type=uniform_sample
Figure 15,GHh,H_ft=6,35.343002,0.75438,uniform_sample,421.012083,286.549787,PDF page 28 / API page 22,point_type=uniform_sample
Figure 15,GHh,H_ft=6,36.67013,0.7448,uniform_sample,431.163819,287.621974,PDF page 28 / API page 22,point_type=uniform_sample
Figure 15,GHh,H_ft=6,37.997258,0.735534,uniform_sample,441.5685,288.659025,PDF page 28 / API page 22,point_type=uniform_sample
Figure 15,GHh,H_ft=6,39.324385,0.727534,uniform_sample,451.118952,289.554431,PDF page 28 / API page 22,point_type=uniform_sample
Figure 15,GHh,H_ft=6,40.0,0.72366,spreadsheet_x,455.98,289.988024,PDF page 28 / API page 22,point_type=spreadsheet_x
Figure 15,GHh,H_ft=6,40.651513,0.719616,uniform_sample,461.257255,290.440559,PDF page 28 / API page 22,point_type=uniform_sample
Figure 15,GHh,H_ft=6,41.978641,0.712053,endpoint/control;uniform_sample,472.006989,291.287048,PDF page 28 / API page 22,point_type=endpoint/control;uniform_sample
Figure 15,GHh,H_ft=8,2.164812,0.850545,endpoint/control;uniform_sample,174.494995,275.786987,PDF page 28 / API page 22,point_type=endpoint/control;uniform_sample
Figure 15,GHh,H_ft=8,2.35,0.860202,spreadsheet_x,175.8265,274.706162,PDF page 28 / API page 22,point_type=spreadsheet_x
Figure 15,GHh,H_ft=8,3.172,0.883775,spreadsheet_x,181.73668,272.067927,PDF page 28 / API page 22,point_type=spreadsheet_x
Figure 15,GHh,H_ft=8,3.491939,0.888813,uniform_sample,184.037043,271.504029,PDF page 28 / API page 22,point_type=uniform_sample
Figure 15,GHh,H_ft=8,3.952,0.893828,spreadsheet_x,187.34488,270.942719,PDF page 28 / API page 22,point_type=spreadsheet_x
Figure 15,GHh,H_ft=8,4.819067,0.89855,uniform_sample,193.796143,270.414303,PDF page 28 / API page 22,point_type=uniform_sample
Figure 15,GHh,H_ft=8,4.935,0.898807,spreadsheet_x,194.660425,270.385558,PDF page 28 / API page 22,point_type=spreadsheet_x
Figure 15,GHh,H_ft=8,6.0,0.898156,spreadsheet_x,202.6,270.458352,PDF page 28 / API page 22,point_type=spreadsheet_x
Figure 15,GHh,H_ft=8,6.146194,0.897715,uniform_sample,203.68988,270.507782,PDF page 28 / API page 22,point_type=uniform_sample
Figure 15,GHh,H_ft=8,7.473322,0.890762,uniform_sample,213.57625,271.285944,PDF page 28 / API page 22,point_type=uniform_sample
Figure 15,GHh,H_ft=8,8.0,0.886784,spreadsheet_x,217.5,271.731172,PDF page 28 / API page 22,point_type=spreadsheet_x
Figure 15,GHh,H_ft=8,8.80045,0.879932,uniform_sample,223.255234,272.498039,PDF page 28 / API page 22,point_type=uniform_sample
Figure 15,GHh,H_ft=8,10.0,0.867725,spreadsheet_x,231.88,273.864184,PDF page 28 / API page 22,point_type=spreadsheet_x
Figure 15,GHh,H_ft=8,10.127577,0.866306,uniform_sample,232.797281,274.023059,PDF page 28 / API page 22,point_type=uniform_sample
Figure 15,GHh,H_ft=8,11.454705,0.849579,uniform_sample,242.724826,275.895074,PDF page 28 / API page 22,point_type=uniform_sample
Figure 15,GHh,H_ft=8,12.0,0.842055,spreadsheet_x,246.79,276.737245,PDF page 28 / API page 22,point_type=spreadsheet_x
Figure 15,GHh,H_ft=8,12.781833,0.829769,uniform_sample,253.025115,278.112309,PDF page 28 / API page 22,point_type=uniform_sample
Figure 15,GHh,H_ft=8,13.656174,0.814805,endpoint/control,259.997986,279.786987,PDF page 28 / API page 22,point_type=endpoint/control
Figure 15,GHh,H_ft=8,14.0,0.809037,spreadsheet_x,262.74,280.432607,PDF page 28 / API page 22,point_type=spreadsheet_x
Figure 15,GHh,H_ft=8,14.10896,0.807533,uniform_sample,263.608958,280.600896,PDF page 28 / API page 22,point_type=uniform_sample
Figure 15,GHh,H_ft=8,15.436088,0.793619,uniform_sample,273.065472,282.158151,PDF page 28 / API page 22,point_type=uniform_sample
Figure 15,GHh,H_ft=8,16.763216,0.78105,uniform_sample,282.805956,283.564925,PDF page 28 / API page 22,point_type=uniform_sample
Figure 15,GHh,H_ft=8,18.0,0.769823,spreadsheet_x,292.02,284.821435,PDF page 28 / API page 22,point_type=spreadsheet_x
Figure 15,GHh,H_ft=8,18.090343,0.769019,uniform_sample,292.693057,284.911416,PDF page 28 / API page 22,point_type=uniform_sample
Figure 15,GHh,H_ft=8,19.417471,0.757406,uniform_sample,302.587245,286.211088,PDF page 28 / API page 22,point_type=uniform_sample
Figure 15,GHh,H_ft=8,20.744598,0.746304,uniform_sample,312.283663,287.453641,PDF page 28 / API page 22,point_type=uniform_sample
Figure 15,GHh,H_ft=8,22.071726,0.735578,uniform_sample,321.82571,288.65414,PDF page 28 / API page 22,point_type=uniform_sample
Figure 15,GHh,H_ft=8,23.398854,0.724598,uniform_sample,331.738454,289.882969,PDF page 28 / API page 22,point_type=uniform_sample
Figure 15,GHh,H_ft=8,24.725981,0.71347,uniform_sample,341.911694,291.128464,PDF page 28 / API page 22,point_type=uniform_sample
Figure 15,GHh,H_ft=8,26.053109,0.702251,uniform_sample,352.278125,292.384073,PDF page 28 / API page 22,point_type=uniform_sample
Figure 15,GHh,H_ft=8,27.380237,0.692005,uniform_sample,361.830802,293.53083,PDF page 28 / API page 22,point_type=uniform_sample
Figure 15,GHh,H_ft=8,28.707364,0.681648,uniform_sample,371.559864,294.689927,PDF page 28 / API page 22,point_type=uniform_sample
Figure 15,GHh,H_ft=8,30.0,0.671467,spreadsheet_x,381.19,295.829458,PDF page 28 / API page 22,point_type=spreadsheet_x
Figure 15,GHh,H_ft=8,30.034492,0.671196,uniform_sample,381.446964,295.85976,PDF page 28 / API page 22,point_type=uniform_sample
Figure 15,GHh,H_ft=8,31.361619,0.660431,uniform_sample,391.694894,297.064588,PDF page 28 / API page 22,point_type=uniform_sample
Figure 15,GHh,H_ft=8,32.688747,0.650116,uniform_sample,401.572092,298.219062,PDF page 28 / API page 22,point_type=uniform_sample
Figure 15,GHh,H_ft=8,34.015875,0.640202,uniform_sample,411.11414,299.32855,PDF page 28 / API page 22,point_type=uniform_sample
Figure 15,GHh,H_ft=8,35.343002,0.62997,uniform_sample,421.012083,300.473802,PDF page 28 / API page 22,point_type=uniform_sample
Figure 15,GHh,H_ft=8,36.67013,0.619525,uniform_sample,431.163819,301.642758,PDF page 28 / API page 22,point_type=uniform_sample
Figure 15,GHh,H_ft=8,37.997258,0.608871,uniform_sample,441.5685,302.83511,PDF page 28 / API page 22,point_type=uniform_sample
Figure 15,GHh,H_ft=8,39.324385,0.599138,uniform_sample,451.118952,303.9245,PDF page 28 / API page 22,point_type=uniform_sample
Figure 15,GHh,H_ft=8,40.0,0.594201,spreadsheet_x,455.98,304.477064,PDF page 28 / API page 22,point_type=spreadsheet_x
Figure 15,GHh,H_ft=8,40.651513,0.588855,uniform_sample,461.257255,305.075382,PDF page 28 / API page 22,point_type=uniform_sample
Figure 15,GHh,H_ft=8,41.978641,0.57802,endpoint/control;uniform_sample,472.006989,306.287994,PDF page 28 / API page 22,point_type=endpoint/control;uniform_sample
Figure 16,KLh,Er_ksi=10,0.010163,9.821414,endpoint/control;uniform_sample,210.121002,233.242981,PDF page 29 / API page 23,point_type=endpoint/control;uniform_sample
Figure 16,KLh,Er_ksi=10,0.0105,9.866412,spreadsheet_x,211.394,232.869312,PDF page 29 / API page 23,point_type=spreadsheet_x
Figure 16,KLh,Er_ksi=10,0.012491,10.02641,uniform_sample,219.05406,231.540688,PDF page 29 / API page 23,point_type=uniform_sample
Figure 16,KLh,Er_ksi=10,0.014819,10.05652,uniform_sample,228.011857,231.290655,PDF page 29 / API page 23,point_type=uniform_sample
Figure 16,KLh,Er_ksi=10,0.015,10.053912,spreadsheet_x,228.71,231.312315,PDF page 29 / API page 23,point_type=spreadsheet_x
Figure 16,KLh,Er_ksi=10,0.017146,9.975386,uniform_sample,237.510568,231.964391,PDF page 29 / API page 23,point_type=uniform_sample
Figure 16,KLh,Er_ksi=10,0.019474,9.803662,uniform_sample,247.054958,233.308048,PDF page 29 / API page 23,point_type=uniform_sample
Figure 16,KLh,Er_ksi=10,0.02,9.749911,spreadsheet_x;annex_control_x,249.21,233.684682,PDF page 29 / API page 23,point_type=spreadsheet_x;annex_control_x
Figure 16,KLh,Er_ksi=10,0.021802,9.571938,uniform_sample,256.145212,235.054363,PDF page 29 / API page 23,point_type=uniform_sample
Figure 16,KLh,Er_ksi=10,0.02413,9.301332,uniform_sample,265.10301,237.136952,PDF page 29 / API page 23,point_type=uniform_sample
Figure 16,KLh,Er_ksi=10,0.025,9.189622,spreadsheet_x,268.45,237.996669,PDF page 29 / API page 23,point_type=spreadsheet_x
Figure 16,KLh,Er_ksi=10,0.026458,8.984756,uniform_sample,274.209534,239.573321,PDF page 29 / API page 23,point_type=uniform_sample
Figure 16,KLh,Er_ksi=10,0.028786,8.624785,uniform_sample,283.404779,242.343654,PDF page 29 / API page 23,point_type=uniform_sample
Figure 16,KLh,Er_ksi=10,0.03,8.418391,spreadsheet_x,288.2,243.932066,PDF page 29 / API page 23,point_type=spreadsheet_x
Figure 16,KLh,Er_ksi=10,0.030044,8.410475,endpoint/control,288.373997,243.992983,PDF page 29 / API page 23,point_type=endpoint/control
Figure 16,KLh,Er_ksi=10,0.031114,8.199192,uniform_sample,292.484175,245.619015,PDF page 29 / API page 23,point_type=uniform_sample
Figure 16,KLh,Er_ksi=10,0.033442,7.780305,uniform_sample,301.437278,248.842774,PDF page 29 / API page 23,point_type=uniform_sample
Figure 16,KLh,Er_ksi=10,0.03577,7.404587,uniform_sample,310.50896,251.734296,PDF page 29 / API page 23,point_type=uniform_sample
Figure 16,KLh,Er_ksi=10,0.038098,7.080372,uniform_sample,319.8206,254.377162,PDF page 29 / API page 23,point_type=uniform_sample
Figure 16,KLh,Er_ksi=10,0.04,6.837899,spreadsheet_x,327.43,256.328586,PDF page 29 / API page 23,point_type=spreadsheet_x
Figure 16,KLh,Er_ksi=10,0.040426,6.788477,uniform_sample,329.067555,256.726339,PDF page 29 / API page 23,point_type=uniform_sample
Figure 16,KLh,Er_ksi=10,0.042753,6.533971,uniform_sample,338.025353,258.7746,PDF page 29 / API page 23,point_type=uniform_sample
Figure 16,KLh,Er_ksi=10,0.045081,6.303484,uniform_sample,346.985491,260.629564,PDF page 29 / API page 23,point_type=uniform_sample
Figure 16,KLh,Er_ksi=10,0.047409,6.08142,uniform_sample,356.548048,262.416736,PDF page 29 / API page 23,point_type=uniform_sample
Figure 16,KLh,Er_ksi=10,0.049737,5.881699,uniform_sample,366.092479,264.024084,PDF page 29 / API page 23,point_type=uniform_sample
Figure 16,KLh,Er_ksi=10,0.05,5.860413,spreadsheet_x,367.17,264.195398,PDF page 29 / API page 23,point_type=spreadsheet_x
Figure 16,KLh,Er_ksi=10,0.052065,5.711044,uniform_sample,375.116505,265.397518,PDF page 29 / API page 23,point_type=uniform_sample
Figure 16,KLh,Er_ksi=10,0.054393,5.557795,uniform_sample,384.074302,266.630865,PDF page 29 / API page 23,point_type=uniform_sample
Figure 16,KLh,Er_ksi=10,0.056721,5.415458,uniform_sample,393.29368,267.776398,PDF page 29 / API page 23,point_type=uniform_sample
Figure 16,KLh,Er_ksi=10,0.059049,5.286502,uniform_sample,402.60532,268.814235,PDF page 29 / API page 23,point_type=uniform_sample
Figure 16,KLh,Er_ksi=10,0.06,5.237903,spreadsheet_x,406.41,269.205353,PDF page 29 / API page 23,point_type=spreadsheet_x
Figure 16,KLh,Er_ksi=10,0.061377,5.173939,uniform_sample,411.707657,269.720136,PDF page 29 / API page 23,point_type=uniform_sample
Figure 16,KLh,Er_ksi=10,0.063705,5.07551,uniform_sample,420.665455,270.512295,PDF page 29 / API page 23,point_type=uniform_sample
Figure 16,KLh,Er_ksi=10,0.066033,4.987384,uniform_sample,429.7802,271.22153,PDF page 29 / API page 23,point_type=uniform_sample
Figure 16,KLh,Er_ksi=10,0.06836,4.909366,uniform_sample,439.09184,271.849419,PDF page 29 / API page 23,point_type=uniform_sample
Figure 16,KLh,Er_ksi=10,0.07,4.861585,spreadsheet_x,445.65,272.233967,PDF page 29 / API page 23,point_type=spreadsheet_x
Figure 16,KLh,Er_ksi=10,0.070688,4.843949,uniform_sample,448.298848,272.375897,PDF page 29 / API page 23,point_type=uniform_sample
Figure 16,KLh,Er_ksi=10,0.073016,4.781838,uniform_sample,457.256645,272.798975,PDF page 29 / API page 23,point_type=uniform_sample
Figure 16,KLh,Er_ksi=10,0.075344,4.738545,uniform_sample,466.214405,273.132155,PDF page 29 / API page 23,point_type=uniform_sample
Figure 16,KLh,Er_ksi=10,0.077672,4.705587,uniform_sample,475.979174,273.3858,PDF page 29 / API page 23,point_type=uniform_sample
Figure 16,KLh,Er_ksi=10,0.08,4.69134,endpoint/control;spreadsheet_x;uniform_sample,485.652206,273.495448,PDF page 29 / API page 23,point_type=endpoint/control;spreadsheet_x;uniform_sample
Figure 16,KLh,Er_ksi=20,0.010559,6.10288,endpoint/control;uniform_sample,211.621002,262.244019,PDF page 29 / API page 23,point_type=endpoint/control;uniform_sample
Figure 16,KLh,Er_ksi=20,0.012874,6.398997,uniform_sample,220.527728,259.860873,PDF page 29 / API page 23,point_type=uniform_sample
Figure 16,KLh,Er_ksi=20,0.015,6.554017,spreadsheet_x,228.71,258.613271,PDF page 29 / API page 23,point_type=spreadsheet_x
Figure 16,KLh,Er_ksi=20,0.015188,6.563326,uniform_sample,229.434424,258.538353,PDF page 29 / API page 23,point_type=uniform_sample
Figure 16,KLh,Er_ksi=20,0.017503,6.629471,uniform_sample,238.97189,258.006021,PDF page 29 / API page 23,point_type=uniform_sample
Figure 16,KLh,Er_ksi=20,0.019818,6.605367,uniform_sample,248.461914,258.200009,PDF page 29 / API page 23,point_type=uniform_sample
Figure 16,KLh,Er_ksi=20,0.02,6.600147,spreadsheet_x,249.21,258.242018,PDF page 29 / API page 23,point_type=spreadsheet_x
Figure 16,KLh,Er_ksi=20,0.022132,6.513838,uniform_sample,257.41459,258.936631,PDF page 29 / API page 23,point_type=uniform_sample
Figure 16,KLh,Er_ksi=20,0.024447,6.364172,uniform_sample,266.321325,260.141142,PDF page 29 / API page 23,point_type=uniform_sample
Figure 16,KLh,Er_ksi=20,0.025,6.320228,spreadsheet_x,268.45,260.494802,PDF page 29 / API page 23,point_type=spreadsheet_x
Figure 16,KLh,Er_ksi=20,0.026761,6.154713,uniform_sample,275.407688,261.82687,PDF page 29 / API page 23,point_type=uniform_sample
Figure 16,KLh,Er_ksi=20,0.029031,5.885435,endpoint/control,284.37399,263.994018,PDF page 29 / API page 23,point_type=endpoint/control
Figure 16,KLh,Er_ksi=20,0.029076,5.88061,uniform_sample,284.550516,264.03285,PDF page 29 / API page 23,point_type=uniform_sample
Figure 16,KLh,Er_ksi=20,0.03,5.781276,spreadsheet_x,288.2,264.832288,PDF page 29 / API page 23,point_type=spreadsheet_x
Figure 16,KLh,Er_ksi=20,0.031391,5.638446,uniform_sample,293.548709,265.981784,PDF page 29 / API page 23,point_type=uniform_sample
Figure 16,KLh,Er_ksi=20,0.033705,5.408505,uniform_sample,302.450776,267.832348,PDF page 29 / API page 23,point_type=uniform_sample
Figure 16,KLh,Er_ksi=20,0.03602,5.184386,uniform_sample,311.50996,269.636063,PDF page 29 / API page 23,point_type=uniform_sample
Figure 16,KLh,Er_ksi=20,0.038335,4.965731,uniform_sample,320.76848,271.395795,PDF page 29 / API page 23,point_type=uniform_sample
Figure 16,KLh,Er_ksi=20,0.04,4.809873,spreadsheet_x,327.43,272.609593,PDF page 29 / API page 23,point_type=spreadsheet_x
Figure 16,KLh,Er_ksi=20,0.040649,4.748535,uniform_sample,329.938262,273.055278,PDF page 29 / API page 23,point_type=uniform_sample
Figure 16,KLh,Er_ksi=20,0.042964,4.549761,uniform_sample,338.835049,274.585041,PDF page 29 / API page 23,point_type=uniform_sample
Figure 16,KLh,Er_ksi=20,0.045279,4.359887,uniform_sample,347.809899,276.046308,PDF page 29 / API page 23,point_type=uniform_sample
Figure 16,KLh,Er_ksi=20,0.047593,4.170697,uniform_sample,357.301997,277.502316,PDF page 29 / API page 23,point_type=uniform_sample
Figure 16,KLh,Er_ksi=20,0.049908,3.993736,uniform_sample,366.79198,278.864207,PDF page 29 / API page 23,point_type=uniform_sample
Figure 16,KLh,Er_ksi=20,0.05,3.986938,spreadsheet_x,367.17,278.916527,PDF page 29 / API page 23,point_type=spreadsheet_x
Figure 16,KLh,Er_ksi=20,0.052222,3.838528,uniform_sample,375.721949,280.058691,PDF page 29 / API page 23,point_type=uniform_sample
Figure 16,KLh,Er_ksi=20,0.054537,3.694871,uniform_sample,384.628645,281.164269,PDF page 29 / API page 23,point_type=uniform_sample
Figure 16,KLh,Er_ksi=20,0.056852,3.558565,uniform_sample,393.81684,282.213282,PDF page 29 / API page 23,point_type=uniform_sample
Figure 16,KLh,Er_ksi=20,0.059166,3.433806,uniform_sample,403.0754,283.173428,PDF page 29 / API page 23,point_type=uniform_sample
Figure 16,KLh,Er_ksi=20,0.06,3.392017,spreadsheet_x,406.41,283.495034,PDF page 29 / API page 23,point_type=spreadsheet_x
Figure 16,KLh,Er_ksi=20,0.061481,3.324568,uniform_sample,412.108811,284.014122,PDF page 29 / API page 23,point_type=uniform_sample
Figure 16,KLh,Er_ksi=20,0.063796,3.229387,uniform_sample,421.015546,284.746639,PDF page 29 / API page 23,point_type=uniform_sample
Figure 16,KLh,Er_ksi=20,0.06611,3.145703,uniform_sample,430.091,285.390669,PDF page 29 / API page 23,point_type=uniform_sample
Figure 16,KLh,Er_ksi=20,0.068425,3.074936,uniform_sample,439.34956,285.935291,PDF page 29 / API page 23,point_type=uniform_sample
Figure 16,KLh,Er_ksi=20,0.07,3.035643,spreadsheet_x,445.65,286.237695,PDF page 29 / API page 23,point_type=spreadsheet_x
Figure 16,KLh,Er_ksi=20,0.07074,3.020385,uniform_sample,448.495711,286.355114,PDF page 29 / API page 23,point_type=uniform_sample
Figure 16,KLh,Er_ksi=20,0.073054,2.983156,uniform_sample,457.402408,286.641632,PDF page 29 / API page 23,point_type=uniform_sample
Figure 16,KLh,Er_ksi=20,0.075369,2.963423,uniform_sample,466.318907,286.793498,PDF page 29 / API page 23,point_type=uniform_sample
Figure 16,KLh,Er_ksi=20,0.077683,2.965446,uniform_sample,476.026234,286.777929,PDF page 29 / API page 23,point_type=uniform_sample
Figure 16,KLh,Er_ksi=20,0.079998,3.002206,endpoint/control;uniform_sample,485.631989,286.495026,PDF page 29 / API page 23,point_type=endpoint/control;uniform_sample
Figure 16,KLh,Er_ksi=5,0.010559,14.612652,endpoint/control;uniform_sample,211.621002,194.741028,PDF page 29 / API page 23,point_type=endpoint/control;uniform_sample
Figure 16,KLh,Er_ksi=5,0.012874,14.921411,uniform_sample,220.527728,192.388713,PDF page 29 / API page 23,point_type=uniform_sample
Figure 16,KLh,Er_ksi=5,0.015,14.961082,spreadsheet_x,228.71,192.071344,PDF page 29 / API page 23,point_type=spreadsheet_x
Figure 16,KLh,Er_ksi=5,0.015188,14.95607,uniform_sample,229.434424,192.111436,PDF page 29 / API page 23,point_type=uniform_sample
Figure 16,KLh,Er_ksi=5,0.017503,14.774131,uniform_sample,238.97189,193.498289,PDF page 29 / API page 23,point_type=uniform_sample
Figure 16,KLh,Er_ksi=5,0.019818,14.418631,uniform_sample,248.461914,196.234213,PDF page 29 / API page 23,point_type=uniform_sample
Figure 16,KLh,Er_ksi=5,0.02,14.384148,spreadsheet_x,249.21,196.499593,PDF page 29 / API page 23,point_type=spreadsheet_x
Figure 16,KLh,Er_ksi=5,0.022132,13.949523,uniform_sample,257.41459,199.844472,PDF page 29 / API page 23,point_type=uniform_sample
Figure 16,KLh,Er_ksi=5,0.024447,13.368667,uniform_sample,266.321325,204.314737,PDF page 29 / API page 23,point_type=uniform_sample
Figure 16,KLh,Er_ksi=5,0.025,13.213695,spreadsheet_x,268.45,205.5074,PDF page 29 / API page 23,point_type=spreadsheet_x
Figure 16,KLh,Er_ksi=5,0.026761,12.662184,uniform_sample,275.407688,209.751831,PDF page 29 / API page 23,point_type=uniform_sample
Figure 16,KLh,Er_ksi=5,0.027955,12.260112,endpoint/control,280.123988,212.992031,PDF page 29 / API page 23,point_type=endpoint/control
Figure 16,KLh,Er_ksi=5,0.029076,11.937001,uniform_sample,284.550516,215.675147,PDF page 29 / API page 23,point_type=uniform_sample
Figure 16,KLh,Er_ksi=5,0.03,11.688348,spreadsheet_x,288.2,217.739955,PDF page 29 / API page 23,point_type=spreadsheet_x
Figure 16,KLh,Er_ksi=5,0.031391,11.35003,uniform_sample,293.548709,220.549349,PDF page 29 / API page 23,point_type=uniform_sample
Figure 16,KLh,Er_ksi=5,0.033705,10.844421,uniform_sample,302.450776,224.747927,PDF page 29 / API page 23,point_type=uniform_sample
Figure 16,KLh,Er_ksi=5,0.03602,10.391262,uniform_sample,311.50996,228.510963,PDF page 29 / API page 23,point_type=uniform_sample
Figure 16,KLh,Er_ksi=5,0.038335,9.980784,uniform_sample,320.76848,231.919566,PDF page 29 / API page 23,point_type=uniform_sample
Figure 16,KLh,Er_ksi=5,0.04,9.691049,spreadsheet_x,327.43,234.13769,PDF page 29 / API page 23,point_type=spreadsheet_x
Figure 16,KLh,Er_ksi=5,0.040649,9.588494,uniform_sample,329.935988,234.926951,PDF page 29 / API page 23,point_type=uniform_sample
Figure 16,KLh,Er_ksi=5,0.042964,9.248281,uniform_sample,338.835049,237.545231,PDF page 29 / API page 23,point_type=uniform_sample
Figure 16,KLh,Er_ksi=5,0.045279,8.939837,uniform_sample,347.796945,239.919013,PDF page 29 / API page 23,point_type=uniform_sample
Figure 16,KLh,Er_ksi=5,0.047593,8.645626,uniform_sample,357.301997,242.183261,PDF page 29 / API page 23,point_type=uniform_sample
Figure 16,KLh,Er_ksi=5,0.049908,8.382544,uniform_sample,366.79198,244.207942,PDF page 29 / API page 23,point_type=uniform_sample
Figure 16,KLh,Er_ksi=5,0.05,8.372618,spreadsheet_x,367.17,244.284334,PDF page 29 / API page 23,point_type=spreadsheet_x
Figure 16,KLh,Er_ksi=5,0.052222,8.15995,uniform_sample,375.721949,245.921025,PDF page 29 / API page 23,point_type=uniform_sample
Figure 16,KLh,Er_ksi=5,0.054537,7.960076,uniform_sample,384.628645,247.459254,PDF page 29 / API page 23,point_type=uniform_sample
Figure 16,KLh,Er_ksi=5,0.056852,7.775464,uniform_sample,393.81684,248.88003,PDF page 29 / API page 23,point_type=uniform_sample
Figure 16,KLh,Er_ksi=5,0.059166,7.609784,uniform_sample,403.0754,250.155101,PDF page 29 / API page 23,point_type=uniform_sample
Figure 16,KLh,Er_ksi=5,0.06,7.554918,spreadsheet_x,406.41,250.577348,PDF page 29 / API page 23,point_type=spreadsheet_x
Figure 16,KLh,Er_ksi=5,0.061481,7.46677,uniform_sample,412.108811,251.25574,PDF page 29 / API page 23,point_type=uniform_sample
Figure 16,KLh,Er_ksi=5,0.063796,7.342744,uniform_sample,421.015546,252.210242,PDF page 29 / API page 23,point_type=uniform_sample
Figure 16,KLh,Er_ksi=5,0.06611,7.2446,uniform_sample,430.091,253.055459,PDF page 29 / API page 23,point_type=uniform_sample
Figure 16,KLh,Er_ksi=5,0.068425,7.153327,uniform_sample,439.34956,253.79002,PDF page 29 / API page 23,point_type=uniform_sample
Figure 16,KLh,Er_ksi=5,0.07,7.100218,spreadsheet_x,445.65,254.217442,PDF page 29 / API page 23,point_type=spreadsheet_x
Figure 16,KLh,Er_ksi=5,0.07074,7.078574,uniform_sample,448.495711,254.391637,PDF page 29 / API page 23,point_type=uniform_sample
Figure 16,KLh,Er_ksi=5,0.073054,7.020419,uniform_sample,457.402408,254.859667,PDF page 29 / API page 23,point_type=uniform_sample
Figure 16,KLh,Er_ksi=5,0.075369,6.976464,uniform_sample,466.419579,255.21342,PDF page 29 / API page 23,point_type=uniform_sample
Figure 16,KLh,Er_ksi=5,0.077683,6.947441,uniform_sample,476.026234,255.446998,PDF page 29 / API page 23,point_type=uniform_sample
Figure 16,KLh,Er_ksi=5,0.079998,6.941721,endpoint/control;uniform_sample,485.631989,255.493027,PDF page 29 / API page 23,point_type=endpoint/control;uniform_sample
Figure 17,GLh,H_ft=10,2.321502,2.572538,endpoint/control;uniform_sample,182.869995,465.440002,PDF page 29 / API page 23,point_type=endpoint/control;uniform_sample
Figure 17,GLh,H_ft=10,2.460681,2.445734,endpoint/control,183.869995,474.752991,PDF page 29 / API page 23,point_type=endpoint/control
Figure 17,GLh,H_ft=10,2.753,2.075425,spreadsheet_x,185.970305,502.615024,PDF page 29 / API page 23,point_type=spreadsheet_x
Figure 17,GLh,H_ft=10,3.408,1.788156,spreadsheet_x,190.67648,524.229134,PDF page 29 / API page 23,point_type=spreadsheet_x
Figure 17,GLh,H_ft=10,3.644119,1.716752,uniform_sample,192.372995,529.601605,PDF page 29 / API page 23,point_type=uniform_sample
Figure 17,GLh,H_ft=10,4.0,1.624652,spreadsheet_x,194.93,536.531159,PDF page 29 / API page 23,point_type=spreadsheet_x
Figure 17,GLh,H_ft=10,4.932,1.431857,spreadsheet_x,201.86874,551.037115,PDF page 29 / API page 23,point_type=spreadsheet_x
Figure 17,GLh,H_ft=10,4.966736,1.425772,uniform_sample,202.127347,551.494879,PDF page 29 / API page 23,point_type=uniform_sample
Figure 17,GLh,H_ft=10,6.0,1.269881,spreadsheet_x,209.82,563.224166,PDF page 29 / API page 23,point_type=spreadsheet_x
Figure 17,GLh,H_ft=10,6.289352,1.233062,uniform_sample,211.974227,565.994388,PDF page 29 / API page 23,point_type=uniform_sample
Figure 17,GLh,H_ft=10,7.611969,1.091721,uniform_sample,221.821108,576.628942,PDF page 29 / API page 23,point_type=uniform_sample
Figure 17,GLh,H_ft=10,8.0,1.057069,spreadsheet_x,224.71,579.236137,PDF page 29 / API page 23,point_type=spreadsheet_x
Figure 17,GLh,H_ft=10,8.934585,0.986022,uniform_sample,231.424996,584.581691,PDF page 29 / API page 23,point_type=uniform_sample
Figure 17,GLh,H_ft=10,10.0,0.918893,spreadsheet_x,239.08,589.632527,PDF page 29 / API page 23,point_type=spreadsheet_x
Figure 17,GLh,H_ft=10,10.257202,0.904142,uniform_sample,240.996155,590.742323,PDF page 29 / API page 23,point_type=uniform_sample
Figure 17,GLh,H_ft=10,11.579819,0.840116,uniform_sample,250.849648,595.559692,PDF page 29 / API page 23,point_type=uniform_sample
Figure 17,GLh,H_ft=10,12.0,0.823827,spreadsheet_x,253.98,596.785279,PDF page 29 / API page 23,point_type=spreadsheet_x
Figure 17,GLh,H_ft=10,12.802635,0.797608,endpoint/control,260.372986,598.757996,PDF page 29 / API page 23,point_type=endpoint/control
Figure 17,GLh,H_ft=10,12.902435,0.792921,uniform_sample,261.167896,599.110659,PDF page 29 / API page 23,point_type=uniform_sample
Figure 17,GLh,H_ft=10,14.0,0.768601,spreadsheet_x,269.91,600.940456,PDF page 29 / API page 23,point_type=spreadsheet_x
Figure 17,GLh,H_ft=10,14.225052,0.765033,uniform_sample,271.567419,601.20893,PDF page 29 / API page 23,point_type=uniform_sample
Figure 17,GLh,H_ft=10,15.547668,0.746523,uniform_sample,281.029997,602.601619,PDF page 29 / API page 23,point_type=uniform_sample
Figure 17,GLh,H_ft=10,16.0,0.740637,spreadsheet_x,284.28,603.044505,PDF page 29 / API page 23,point_type=spreadsheet_x
Figure 17,GLh,H_ft=10,16.870285,0.729348,uniform_sample,290.759271,603.893867,PDF page 29 / API page 23,point_type=uniform_sample
Figure 17,GLh,H_ft=10,18.192901,0.713009,uniform_sample,300.607093,605.123223,PDF page 29 / API page 23,point_type=uniform_sample
Figure 17,GLh,H_ft=10,19.515518,0.69735,uniform_sample,310.46061,606.301373,PDF page 29 / API page 23,point_type=uniform_sample
Figure 17,GLh,H_ft=10,20.838135,0.682524,uniform_sample,320.091997,607.416869,PDF page 29 / API page 23,point_type=uniform_sample
Figure 17,GLh,H_ft=10,22.160751,0.668224,uniform_sample,329.617005,608.492855,PDF page 29 / API page 23,point_type=uniform_sample
Figure 17,GLh,H_ft=10,23.483368,0.653713,uniform_sample,339.483673,609.584628,PDF page 29 / API page 23,point_type=uniform_sample
Figure 17,GLh,H_ft=10,24.805984,0.63903,uniform_sample,349.648918,610.689377,PDF page 29 / API page 23,point_type=uniform_sample
Figure 17,GLh,H_ft=10,26.128601,0.624423,uniform_sample,359.922018,611.78839,PDF page 29 / API page 23,point_type=uniform_sample
Figure 17,GLh,H_ft=10,27.451218,0.611074,uniform_sample,369.436998,612.792768,PDF page 29 / API page 23,point_type=uniform_sample
Figure 17,GLh,H_ft=10,28.0,0.605588,spreadsheet_x,373.38,613.205558,PDF page 29 / API page 23,point_type=spreadsheet_x
Figure 17,GLh,H_ft=10,28.773834,0.597616,uniform_sample,379.141195,613.80536,PDF page 29 / API page 23,point_type=uniform_sample
Figure 17,GLh,H_ft=10,30.096451,0.584091,uniform_sample,388.998313,614.823008,PDF page 29 / API page 23,point_type=uniform_sample
Figure 17,GLh,H_ft=10,31.419067,0.570227,uniform_sample,399.203914,615.866153,PDF page 29 / API page 23,point_type=uniform_sample
Figure 17,GLh,H_ft=10,32.741684,0.557028,uniform_sample,409.008999,616.859215,PDF page 29 / API page 23,point_type=uniform_sample
Figure 17,GLh,H_ft=10,34.0643,0.544342,uniform_sample,418.511999,617.813744,PDF page 29 / API page 23,point_type=uniform_sample
Figure 17,GLh,H_ft=10,35.386917,0.531267,uniform_sample,428.382532,618.797445,PDF page 29 / API page 23,point_type=uniform_sample
Figure 17,GLh,H_ft=10,36.709534,0.517959,uniform_sample,438.509196,619.798791,PDF page 29 / API page 23,point_type=uniform_sample
Figure 17,GLh,H_ft=10,38.03215,0.504446,uniform_sample,448.871897,620.815498,PDF page 29 / API page 23,point_type=uniform_sample
Figure 17,GLh,H_ft=10,39.354767,0.492175,uniform_sample,458.354,621.738774,PDF page 29 / API page 23,point_type=uniform_sample
Figure 17,GLh,H_ft=10,40.677383,0.47859,uniform_sample,468.473419,622.716338,PDF page 29 / API page 23,point_type=uniform_sample
Figure 17,GLh,H_ft=10,42.0,0.464465,endpoint/control;spreadsheet_x;uniform_sample,479.283655,623.749726,PDF page 29 / API page 23,point_type=endpoint/control;spreadsheet_x;uniform_sample
Figure 17,GLh,H_ft=3_to_4,2.321502,2.582066,endpoint/control;uniform_sample,182.869995,464.753021,PDF page 29 / API page 23,point_type=endpoint/control;uniform_sample
Figure 17,GLh,H_ft=3_to_4,2.753,2.243292,spreadsheet_x,185.970305,489.984728,PDF page 29 / API page 23,point_type=spreadsheet_x
Figure 17,GLh,H_ft=3_to_4,3.408,2.032642,spreadsheet_x,190.67648,505.834015,PDF page 29 / API page 23,point_type=spreadsheet_x
Figure 17,GLh,H_ft=3_to_4,3.644119,1.974298,uniform_sample,192.372995,510.223845,PDF page 29 / API page 23,point_type=uniform_sample
Figure 17,GLh,H_ft=3_to_4,4.0,1.895978,spreadsheet_x,194.93,516.116649,PDF page 29 / API page 23,point_type=spreadsheet_x
Figure 17,GLh,H_ft=3_to_4,4.932,1.72087,spreadsheet_x,201.86874,529.291739,PDF page 29 / API page 23,point_type=spreadsheet_x
Figure 17,GLh,H_ft=3_to_4,4.966736,1.715111,uniform_sample,202.127347,529.725056,PDF page 29 / API page 23,point_type=uniform_sample
Figure 17,GLh,H_ft=3_to_4,6.0,1.561587,spreadsheet_x,209.82,541.27622,PDF page 29 / API page 23,point_type=spreadsheet_x
Figure 17,GLh,H_ft=3_to_4,6.289352,1.52382,uniform_sample,211.974227,544.117785,PDF page 29 / API page 23,point_type=uniform_sample
Figure 17,GLh,H_ft=3_to_4,7.417193,1.39572,endpoint/control,220.371002,553.756042,PDF page 29 / API page 23,point_type=endpoint/control
Figure 17,GLh,H_ft=3_to_4,7.611969,1.37671,uniform_sample,221.821108,555.186327,PDF page 29 / API page 23,point_type=uniform_sample
Figure 17,GLh,H_ft=3_to_4,8.0,1.344142,spreadsheet_x,224.71,557.636752,PDF page 29 / API page 23,point_type=spreadsheet_x
Figure 17,GLh,H_ft=3_to_4,8.934585,1.28552,uniform_sample,231.424996,562.04745,PDF page 29 / API page 23,point_type=uniform_sample
Figure 17,GLh,H_ft=3_to_4,10.0,1.235659,spreadsheet_x,239.08,565.799002,PDF page 29 / API page 23,point_type=spreadsheet_x
Figure 17,GLh,H_ft=3_to_4,10.257202,1.22507,uniform_sample,240.996155,566.595724,PDF page 29 / API page 23,point_type=uniform_sample
Figure 17,GLh,H_ft=3_to_4,11.579819,1.179221,uniform_sample,250.849648,570.045437,PDF page 29 / API page 23,point_type=uniform_sample
Figure 17,GLh,H_ft=3_to_4,12.0,1.167128,spreadsheet_x,253.98,570.955288,PDF page 29 / API page 23,point_type=spreadsheet_x
Figure 17,GLh,H_ft=3_to_4,12.902435,1.143026,uniform_sample,261.167896,572.768755,PDF page 29 / API page 23,point_type=uniform_sample
Figure 17,GLh,H_ft=3_to_4,14.0,1.119888,spreadsheet_x,269.91,574.509618,PDF page 29 / API page 23,point_type=spreadsheet_x
Figure 17,GLh,H_ft=3_to_4,14.225052,1.116347,uniform_sample,271.526997,574.776051,PDF page 29 / API page 23,point_type=uniform_sample
Figure 17,GLh,H_ft=3_to_4,14.690883,1.109955,endpoint/control,274.873993,575.257019,PDF page 29 / API page 23,point_type=endpoint/control
Figure 17,GLh,H_ft=3_to_4,15.547668,1.103923,uniform_sample,281.029997,575.710859,PDF page 29 / API page 23,point_type=uniform_sample
Figure 17,GLh,H_ft=3_to_4,16.0,1.100515,spreadsheet_x,284.28,575.967241,PDF page 29 / API page 23,point_type=spreadsheet_x
Figure 17,GLh,H_ft=3_to_4,16.870285,1.093318,uniform_sample,290.759271,576.508738,PDF page 29 / API page 23,point_type=uniform_sample
Figure 17,GLh,H_ft=3_to_4,18.192901,1.081481,uniform_sample,300.60639,577.399402,PDF page 29 / API page 23,point_type=uniform_sample
Figure 17,GLh,H_ft=3_to_4,19.515518,1.068719,uniform_sample,310.46061,578.359546,PDF page 29 / API page 23,point_type=uniform_sample
Figure 17,GLh,H_ft=3_to_4,20.838135,1.055505,uniform_sample,320.091997,579.353819,PDF page 29 / API page 23,point_type=uniform_sample
Figure 17,GLh,H_ft=3_to_4,22.160751,1.041781,uniform_sample,329.637813,580.386394,PDF page 29 / API page 23,point_type=uniform_sample
Figure 17,GLh,H_ft=3_to_4,23.483368,1.027056,uniform_sample,339.483673,581.494303,PDF page 29 / API page 23,point_type=uniform_sample
Figure 17,GLh,H_ft=3_to_4,24.805984,1.011316,uniform_sample,349.648918,582.678555,PDF page 29 / API page 23,point_type=uniform_sample
Figure 17,GLh,H_ft=3_to_4,26.128601,0.994898,uniform_sample,359.932056,583.913901,PDF page 29 / API page 23,point_type=uniform_sample
Figure 17,GLh,H_ft=3_to_4,27.451218,0.97932,uniform_sample,369.436998,585.085944,PDF page 29 / API page 23,point_type=uniform_sample
Figure 17,GLh,H_ft=3_to_4,28.0,0.972752,spreadsheet_x,373.38,585.580141,PDF page 29 / API page 23,point_type=spreadsheet_x
Figure 17,GLh,H_ft=3_to_4,28.773834,0.963052,uniform_sample,379.141195,586.309992,PDF page 29 / API page 23,point_type=uniform_sample
Figure 17,GLh,H_ft=3_to_4,30.096451,0.946196,uniform_sample,388.988076,587.578249,PDF page 29 / API page 23,point_type=uniform_sample
Figure 17,GLh,H_ft=3_to_4,31.419067,0.928363,uniform_sample,399.203914,588.919951,PDF page 29 / API page 23,point_type=uniform_sample
Figure 17,GLh,H_ft=3_to_4,32.741684,0.910938,uniform_sample,409.008999,590.23105,PDF page 29 / API page 23,point_type=uniform_sample
Figure 17,GLh,H_ft=3_to_4,34.0643,0.893775,uniform_sample,418.511999,591.522405,PDF page 29 / API page 23,point_type=uniform_sample
Figure 17,GLh,H_ft=3_to_4,35.386917,0.875672,uniform_sample,428.382532,592.884405,PDF page 29 / API page 23,point_type=uniform_sample
Figure 17,GLh,H_ft=3_to_4,36.709534,0.856818,uniform_sample,438.509196,594.302987,PDF page 29 / API page 23,point_type=uniform_sample
Figure 17,GLh,H_ft=3_to_4,38.03215,0.837231,uniform_sample,448.871897,595.776732,PDF page 29 / API page 23,point_type=uniform_sample
Figure 17,GLh,H_ft=3_to_4,39.354767,0.819045,uniform_sample,458.354,597.145029,PDF page 29 / API page 23,point_type=uniform_sample
Figure 17,GLh,H_ft=3_to_4,40.677383,0.799342,uniform_sample,468.473419,598.627523,PDF page 29 / API page 23,point_type=uniform_sample
Figure 17,GLh,H_ft=3_to_4,42.0,0.777945,endpoint/control;spreadsheet_x;uniform_sample,479.246614,600.237451,PDF page 29 / API page 23,point_type=endpoint/control;spreadsheet_x;uniform_sample
Figure 17,GLh,H_ft=6,2.347669,2.523994,endpoint/control;uniform_sample,183.057999,468.940002,PDF page 29 / API page 23,point_type=endpoint/control;uniform_sample
Figure 17,GLh,H_ft=6,2.356297,2.472315,endpoint/control,183.119995,472.752989,PDF page 29 / API page 23,point_type=endpoint/control
Figure 17,GLh,H_ft=6,2.753,2.1806,spreadsheet_x,185.970305,494.701624,PDF page 29 / API page 23,point_type=spreadsheet_x
Figure 17,GLh,H_ft=6,3.408,1.934294,spreadsheet_x,190.67648,513.233748,PDF page 29 / API page 23,point_type=spreadsheet_x
Figure 17,GLh,H_ft=6,3.669413,1.862271,uniform_sample,192.554732,518.652703,PDF page 29 / API page 23,point_type=uniform_sample
Figure 17,GLh,H_ft=6,4.0,1.783035,spreadsheet_x,194.93,524.614428,PDF page 29 / API page 23,point_type=spreadsheet_x
Figure 17,GLh,H_ft=6,4.932,1.600855,spreadsheet_x,201.86874,538.321677,PDF page 29 / API page 23,point_type=spreadsheet_x
Figure 17,GLh,H_ft=6,4.991157,1.591089,uniform_sample,202.309166,539.05646,PDF page 29 / API page 23,point_type=uniform_sample
Figure 17,GLh,H_ft=6,6.0,1.446723,spreadsheet_x,209.82,549.91855,PDF page 29 / API page 23,point_type=spreadsheet_x
Figure 17,GLh,H_ft=6,6.312902,1.408934,uniform_sample,212.149553,552.761772,PDF page 29 / API page 23,point_type=uniform_sample
Figure 17,GLh,H_ft=6,7.634646,1.275594,uniform_sample,221.98994,562.794307,PDF page 29 / API page 23,point_type=uniform_sample
Figure 17,GLh,H_ft=6,8.0,1.244834,spreadsheet_x,224.71,565.10868,PDF page 29 / API page 23,point_type=spreadsheet_x
Figure 17,GLh,H_ft=6,8.95639,1.176486,uniform_sample,231.581666,570.251222,PDF page 29 / API page 23,point_type=uniform_sample
Figure 17,GLh,H_ft=6,10.0,1.114981,spreadsheet_x,239.08,574.878863,PDF page 29 / API page 23,point_type=spreadsheet_x
Figure 17,GLh,H_ft=6,10.278135,1.100065,uniform_sample,241.152105,576.001137,PDF page 29 / API page 23,point_type=uniform_sample
Figure 17,GLh,H_ft=6,11.599879,1.040166,uniform_sample,250.9991,580.507945,PDF page 29 / API page 23,point_type=uniform_sample
Figure 17,GLh,H_ft=6,12.0,1.025331,spreadsheet_x,253.98,581.624101,PDF page 29 / API page 23,point_type=spreadsheet_x
Figure 17,GLh,H_ft=6,12.75,0.999894,annex_control_x,259.95375,583.537971,PDF page 29 / API page 23,point_type=annex_control_x
Figure 17,GLh,H_ft=6,12.921624,0.994864,uniform_sample,261.320732,583.91647,PDF page 29 / API page 23,point_type=uniform_sample
Figure 17,GLh,H_ft=6,14.0,0.970243,spreadsheet_x,269.91,585.768914,PDF page 29 / API page 23,point_type=spreadsheet_x
Figure 17,GLh,H_ft=6,14.243368,0.966869,uniform_sample,271.658599,586.022789,PDF page 29 / API page 23,point_type=uniform_sample
Figure 17,GLh,H_ft=6,14.551704,0.963756,endpoint/control,273.873993,586.257019,PDF page 29 / API page 23,point_type=endpoint/control
Figure 17,GLh,H_ft=6,15.565112,0.956461,uniform_sample,281.155332,586.80586,PDF page 29 / API page 23,point_type=uniform_sample
Figure 17,GLh,H_ft=6,16.0,0.953188,spreadsheet_x,284.28,587.052105,PDF page 29 / API page 23,point_type=spreadsheet_x
Figure 17,GLh,H_ft=6,16.886857,0.946013,uniform_sample,290.882649,587.591969,PDF page 29 / API page 23,point_type=uniform_sample
Figure 17,GLh,H_ft=6,18.208601,0.934693,uniform_sample,300.724059,588.443712,PDF page 29 / API page 23,point_type=uniform_sample
Figure 17,GLh,H_ft=6,19.530346,0.922666,uniform_sample,310.571074,589.348575,PDF page 29 / API page 23,point_type=uniform_sample
Figure 17,GLh,H_ft=6,20.85209,0.910288,uniform_sample,320.192266,590.279936,PDF page 29 / API page 23,point_type=uniform_sample
Figure 17,GLh,H_ft=6,22.173834,0.897443,uniform_sample,329.733642,591.246395,PDF page 29 / API page 23,point_type=uniform_sample
Figure 17,GLh,H_ft=6,23.495579,0.883637,uniform_sample,339.574583,592.285168,PDF page 29 / API page 23,point_type=uniform_sample
Figure 17,GLh,H_ft=6,24.817323,0.868817,uniform_sample,349.737813,593.400208,PDF page 29 / API page 23,point_type=uniform_sample
Figure 17,GLh,H_ft=6,26.139067,0.853299,uniform_sample,360.00475,594.567756,PDF page 29 / API page 23,point_type=uniform_sample
Figure 17,GLh,H_ft=6,27.460812,0.838476,uniform_sample,369.505933,595.683088,PDF page 29 / API page 23,point_type=uniform_sample
Figure 17,GLh,H_ft=6,28.0,0.832307,spreadsheet_x,373.38,596.147236,PDF page 29 / API page 23,point_type=spreadsheet_x
Figure 17,GLh,H_ft=6,28.782556,0.822901,uniform_sample,379.206131,596.854964,PDF page 29 / API page 23,point_type=uniform_sample
Figure 17,GLh,H_ft=6,30.104301,0.806663,uniform_sample,389.046518,598.076668,PDF page 29 / API page 23,point_type=uniform_sample
Figure 17,GLh,H_ft=6,31.426045,0.789365,uniform_sample,399.257676,599.378196,PDF page 29 / API page 23,point_type=uniform_sample
Figure 17,GLh,H_ft=6,32.747789,0.772353,uniform_sample,409.052866,600.658128,PDF page 29 / API page 23,point_type=uniform_sample
Figure 17,GLh,H_ft=6,34.069534,0.75547,uniform_sample,418.554636,601.928406,PDF page 29 / API page 23,point_type=uniform_sample
Figure 17,GLh,H_ft=6,35.391278,0.737556,uniform_sample,428.415022,603.276287,PDF page 29 / API page 23,point_type=uniform_sample
Figure 17,GLh,H_ft=6,36.713022,0.718752,uniform_sample,438.536531,604.691097,PDF page 29 / API page 23,point_type=uniform_sample
Figure 17,GLh,H_ft=6,38.034767,0.69907,uniform_sample,448.892398,606.171985,PDF page 29 / API page 23,point_type=uniform_sample
Figure 17,GLh,H_ft=6,39.356511,0.680654,uniform_sample,458.366533,607.557564,PDF page 29 / API page 23,point_type=uniform_sample
Figure 17,GLh,H_ft=6,40.678256,0.660525,uniform_sample,468.480479,609.07213,PDF page 29 / API page 23,point_type=uniform_sample
Figure 17,GLh,H_ft=6,42.0,0.638361,endpoint/control;spreadsheet_x;uniform_sample,479.267336,610.739723,PDF page 29 / API page 23,point_type=endpoint/control;spreadsheet_x;uniform_sample
Figure 17,GLh,H_ft=8,2.460681,2.445733,endpoint/control;uniform_sample,183.869995,474.753021,PDF page 29 / API page 23,point_type=endpoint/control;uniform_sample
Figure 17,GLh,H_ft=8,2.753,2.187122,spreadsheet_x,185.970305,494.210958,PDF page 29 / API page 23,point_type=spreadsheet_x
Figure 17,GLh,H_ft=8,3.408,1.901894,spreadsheet_x,190.67648,515.671508,PDF page 29 / API page 23,point_type=spreadsheet_x
Figure 17,GLh,H_ft=8,3.778659,1.791486,uniform_sample,193.339662,523.978586,PDF page 29 / API page 23,point_type=uniform_sample
Figure 17,GLh,H_ft=8,4.0,1.734698,spreadsheet_x,194.93,528.251294,PDF page 29 / API page 23,point_type=spreadsheet_x
Figure 17,GLh,H_ft=8,4.932,1.536743,spreadsheet_x,201.86874,543.145455,PDF page 29 / API page 23,point_type=spreadsheet_x
Figure 17,GLh,H_ft=8,5.096636,1.507803,uniform_sample,203.094454,545.322865,PDF page 29 / API page 23,point_type=uniform_sample
Figure 17,GLh,H_ft=8,6.0,1.370671,spreadsheet_x,209.82,555.640699,PDF page 29 / API page 23,point_type=spreadsheet_x
Figure 17,GLh,H_ft=8,6.414613,1.317522,uniform_sample,212.906795,559.639636,PDF page 29 / API page 23,point_type=uniform_sample
Figure 17,GLh,H_ft=8,7.73259,1.177918,uniform_sample,222.719136,570.143438,PDF page 29 / API page 23,point_type=uniform_sample
Figure 17,GLh,H_ft=8,8.0,1.15401,spreadsheet_x,224.71,571.942303,PDF page 29 / API page 23,point_type=spreadsheet_x
Figure 17,GLh,H_ft=8,9.050568,1.074252,uniform_sample,232.258329,577.943245,PDF page 29 / API page 23,point_type=uniform_sample
Figure 17,GLh,H_ft=8,10.0,1.014843,spreadsheet_x,239.08,582.413177,PDF page 29 / API page 23,point_type=spreadsheet_x
Figure 17,GLh,H_ft=8,10.368545,0.993899,uniform_sample,241.825661,583.989057,PDF page 29 / API page 23,point_type=uniform_sample
Figure 17,GLh,H_ft=8,11.686522,0.93128,uniform_sample,251.644591,588.700493,PDF page 29 / API page 23,point_type=uniform_sample
Figure 17,GLh,H_ft=8,12.0,0.919043,spreadsheet_x,253.98,589.621179,PDF page 29 / API page 23,point_type=spreadsheet_x
Figure 17,GLh,H_ft=8,13.0045,0.884547,uniform_sample,261.980839,592.21669,PDF page 29 / API page 23,point_type=uniform_sample
Figure 17,GLh,H_ft=8,13.932578,0.864075,endpoint/control,269.372986,593.757019,PDF page 29 / API page 23,point_type=endpoint/control
Figure 17,GLh,H_ft=8,14.0,0.863391,spreadsheet_x,269.91,593.808483,PDF page 29 / API page 23,point_type=spreadsheet_x
Figure 17,GLh,H_ft=8,14.322477,0.860369,uniform_sample,272.27734,594.035827,PDF page 29 / API page 23,point_type=uniform_sample
Figure 17,GLh,H_ft=8,15.640454,0.848177,uniform_sample,281.696663,594.953156,PDF page 29 / API page 23,point_type=uniform_sample
Figure 17,GLh,H_ft=8,16.0,0.844777,spreadsheet_x,284.288701,595.209009,PDF page 29 / API page 23,point_type=spreadsheet_x
Figure 17,GLh,H_ft=8,16.958431,0.835331,uniform_sample,291.415522,595.919686,PDF page 29 / API page 23,point_type=uniform_sample
Figure 17,GLh,H_ft=8,18.276409,0.822107,uniform_sample,301.228595,596.91465,PDF page 29 / API page 23,point_type=uniform_sample
Figure 17,GLh,H_ft=8,19.594386,0.808642,uniform_sample,311.048176,597.927763,PDF page 29 / API page 23,point_type=uniform_sample
Figure 17,GLh,H_ft=8,20.912363,0.795301,uniform_sample,320.625331,598.931518,PDF page 29 / API page 23,point_type=uniform_sample
Figure 17,GLh,H_ft=8,22.230341,0.781837,uniform_sample,330.15496,599.944614,PDF page 29 / API page 23,point_type=uniform_sample
Figure 17,GLh,H_ft=8,23.548318,0.767785,uniform_sample,339.967227,601.001846,PDF page 29 / API page 23,point_type=uniform_sample
Figure 17,GLh,H_ft=8,24.866295,0.753058,uniform_sample,350.121755,602.109953,PDF page 29 / API page 23,point_type=uniform_sample
Figure 17,GLh,H_ft=8,26.184273,0.738057,uniform_sample,360.338975,603.238625,PDF page 29 / API page 23,point_type=uniform_sample
Figure 17,GLh,H_ft=8,27.50225,0.724007,uniform_sample,369.803665,604.295707,PDF page 29 / API page 23,point_type=uniform_sample
Figure 17,GLh,H_ft=8,28.0,0.718652,spreadsheet_x,373.385958,604.698632,PDF page 29 / API page 23,point_type=spreadsheet_x
Figure 17,GLh,H_ft=8,28.820227,0.709486,uniform_sample,379.486591,605.388265,PDF page 29 / API page 23,point_type=uniform_sample
Figure 17,GLh,H_ft=8,30.138204,0.694575,uniform_sample,389.332487,606.510178,PDF page 29 / API page 23,point_type=uniform_sample
Figure 17,GLh,H_ft=8,31.456182,0.679043,uniform_sample,399.48988,607.678781,PDF page 29 / API page 23,point_type=uniform_sample
Figure 17,GLh,H_ft=8,32.774159,0.663992,uniform_sample,409.242332,608.811204,PDF page 29 / API page 23,point_type=uniform_sample
Figure 17,GLh,H_ft=8,34.092136,0.649251,uniform_sample,418.711999,609.920368,PDF page 29 / API page 23,point_type=uniform_sample
Figure 17,GLh,H_ft=8,35.410114,0.633797,uniform_sample,428.555346,611.083119,PDF page 29 / API page 23,point_type=uniform_sample
Figure 17,GLh,H_ft=8,36.728091,0.617803,uniform_sample,438.654592,612.286496,PDF page 29 / API page 23,point_type=uniform_sample
Figure 17,GLh,H_ft=8,38.046068,0.601302,uniform_sample,448.980944,613.528004,PDF page 29 / API page 23,point_type=uniform_sample
Figure 17,GLh,H_ft=8,39.364045,0.586083,uniform_sample,458.420666,614.673115,PDF page 29 / API page 23,point_type=uniform_sample
Figure 17,GLh,H_ft=8,40.682023,0.569658,uniform_sample,468.510974,615.908926,PDF page 29 / API page 23,point_type=uniform_sample
Figure 17,GLh,H_ft=8,42.0,0.551925,endpoint/control;spreadsheet_x;uniform_sample,479.263395,617.243154,PDF page 29 / API page 23,point_type=endpoint/control;spreadsheet_x;uniform_sample
Figure 18-A,RF,H_ft=10,2.119082,0.662498,endpoint/control;uniform_sample,170.893005,205.593018,PDF page 34 / API page 28,point_type=endpoint/control;uniform_sample | For 5 ft <= LG < 10 ft.
Figure 18-A,RF,H_ft=10,4.611639,0.662498,uniform_sample,189.693234,205.593018,PDF page 34 / API page 28,point_type=uniform_sample | For 5 ft <= LG < 10 ft.
Figure 18-A,RF,H_ft=10,7.104197,0.662498,uniform_sample,209.416901,205.593018,PDF page 34 / API page 28,point_type=uniform_sample | For 5 ft <= LG < 10 ft.
Figure 18-A,RF,H_ft=10,9.596754,0.662498,uniform_sample,228.295898,205.593018,PDF page 34 / API page 28,point_type=uniform_sample | For 5 ft <= LG < 10 ft.
Figure 18-A,RF,H_ft=10,12.069843,0.662498,endpoint/control,247.796997,205.593018,PDF page 34 / API page 28,point_type=endpoint/control | For 5 ft <= LG < 10 ft.
Figure 18-A,RF,H_ft=10,12.089311,0.662617,uniform_sample,247.941262,205.565539,PDF page 34 / API page 28,point_type=uniform_sample | For 5 ft <= LG < 10 ft.
Figure 18-A,RF,H_ft=10,14.581869,0.677847,uniform_sample,266.411645,202.047378,PDF page 34 / API page 28,point_type=uniform_sample | For 5 ft <= LG < 10 ft.
Figure 18-A,RF,H_ft=10,17.074426,0.693684,uniform_sample,285.537526,198.404362,PDF page 34 / API page 28,point_type=uniform_sample | For 5 ft <= LG < 10 ft.
Figure 18-A,RF,H_ft=10,19.566983,0.709508,uniform_sample,304.948676,194.707008,PDF page 34 / API page 28,point_type=uniform_sample | For 5 ft <= LG < 10 ft.
Figure 18-A,RF,H_ft=10,22.059541,0.724773,uniform_sample,323.685226,191.13815,PDF page 34 / API page 28,point_type=uniform_sample | For 5 ft <= LG < 10 ft.
Figure 18-A,RF,H_ft=10,24.552098,0.740633,uniform_sample,343.152904,187.430029,PDF page 34 / API page 28,point_type=uniform_sample | For 5 ft <= LG < 10 ft.
Figure 18-A,RF,H_ft=10,27.044656,0.755748,uniform_sample,361.706568,183.896005,PDF page 34 / API page 28,point_type=uniform_sample | For 5 ft <= LG < 10 ft.
Figure 18-A,RF,H_ft=10,29.537213,0.77154,uniform_sample,381.090226,180.203889,PDF page 34 / API page 28,point_type=uniform_sample | For 5 ft <= LG < 10 ft.
Figure 18-A,RF,H_ft=10,32.02977,0.787204,uniform_sample,400.316842,176.541684,PDF page 34 / API page 28,point_type=uniform_sample | For 5 ft <= LG < 10 ft.
Figure 18-A,RF,H_ft=10,34.522328,0.802771,uniform_sample,419.256876,172.934067,PDF page 34 / API page 28,point_type=uniform_sample | For 5 ft <= LG < 10 ft.
Figure 18-A,RF,H_ft=10,37.014885,0.819319,uniform_sample,438.894417,169.193591,PDF page 34 / API page 28,point_type=uniform_sample | For 5 ft <= LG < 10 ft.
Figure 18-A,RF,H_ft=10,39.507443,0.835829,uniform_sample,458.440579,165.470521,PDF page 34 / API page 28,point_type=uniform_sample | For 5 ft <= LG < 10 ft.
Figure 18-A,RF,H_ft=10,42.0,0.853033,endpoint/control;uniform_sample,478.808014,161.591019,PDF page 34 / API page 28,point_type=endpoint/control;uniform_sample | For 5 ft <= LG < 10 ft.
Figure 18-A,RF,H_ft=14,2.106446,0.801809,endpoint/control;uniform_sample,170.794006,173.142014,PDF page 34 / API page 28,point_type=endpoint/control;uniform_sample | For 5 ft <= LG < 10 ft.
Figure 18-A,RF,H_ft=14,4.595462,0.801809,uniform_sample,189.520445,173.142014,PDF page 34 / API page 28,point_type=uniform_sample | For 5 ft <= LG < 10 ft.
Figure 18-A,RF,H_ft=14,7.084478,0.801809,uniform_sample,209.262309,173.142014,PDF page 34 / API page 28,point_type=uniform_sample | For 5 ft <= LG < 10 ft.
Figure 18-A,RF,H_ft=14,9.573494,0.801809,uniform_sample,228.123194,173.142014,PDF page 34 / API page 28,point_type=uniform_sample | For 5 ft <= LG < 10 ft.
Figure 18-A,RF,H_ft=14,12.06251,0.801809,uniform_sample,247.635708,173.142014,PDF page 34 / API page 28,point_type=uniform_sample | For 5 ft <= LG < 10 ft.
Figure 18-A,RF,H_ft=14,13.852927,0.801809,endpoint/control,260.997986,173.142014,PDF page 34 / API page 28,point_type=endpoint/control | For 5 ft <= LG < 10 ft.
Figure 18-A,RF,H_ft=14,14.551526,0.803693,uniform_sample,266.22736,172.717286,PDF page 34 / API page 28,point_type=uniform_sample | For 5 ft <= LG < 10 ft.
Figure 18-A,RF,H_ft=14,17.040542,0.810522,uniform_sample,285.18709,171.177387,PDF page 34 / API page 28,point_type=uniform_sample | For 5 ft <= LG < 10 ft.
Figure 18-A,RF,H_ft=14,19.529558,0.8175,uniform_sample,304.562449,169.60373,PDF page 34 / API page 28,point_type=uniform_sample | For 5 ft <= LG < 10 ft.
Figure 18-A,RF,H_ft=14,22.018574,0.824359,uniform_sample,323.605645,168.057051,PDF page 34 / API page 28,point_type=uniform_sample | For 5 ft <= LG < 10 ft.
Figure 18-A,RF,H_ft=14,24.50759,0.831227,uniform_sample,342.674149,166.508316,PDF page 34 / API page 28,point_type=uniform_sample | For 5 ft <= LG < 10 ft.
Figure 18-A,RF,H_ft=14,26.996606,0.837953,uniform_sample,361.3498,164.991489,PDF page 34 / API page 28,point_type=uniform_sample | For 5 ft <= LG < 10 ft.
Figure 18-A,RF,H_ft=14,29.485622,0.844877,uniform_sample,380.573276,163.430168,PDF page 34 / API page 28,point_type=uniform_sample | For 5 ft <= LG < 10 ft.
Figure 18-A,RF,H_ft=14,31.974638,0.851809,uniform_sample,399.819318,161.867014,PDF page 34 / API page 28,point_type=uniform_sample | For 5 ft <= LG < 10 ft.
Figure 18-A,RF,H_ft=14,34.463654,0.858674,uniform_sample,418.879408,160.318963,PDF page 34 / API page 28,point_type=uniform_sample | For 5 ft <= LG < 10 ft.
Figure 18-A,RF,H_ft=14,36.95267,0.865704,uniform_sample,438.396729,158.733776,PDF page 34 / API page 28,point_type=uniform_sample | For 5 ft <= LG < 10 ft.
Figure 18-A,RF,H_ft=14,39.441686,0.872738,uniform_sample,457.925302,157.147675,PDF page 34 / API page 28,point_type=uniform_sample | For 5 ft <= LG < 10 ft.
Figure 18-A,RF,H_ft=14,41.930702,0.879862,endpoint/control;uniform_sample,477.707001,155.541016,PDF page 34 / API page 28,point_type=endpoint/control;uniform_sample | For 5 ft <= LG < 10 ft.
Figure 18-A,RF,H_ft=6,2.131972,0.476627,endpoint/control;uniform_sample,170.994003,248.495026,PDF page 34 / API page 28,point_type=endpoint/control;uniform_sample | For 5 ft <= LG < 10 ft.
Figure 18-A,RF,H_ft=6,4.623724,0.476627,uniform_sample,189.787679,248.495026,PDF page 34 / API page 28,point_type=uniform_sample | For 5 ft <= LG < 10 ft.
Figure 18-A,RF,H_ft=6,7.115476,0.476627,uniform_sample,209.50533,248.495026,PDF page 34 / API page 28,point_type=uniform_sample | For 5 ft <= LG < 10 ft.
Figure 18-A,RF,H_ft=6,9.607228,0.476627,uniform_sample,228.380604,248.495026,PDF page 34 / API page 28,point_type=uniform_sample | For 5 ft <= LG < 10 ft.
Figure 18-A,RF,H_ft=6,12.000879,0.476627,endpoint/control,247.247009,248.495026,PDF page 34 / API page 28,point_type=endpoint/control | For 5 ft <= LG < 10 ft.
Figure 18-A,RF,H_ft=6,12.098979,0.477796,uniform_sample,247.975386,248.221668,PDF page 34 / API page 28,point_type=uniform_sample | For 5 ft <= LG < 10 ft.
Figure 18-A,RF,H_ft=6,14.590731,0.507497,uniform_sample,266.476179,241.278388,PDF page 34 / API page 28,point_type=uniform_sample | For 5 ft <= LG < 10 ft.
Figure 18-A,RF,H_ft=6,17.082483,0.538713,uniform_sample,285.583073,234.10764,PDF page 34 / API page 28,point_type=uniform_sample | For 5 ft <= LG < 10 ft.
Figure 18-A,RF,H_ft=6,19.574234,0.570454,uniform_sample,305.010002,226.816783,PDF page 34 / API page 28,point_type=uniform_sample | For 5 ft <= LG < 10 ft.
Figure 18-A,RF,H_ft=6,22.065986,0.600856,uniform_sample,323.625228,219.830557,PDF page 34 / API page 28,point_type=uniform_sample | For 5 ft <= LG < 10 ft.
Figure 18-A,RF,H_ft=6,24.557738,0.632684,uniform_sample,343.211325,212.479965,PDF page 34 / API page 28,point_type=uniform_sample | For 5 ft <= LG < 10 ft.
Figure 18-A,RF,H_ft=6,27.04949,0.662791,uniform_sample,361.742461,205.525297,PDF page 34 / API page 28,point_type=uniform_sample | For 5 ft <= LG < 10 ft.
Figure 18-A,RF,H_ft=6,29.541241,0.694312,uniform_sample,381.118126,198.25368,PDF page 34 / API page 28,point_type=uniform_sample | For 5 ft <= LG < 10 ft.
Figure 18-A,RF,H_ft=6,32.032993,0.725288,uniform_sample,400.398749,191.017732,PDF page 34 / API page 28,point_type=uniform_sample | For 5 ft <= LG < 10 ft.
Figure 18-A,RF,H_ft=6,34.524745,0.755586,uniform_sample,419.274063,183.933895,PDF page 34 / API page 28,point_type=uniform_sample | For 5 ft <= LG < 10 ft.
Figure 18-A,RF,H_ft=6,37.016497,0.787103,uniform_sample,438.907833,176.565412,PDF page 34 / API page 28,point_type=uniform_sample | For 5 ft <= LG < 10 ft.
Figure 18-A,RF,H_ft=6,39.508248,0.819168,uniform_sample,458.4469,169.232471,PDF page 34 / API page 28,point_type=uniform_sample | For 5 ft <= LG < 10 ft.
Figure 18-A,RF,H_ft=6,42.0,0.853033,endpoint/control;uniform_sample,478.808014,161.591019,PDF page 34 / API page 28,point_type=endpoint/control;uniform_sample | For 5 ft <= LG < 10 ft.
Figure 18-B,RF,H_ft=10,2.054405,0.398835,endpoint/control;uniform_sample,160.455994,599.823975,PDF page 34 / API page 28,point_type=endpoint/control;uniform_sample | For LG >= 10 ft.
Figure 18-B,RF,H_ft=10,4.547792,0.398835,uniform_sample,179.344206,599.823975,PDF page 34 / API page 28,point_type=uniform_sample | For LG >= 10 ft.
Figure 18-B,RF,H_ft=10,7.041178,0.398835,uniform_sample,198.97413,599.823975,PDF page 34 / API page 28,point_type=uniform_sample | For LG >= 10 ft.
Figure 18-B,RF,H_ft=10,9.534564,0.398835,uniform_sample,217.849507,599.823975,PDF page 34 / API page 28,point_type=uniform_sample | For LG >= 10 ft.
Figure 18-B,RF,H_ft=10,12.027951,0.398835,uniform_sample,237.210951,599.823975,PDF page 34 / API page 28,point_type=uniform_sample | For LG >= 10 ft.
Figure 18-B,RF,H_ft=10,14.521337,0.398835,uniform_sample,256.035803,599.823975,PDF page 34 / API page 28,point_type=uniform_sample | For LG >= 10 ft.
Figure 18-B,RF,H_ft=10,17.014724,0.398835,uniform_sample,275.222213,599.823975,PDF page 34 / API page 28,point_type=uniform_sample | For LG >= 10 ft.
Figure 18-B,RF,H_ft=10,19.50811,0.398835,uniform_sample,294.484629,599.823975,PDF page 34 / API page 28,point_type=uniform_sample | For LG >= 10 ft.
Figure 18-B,RF,H_ft=10,22.001496,0.398835,uniform_sample,313.589391,599.823975,PDF page 34 / API page 28,point_type=uniform_sample | For LG >= 10 ft.
Figure 18-B,RF,H_ft=10,24.494883,0.398835,uniform_sample,332.678291,599.823975,PDF page 34 / API page 28,point_type=uniform_sample | For LG >= 10 ft.
Figure 18-B,RF,H_ft=10,26.988269,0.398835,uniform_sample,351.499824,599.823975,PDF page 34 / API page 28,point_type=uniform_sample | For LG >= 10 ft.
Figure 18-B,RF,H_ft=10,29.481655,0.398835,uniform_sample,370.603487,599.823975,PDF page 34 / API page 28,point_type=uniform_sample | For LG >= 10 ft.
Figure 18-B,RF,H_ft=10,31.975042,0.398835,uniform_sample,389.978586,599.823975,PDF page 34 / API page 28,point_type=uniform_sample | For LG >= 10 ft.
Figure 18-B,RF,H_ft=10,34.362004,0.398835,endpoint/control,407.96698,599.823975,PDF page 34 / API page 28,point_type=endpoint/control | For LG >= 10 ft.
Figure 18-B,RF,H_ft=10,34.468428,0.399828,uniform_sample,408.815714,599.590376,PDF page 34 / API page 28,point_type=uniform_sample | For LG >= 10 ft.
Figure 18-B,RF,H_ft=10,36.961814,0.42295,uniform_sample,428.565816,594.154519,PDF page 34 / API page 28,point_type=uniform_sample | For LG >= 10 ft.
Figure 18-B,RF,H_ft=10,39.455201,0.445829,uniform_sample,448.108775,588.775674,PDF page 34 / API page 28,point_type=uniform_sample | For LG >= 10 ft.
Figure 18-B,RF,H_ft=10,41.948587,0.469022,endpoint/control;uniform_sample,467.919983,583.322998,PDF page 34 / API page 28,point_type=endpoint/control;uniform_sample | For LG >= 10 ft.
Figure 18-B,RF,H_ft=14,2.028861,0.492416,endpoint/control;uniform_sample,160.255981,577.822998,PDF page 34 / API page 28,point_type=endpoint/control;uniform_sample | For LG >= 10 ft.
Figure 18-B,RF,H_ft=14,4.527057,0.492416,uniform_sample,179.081445,577.822998,PDF page 34 / API page 28,point_type=uniform_sample | For LG >= 10 ft.
Figure 18-B,RF,H_ft=14,7.025253,0.492416,uniform_sample,198.812934,577.822998,PDF page 34 / API page 28,point_type=uniform_sample | For LG >= 10 ft.
Figure 18-B,RF,H_ft=14,9.52345,0.492416,uniform_sample,217.974513,577.822998,PDF page 34 / API page 28,point_type=uniform_sample | For LG >= 10 ft.
Figure 18-B,RF,H_ft=14,12.021646,0.492416,uniform_sample,237.221888,577.822998,PDF page 34 / API page 28,point_type=uniform_sample | For LG >= 10 ft.
Figure 18-B,RF,H_ft=14,14.519842,0.492416,uniform_sample,256.023239,577.822998,PDF page 34 / API page 28,point_type=uniform_sample | For LG >= 10 ft.
Figure 18-B,RF,H_ft=14,17.018038,0.492416,uniform_sample,275.027346,577.822998,PDF page 34 / API page 28,point_type=uniform_sample | For LG >= 10 ft.
Figure 18-B,RF,H_ft=14,19.516234,0.492416,uniform_sample,294.543362,577.822998,PDF page 34 / API page 28,point_type=uniform_sample | For LG >= 10 ft.
Figure 18-B,RF,H_ft=14,22.01443,0.492416,uniform_sample,313.6531,577.822998,PDF page 34 / API page 28,point_type=uniform_sample | For LG >= 10 ft.
Figure 18-B,RF,H_ft=14,24.512627,0.492416,uniform_sample,332.778599,577.822998,PDF page 34 / API page 28,point_type=uniform_sample | For LG >= 10 ft.
Figure 18-B,RF,H_ft=14,27.010823,0.492416,uniform_sample,351.52536,577.822998,PDF page 34 / API page 28,point_type=uniform_sample | For LG >= 10 ft.
Figure 18-B,RF,H_ft=14,29.509019,0.492416,uniform_sample,370.868302,577.822998,PDF page 34 / API page 28,point_type=uniform_sample | For LG >= 10 ft.
Figure 18-B,RF,H_ft=14,30.232964,0.492416,endpoint/control,376.61499,577.822998,PDF page 34 / API page 28,point_type=endpoint/control | For LG >= 10 ft.
Figure 18-B,RF,H_ft=14,32.007215,0.504666,uniform_sample,390.235801,574.968317,PDF page 34 / API page 28,point_type=uniform_sample | For LG >= 10 ft.
Figure 18-B,RF,H_ft=14,34.505411,0.521887,uniform_sample,409.110656,571.012481,PDF page 34 / API page 28,point_type=uniform_sample | For LG >= 10 ft.
Figure 18-B,RF,H_ft=14,37.003608,0.539937,uniform_sample,428.893266,566.866395,PDF page 34 / API page 28,point_type=uniform_sample | For LG >= 10 ft.
Figure 18-B,RF,H_ft=14,39.501804,0.557803,uniform_sample,448.474142,562.762589,PDF page 34 / API page 28,point_type=uniform_sample | For LG >= 10 ft.
Figure 18-B,RF,H_ft=14,42.0,0.576047,endpoint/control;uniform_sample,468.468994,558.572021,PDF page 34 / API page 28,point_type=endpoint/control;uniform_sample | For LG >= 10 ft.
Figure 18-B,RF,H_ft=6,2.016093,0.301224,endpoint/control;uniform_sample,160.156006,621.823975,PDF page 34 / API page 28,point_type=endpoint/control;uniform_sample | For LG >= 10 ft.
Figure 18-B,RF,H_ft=6,4.515087,0.301224,uniform_sample,179.097612,621.823975,PDF page 34 / API page 28,point_type=uniform_sample | For LG >= 10 ft.
Figure 18-B,RF,H_ft=6,7.014081,0.301224,uniform_sample,198.7572,621.823975,PDF page 34 / API page 28,point_type=uniform_sample | For LG >= 10 ft.
Figure 18-B,RF,H_ft=6,9.513075,0.301224,uniform_sample,217.774503,621.823975,PDF page 34 / API page 28,point_type=uniform_sample | For LG >= 10 ft.
Figure 18-B,RF,H_ft=6,12.01207,0.301224,uniform_sample,237.073265,621.823975,PDF page 34 / API page 28,point_type=uniform_sample | For LG >= 10 ft.
Figure 18-B,RF,H_ft=6,14.511064,0.301224,uniform_sample,255.959564,621.823975,PDF page 34 / API page 28,point_type=uniform_sample | For LG >= 10 ft.
Figure 18-B,RF,H_ft=6,17.010058,0.301224,uniform_sample,275.09976,621.823975,PDF page 34 / API page 28,point_type=uniform_sample | For LG >= 10 ft.
Figure 18-B,RF,H_ft=6,19.509052,0.301224,uniform_sample,294.461164,621.823975,PDF page 34 / API page 28,point_type=uniform_sample | For LG >= 10 ft.
Figure 18-B,RF,H_ft=6,22.008046,0.301224,uniform_sample,313.601083,621.823975,PDF page 34 / API page 28,point_type=uniform_sample | For LG >= 10 ft.
Figure 18-B,RF,H_ft=6,24.507041,0.301224,uniform_sample,332.869401,621.823975,PDF page 34 / API page 28,point_type=uniform_sample | For LG >= 10 ft.
Figure 18-B,RF,H_ft=6,27.006035,0.301224,uniform_sample,351.586972,621.823975,PDF page 34 / API page 28,point_type=uniform_sample | For LG >= 10 ft.
Figure 18-B,RF,H_ft=6,29.505029,0.301224,uniform_sample,370.846551,621.823975,PDF page 34 / API page 28,point_type=uniform_sample | For LG >= 10 ft.
Figure 18-B,RF,H_ft=6,32.004023,0.301224,uniform_sample,390.256295,621.823975,PDF page 34 / API page 28,point_type=uniform_sample | For LG >= 10 ft.
Figure 18-B,RF,H_ft=6,34.503017,0.301224,uniform_sample,409.224861,621.823975,PDF page 34 / API page 28,point_type=uniform_sample | For LG >= 10 ft.
Figure 18-B,RF,H_ft=6,34.844767,0.301224,endpoint/control,411.817017,621.823975,PDF page 34 / API page 28,point_type=endpoint/control | For LG >= 10 ft.
Figure 18-B,RF,H_ft=6,37.002012,0.327673,uniform_sample,428.880761,615.859847,PDF page 34 / API page 28,point_type=uniform_sample | For LG >= 10 ft.
Figure 18-B,RF,H_ft=6,39.501006,0.358032,uniform_sample,448.467885,609.013746,PDF page 34 / API page 28,point_type=uniform_sample | For LG >= 10 ft.
Figure 18-B,RF,H_ft=6,42.0,0.389033,endpoint/control;uniform_sample,468.468994,602.022949,PDF page 34 / API page 28,point_type=endpoint/control;uniform_sample | For LG >= 10 ft.
