"workbook","workbook_path","backup_path","sheet","cell","figure","factor","curve_name","x_value","old_value","new_digitized_value","action"
"Highway","C:\Users\brook\OneDrive\Documents\Projects\Coding\Work\API 1102 Loading\Refs\API 1102 Highway_260606.xlsx","C:\Users\brook\OneDrive\Documents\Projects\Coding\Work\API 1102 Loading\Refs\API 1102 Highway_260606.bak_20260606_231852.xlsx","Tables","B17","Figure 3","KHe","E_prime_ksi=0.2","0.0","11632","","skipped_no_digitized_value"
"Highway","C:\Users\brook\OneDrive\Documents\Projects\Coding\Work\API 1102 Loading\Refs\API 1102 Highway_260606.xlsx","C:\Users\brook\OneDrive\Documents\Projects\Coding\Work\API 1102 Loading\Refs\API 1102 Highway_260606.bak_20260606_231852.xlsx","Tables","B18","Figure 3","KHe","E_prime_ksi=0.2","0.00726","11632","","skipped_no_digitized_value"
"Highway","C:\Users\brook\OneDrive\Documents\Projects\Coding\Work\API 1102 Loading\Refs\API 1102 Highway_260606.xlsx","C:\Users\brook\OneDrive\Documents\Projects\Coding\Work\API 1102 Loading\Refs\API 1102 Highway_260606.bak_20260606_231852.xlsx","Tables","B19","Figure 3","KHe","E_prime_ksi=0.2","0.00811","11632","10587.668178","updated"
"Highway","C:\Users\brook\OneDrive\Documents\Projects\Coding\Work\API 1102 Loading\Refs\API 1102 Highway_260606.xlsx","C:\Users\brook\OneDrive\Documents\Projects\Coding\Work\API 1102 Loading\Refs\API 1102 Highway_260606.bak_20260606_231852.xlsx","Tables","B20","Figure 3","KHe","E_prime_ksi=0.2","0.00825","11338","10387.695985","updated"
"Highway","C:\Users\brook\OneDrive\Documents\Projects\Coding\Work\API 1102 Loading\Refs\API 1102 Highway_260606.xlsx","C:\Users\brook\OneDrive\Documents\Projects\Coding\Work\API 1102 Loading\Refs\API 1102 Highway_260606.bak_20260606_231852.xlsx","Tables","B21","Figure 3","KHe","E_prime_ksi=0.2","0.01","8552","8263.509735","updated"
"Highway","C:\Users\brook\OneDrive\Documents\Projects\Coding\Work\API 1102 Loading\Refs\API 1102 Highway_260606.xlsx","C:\Users\brook\OneDrive\Documents\Projects\Coding\Work\API 1102 Loading\Refs\API 1102 Highway_260606.bak_20260606_231852.xlsx","Tables","B22","Figure 3","KHe","E_prime_ksi=0.2","0.0125","6564","6253.259838","updated"
"Highway","C:\Users\brook\OneDrive\Documents\Projects\Coding\Work\API 1102 Loading\Refs\API 1102 Highway_260606.xlsx","C:\Users\brook\OneDrive\Documents\Projects\Coding\Work\API 1102 Loading\Refs\API 1102 Highway_260606.bak_20260606_231852.xlsx","Tables","B23","Figure 3","KHe","E_prime_ksi=0.2","0.015","4873","4817.399319","updated"
"Highway","C:\Users\brook\OneDrive\Documents\Projects\Coding\Work\API 1102 Loading\Refs\API 1102 Highway_260606.xlsx","C:\Users\brook\OneDrive\Documents\Projects\Coding\Work\API 1102 Loading\Refs\API 1102 Highway_260606.bak_20260606_231852.xlsx","Tables","B24","Figure 3","KHe","E_prime_ksi=0.2","0.0175","3900","3778.69799","updated"
"Highway","C:\Users\brook\OneDrive\Documents\Projects\Coding\Work\API 1102 Loading\Refs\API 1102 Highway_260606.xlsx","C:\Users\brook\OneDrive\Documents\Projects\Coding\Work\API 1102 Loading\Refs\API 1102 Highway_260606.bak_20260606_231852.xlsx","Tables","B25","Figure 3","KHe","E_prime_ksi=0.2","0.02","3000","2993.515046","updated"
"Highway","C:\Users\brook\OneDrive\Documents\Projects\Coding\Work\API 1102 Loading\Refs\API 1102 Highway_260606.xlsx","C:\Users\brook\OneDrive\Documents\Projects\Coding\Work\API 1102 Loading\Refs\API 1102 Highway_260606.bak_20260606_231852.xlsx","Tables","B26","Figure 3","KHe","E_prime_ksi=0.2","0.025","1781","1793.592711","updated"
"Highway","C:\Users\brook\OneDrive\Documents\Projects\Coding\Work\API 1102 Loading\Refs\API 1102 Highway_260606.xlsx","C:\Users\brook\OneDrive\Documents\Projects\Coding\Work\API 1102 Loading\Refs\API 1102 Highway_260606.bak_20260606_231852.xlsx","Tables","B27","Figure 3","KHe","E_prime_ksi=0.2","0.03","1153","1145.78382","updated"
"Highway","C:\Users\brook\OneDrive\Documents\Projects\Coding\Work\API 1102 Loading\Refs\API 1102 Highway_260606.xlsx","C:\Users\brook\OneDrive\Documents\Projects\Coding\Work\API 1102 Loading\Refs\API 1102 Highway_260606.bak_20260606_231852.xlsx","Tables","B28","Figure 3","KHe","E_prime_ksi=0.2","0.035","819","799.537498","updated"
"Highway","C:\Users\brook\OneDrive\Documents\Projects\Coding\Work\API 1102 Loading\Refs\API 1102 Highway_260606.xlsx","C:\Users\brook\OneDrive\Documents\Projects\Coding\Work\API 1102 Loading\Refs\API 1102 Highway_260606.bak_20260606_231852.xlsx","Tables","B29","Figure 3","KHe","E_prime_ksi=0.2","0.04","642","647.032019","updated"
"Highway","C:\Users\brook\OneDrive\Documents\Projects\Coding\Work\API 1102 Loading\Refs\API 1102 Highway_260606.xlsx","C:\Users\brook\OneDrive\Documents\Projects\Coding\Work\API 1102 Loading\Refs\API 1102 Highway_260606.bak_20260606_231852.xlsx","Tables","B30","Figure 3","KHe","E_prime_ksi=0.2","0.045","525","530.01545","updated"
"Highway","C:\Users\brook\OneDrive\Documents\Projects\Coding\Work\API 1102 Loading\Refs\API 1102 Highway_260606.xlsx","C:\Users\brook\OneDrive\Documents\Projects\Coding\Work\API 1102 Loading\Refs\API 1102 Highway_260606.bak_20260606_231852.xlsx","Tables","B31","Figure 3","KHe","E_prime_ksi=0.2","0.05","460","465.990229","updated"
"Highway","C:\Users\brook\OneDrive\Documents\Projects\Coding\Work\API 1102 Loading\Refs\API 1102 Highway_260606.xlsx","C:\Users\brook\OneDrive\Documents\Projects\Coding\Work\API 1102 Loading\Refs\API 1102 Highway_260606.bak_20260606_231852.xlsx","Tables","B32","Figure 3","KHe","E_prime_ksi=0.2","0.055","393","402.015428","updated"
"Highway","C:\Users\brook\OneDrive\Documents\Projects\Coding\Work\API 1102 Loading\Refs\API 1102 Highway_260606.xlsx","C:\Users\brook\OneDrive\Documents\Projects\Coding\Work\API 1102 Loading\Refs\API 1102 Highway_260606.bak_20260606_231852.xlsx","Tables","B33","Figure 3","KHe","E_prime_ksi=0.2","0.06","335","338.874442","updated"
"Highway","C:\Users\brook\OneDrive\Documents\Projects\Coding\Work\API 1102 Loading\Refs\API 1102 Highway_260606.xlsx","C:\Users\brook\OneDrive\Documents\Projects\Coding\Work\API 1102 Loading\Refs\API 1102 Highway_260606.bak_20260606_231852.xlsx","Tables","B34","Figure 3","KHe","E_prime_ksi=0.2","0.065","273","275.851875","updated"
"Highway","C:\Users\brook\OneDrive\Documents\Projects\Coding\Work\API 1102 Loading\Refs\API 1102 Highway_260606.xlsx","C:\Users\brook\OneDrive\Documents\Projects\Coding\Work\API 1102 Loading\Refs\API 1102 Highway_260606.bak_20260606_231852.xlsx","Tables","B35","Figure 3","KHe","E_prime_ksi=0.2","0.07","207","211.871511","updated"
"Highway","C:\Users\brook\OneDrive\Documents\Projects\Coding\Work\API 1102 Loading\Refs\API 1102 Highway_260606.xlsx","C:\Users\brook\OneDrive\Documents\Projects\Coding\Work\API 1102 Loading\Refs\API 1102 Highway_260606.bak_20260606_231852.xlsx","Tables","B36","Figure 3","KHe","E_prime_ksi=0.2","0.075","143","149.467395","updated"
"Highway","C:\Users\brook\OneDrive\Documents\Projects\Coding\Work\API 1102 Loading\Refs\API 1102 Highway_260606.xlsx","C:\Users\brook\OneDrive\Documents\Projects\Coding\Work\API 1102 Loading\Refs\API 1102 Highway_260606.bak_20260606_231852.xlsx","Tables","B37","Figure 3","KHe","E_prime_ksi=0.2","0.08","88","","skipped_no_digitized_value"
"Highway","C:\Users\brook\OneDrive\Documents\Projects\Coding\Work\API 1102 Loading\Refs\API 1102 Highway_260606.xlsx","C:\Users\brook\OneDrive\Documents\Projects\Coding\Work\API 1102 Loading\Refs\API 1102 Highway_260606.bak_20260606_231852.xlsx","Tables","B38","Figure 3","KHe","E_prime_ksi=0.2","5.0","88","","skipped_no_digitized_value"
"Highway","C:\Users\brook\OneDrive\Documents\Projects\Coding\Work\API 1102 Loading\Refs\API 1102 Highway_260606.xlsx","C:\Users\brook\OneDrive\Documents\Projects\Coding\Work\API 1102 Loading\Refs\API 1102 Highway_260606.bak_20260606_231852.xlsx","Tables","D17","Figure 3","KHe","E_prime_ksi=0.5","0.0","7625","","skipped_no_digitized_value"
"Highway","C:\Users\brook\OneDrive\Documents\Projects\Coding\Work\API 1102 Loading\Refs\API 1102 Highway_260606.xlsx","C:\Users\brook\OneDrive\Documents\Projects\Coding\Work\API 1102 Loading\Refs\API 1102 Highway_260606.bak_20260606_231852.xlsx","Tables","D18","Figure 3","KHe","E_prime_ksi=0.5","0.00726","7625","","skipped_no_digitized_value"
"Highway","C:\Users\brook\OneDrive\Documents\Projects\Coding\Work\API 1102 Loading\Refs\API 1102 Highway_260606.xlsx","C:\Users\brook\OneDrive\Documents\Projects\Coding\Work\API 1102 Loading\Refs\API 1102 Highway_260606.bak_20260606_231852.xlsx","Tables","D19","Figure 3","KHe","E_prime_ksi=0.5","0.00792","7625","7191.417758","updated"
"Highway","C:\Users\brook\OneDrive\Documents\Projects\Coding\Work\API 1102 Loading\Refs\API 1102 Highway_260606.xlsx","C:\Users\brook\OneDrive\Documents\Projects\Coding\Work\API 1102 Loading\Refs\API 1102 Highway_260606.bak_20260606_231852.xlsx","Tables","D20","Figure 3","KHe","E_prime_ksi=0.5","0.00825","7286","7004.511625","updated"
"Highway","C:\Users\brook\OneDrive\Documents\Projects\Coding\Work\API 1102 Loading\Refs\API 1102 Highway_260606.xlsx","C:\Users\brook\OneDrive\Documents\Projects\Coding\Work\API 1102 Loading\Refs\API 1102 Highway_260606.bak_20260606_231852.xlsx","Tables","D21","Figure 3","KHe","E_prime_ksi=0.5","0.01","6280","6180.267296","updated"
"Highway","C:\Users\brook\OneDrive\Documents\Projects\Coding\Work\API 1102 Loading\Refs\API 1102 Highway_260606.xlsx","C:\Users\brook\OneDrive\Documents\Projects\Coding\Work\API 1102 Loading\Refs\API 1102 Highway_260606.bak_20260606_231852.xlsx","Tables","D22","Figure 3","KHe","E_prime_ksi=0.5","0.0125","5374","5174.915097","updated"
"Highway","C:\Users\brook\OneDrive\Documents\Projects\Coding\Work\API 1102 Loading\Refs\API 1102 Highway_260606.xlsx","C:\Users\brook\OneDrive\Documents\Projects\Coding\Work\API 1102 Loading\Refs\API 1102 Highway_260606.bak_20260606_231852.xlsx","Tables","D23","Figure 3","KHe","E_prime_ksi=0.5","0.015","4305","4253.231171","updated"
"Highway","C:\Users\brook\OneDrive\Documents\Projects\Coding\Work\API 1102 Loading\Refs\API 1102 Highway_260606.xlsx","C:\Users\brook\OneDrive\Documents\Projects\Coding\Work\API 1102 Loading\Refs\API 1102 Highway_260606.bak_20260606_231852.xlsx","Tables","D24","Figure 3","KHe","E_prime_ksi=0.5","0.0175","3476","3343.972685","updated"
"Highway","C:\Users\brook\OneDrive\Documents\Projects\Coding\Work\API 1102 Loading\Refs\API 1102 Highway_260606.xlsx","C:\Users\brook\OneDrive\Documents\Projects\Coding\Work\API 1102 Loading\Refs\API 1102 Highway_260606.bak_20260606_231852.xlsx","Tables","D25","Figure 3","KHe","E_prime_ksi=0.5","0.02","2663","2632.836699","updated"
"Highway","C:\Users\brook\OneDrive\Documents\Projects\Coding\Work\API 1102 Loading\Refs\API 1102 Highway_260606.xlsx","C:\Users\brook\OneDrive\Documents\Projects\Coding\Work\API 1102 Loading\Refs\API 1102 Highway_260606.bak_20260606_231852.xlsx","Tables","D26","Figure 3","KHe","E_prime_ksi=0.5","0.025","1642","1639.56979","updated"
"Highway","C:\Users\brook\OneDrive\Documents\Projects\Coding\Work\API 1102 Loading\Refs\API 1102 Highway_260606.xlsx","C:\Users\brook\OneDrive\Documents\Projects\Coding\Work\API 1102 Loading\Refs\API 1102 Highway_260606.bak_20260606_231852.xlsx","Tables","D27","Figure 3","KHe","E_prime_ksi=0.5","0.03","1077","1063.296027","updated"
"Highway","C:\Users\brook\OneDrive\Documents\Projects\Coding\Work\API 1102 Loading\Refs\API 1102 Highway_260606.xlsx","C:\Users\brook\OneDrive\Documents\Projects\Coding\Work\API 1102 Loading\Refs\API 1102 Highway_260606.bak_20260606_231852.xlsx","Tables","D28","Figure 3","KHe","E_prime_ksi=0.5","0.035","819","799.537498","updated"
"Highway","C:\Users\brook\OneDrive\Documents\Projects\Coding\Work\API 1102 Loading\Refs\API 1102 Highway_260606.xlsx","C:\Users\brook\OneDrive\Documents\Projects\Coding\Work\API 1102 Loading\Refs\API 1102 Highway_260606.bak_20260606_231852.xlsx","Tables","D29","Figure 3","KHe","E_prime_ksi=0.5","0.04","642","647.032019","updated"
"Highway","C:\Users\brook\OneDrive\Documents\Projects\Coding\Work\API 1102 Loading\Refs\API 1102 Highway_260606.xlsx","C:\Users\brook\OneDrive\Documents\Projects\Coding\Work\API 1102 Loading\Refs\API 1102 Highway_260606.bak_20260606_231852.xlsx","Tables","D30","Figure 3","KHe","E_prime_ksi=0.5","0.045","525","530.01545","updated"
"Highway","C:\Users\brook\OneDrive\Documents\Projects\Coding\Work\API 1102 Loading\Refs\API 1102 Highway_260606.xlsx","C:\Users\brook\OneDrive\Documents\Projects\Coding\Work\API 1102 Loading\Refs\API 1102 Highway_260606.bak_20260606_231852.xlsx","Tables","D31","Figure 3","KHe","E_prime_ksi=0.5","0.05","460","465.990229","updated"
"Highway","C:\Users\brook\OneDrive\Documents\Projects\Coding\Work\API 1102 Loading\Refs\API 1102 Highway_260606.xlsx","C:\Users\brook\OneDrive\Documents\Projects\Coding\Work\API 1102 Loading\Refs\API 1102 Highway_260606.bak_20260606_231852.xlsx","Tables","D32","Figure 3","KHe","E_prime_ksi=0.5","0.055","393","402.015428","updated"
"Highway","C:\Users\brook\OneDrive\Documents\Projects\Coding\Work\API 1102 Loading\Refs\API 1102 Highway_260606.xlsx","C:\Users\brook\OneDrive\Documents\Projects\Coding\Work\API 1102 Loading\Refs\API 1102 Highway_260606.bak_20260606_231852.xlsx","Tables","D33","Figure 3","KHe","E_prime_ksi=0.5","0.06","335","338.874442","updated"
"Highway","C:\Users\brook\OneDrive\Documents\Projects\Coding\Work\API 1102 Loading\Refs\API 1102 Highway_260606.xlsx","C:\Users\brook\OneDrive\Documents\Projects\Coding\Work\API 1102 Loading\Refs\API 1102 Highway_260606.bak_20260606_231852.xlsx","Tables","D34","Figure 3","KHe","E_prime_ksi=0.5","0.065","273","275.851875","updated"
"Highway","C:\Users\brook\OneDrive\Documents\Projects\Coding\Work\API 1102 Loading\Refs\API 1102 Highway_260606.xlsx","C:\Users\brook\OneDrive\Documents\Projects\Coding\Work\API 1102 Loading\Refs\API 1102 Highway_260606.bak_20260606_231852.xlsx","Tables","D35","Figure 3","KHe","E_prime_ksi=0.5","0.07","207","211.871511","updated"
"Highway","C:\Users\brook\OneDrive\Documents\Projects\Coding\Work\API 1102 Loading\Refs\API 1102 Highway_260606.xlsx","C:\Users\brook\OneDrive\Documents\Projects\Coding\Work\API 1102 Loading\Refs\API 1102 Highway_260606.bak_20260606_231852.xlsx","Tables","D36","Figure 3","KHe","E_prime_ksi=0.5","0.075","143","149.467395","updated"
"Highway","C:\Users\brook\OneDrive\Documents\Projects\Coding\Work\API 1102 Loading\Refs\API 1102 Highway_260606.xlsx","C:\Users\brook\OneDrive\Documents\Projects\Coding\Work\API 1102 Loading\Refs\API 1102 Highway_260606.bak_20260606_231852.xlsx","Tables","D37","Figure 3","KHe","E_prime_ksi=0.5","0.08","88","","skipped_no_digitized_value"
"Highway","C:\Users\brook\OneDrive\Documents\Projects\Coding\Work\API 1102 Loading\Refs\API 1102 Highway_260606.xlsx","C:\Users\brook\OneDrive\Documents\Projects\Coding\Work\API 1102 Loading\Refs\API 1102 Highway_260606.bak_20260606_231852.xlsx","Tables","D38","Figure 3","KHe","E_prime_ksi=0.5","5.0","88","","skipped_no_digitized_value"
"Highway","C:\Users\brook\OneDrive\Documents\Projects\Coding\Work\API 1102 Loading\Refs\API 1102 Highway_260606.xlsx","C:\Users\brook\OneDrive\Documents\Projects\Coding\Work\API 1102 Loading\Refs\API 1102 Highway_260606.bak_20260606_231852.xlsx","Tables","F17","Figure 3","KHe","E_prime_ksi=1.0","0.0","5772","","skipped_no_digitized_value"
"Highway","C:\Users\brook\OneDrive\Documents\Projects\Coding\Work\API 1102 Loading\Refs\API 1102 Highway_260606.xlsx","C:\Users\brook\OneDrive\Documents\Projects\Coding\Work\API 1102 Loading\Refs\API 1102 Highway_260606.bak_20260606_231852.xlsx","Tables","F18","Figure 3","KHe","E_prime_ksi=1.0","0.00738","5772","5371.262654","updated"
"Highway","C:\Users\brook\OneDrive\Documents\Projects\Coding\Work\API 1102 Loading\Refs\API 1102 Highway_260606.xlsx","C:\Users\brook\OneDrive\Documents\Projects\Coding\Work\API 1102 Loading\Refs\API 1102 Highway_260606.bak_20260606_231852.xlsx","Tables","F19","Figure 3","KHe","E_prime_ksi=1.0","0.00775","5449","5191.631319","updated"
"Highway","C:\Users\brook\OneDrive\Documents\Projects\Coding\Work\API 1102 Loading\Refs\API 1102 Highway_260606.xlsx","C:\Users\brook\OneDrive\Documents\Projects\Coding\Work\API 1102 Loading\Refs\API 1102 Highway_260606.bak_20260606_231852.xlsx","Tables","F20","Figure 3","KHe","E_prime_ksi=1.0","0.00825","5175","4986.966487","updated"
"Highway","C:\Users\brook\OneDrive\Documents\Projects\Coding\Work\API 1102 Loading\Refs\API 1102 Highway_260606.xlsx","C:\Users\brook\OneDrive\Documents\Projects\Coding\Work\API 1102 Loading\Refs\API 1102 Highway_260606.bak_20260606_231852.xlsx","Tables","F21","Figure 3","KHe","E_prime_ksi=1.0","0.01","4499","4421.712494","updated"
"Highway","C:\Users\brook\OneDrive\Documents\Projects\Coding\Work\API 1102 Loading\Refs\API 1102 Highway_260606.xlsx","C:\Users\brook\OneDrive\Documents\Projects\Coding\Work\API 1102 Loading\Refs\API 1102 Highway_260606.bak_20260606_231852.xlsx","Tables","F22","Figure 3","KHe","E_prime_ksi=1.0","0.0125","3882","3789.925806","updated"
"Highway","C:\Users\brook\OneDrive\Documents\Projects\Coding\Work\API 1102 Loading\Refs\API 1102 Highway_260606.xlsx","C:\Users\brook\OneDrive\Documents\Projects\Coding\Work\API 1102 Loading\Refs\API 1102 Highway_260606.bak_20260606_231852.xlsx","Tables","F23","Figure 3","KHe","E_prime_ksi=1.0","0.015","3261","3230.830095","updated"
"Highway","C:\Users\brook\OneDrive\Documents\Projects\Coding\Work\API 1102 Loading\Refs\API 1102 Highway_260606.xlsx","C:\Users\brook\OneDrive\Documents\Projects\Coding\Work\API 1102 Loading\Refs\API 1102 Highway_260606.bak_20260606_231852.xlsx","Tables","F24","Figure 3","KHe","E_prime_ksi=1.0","0.0175","2791","2719.47016","updated"
"Highway","C:\Users\brook\OneDrive\Documents\Projects\Coding\Work\API 1102 Loading\Refs\API 1102 Highway_260606.xlsx","C:\Users\brook\OneDrive\Documents\Projects\Coding\Work\API 1102 Loading\Refs\API 1102 Highway_260606.bak_20260606_231852.xlsx","Tables","F25","Figure 3","KHe","E_prime_ksi=1.0","0.02","2292","2275.090667","updated"
"Highway","C:\Users\brook\OneDrive\Documents\Projects\Coding\Work\API 1102 Loading\Refs\API 1102 Highway_260606.xlsx","C:\Users\brook\OneDrive\Documents\Projects\Coding\Work\API 1102 Loading\Refs\API 1102 Highway_260606.bak_20260606_231852.xlsx","Tables","F26","Figure 3","KHe","E_prime_ksi=1.0","0.025","1545","1552.6354","updated"
"Highway","C:\Users\brook\OneDrive\Documents\Projects\Coding\Work\API 1102 Loading\Refs\API 1102 Highway_260606.xlsx","C:\Users\brook\OneDrive\Documents\Projects\Coding\Work\API 1102 Loading\Refs\API 1102 Highway_260606.bak_20260606_231852.xlsx","Tables","F27","Figure 3","KHe","E_prime_ksi=1.0","0.03","1066","1042.662849","updated"
"Highway","C:\Users\brook\OneDrive\Documents\Projects\Coding\Work\API 1102 Loading\Refs\API 1102 Highway_260606.xlsx","C:\Users\brook\OneDrive\Documents\Projects\Coding\Work\API 1102 Loading\Refs\API 1102 Highway_260606.bak_20260606_231852.xlsx","Tables","F28","Figure 3","KHe","E_prime_ksi=1.0","0.035","819","823.383203","updated"
"Highway","C:\Users\brook\OneDrive\Documents\Projects\Coding\Work\API 1102 Loading\Refs\API 1102 Highway_260606.xlsx","C:\Users\brook\OneDrive\Documents\Projects\Coding\Work\API 1102 Loading\Refs\API 1102 Highway_260606.bak_20260606_231852.xlsx","Tables","F29","Figure 3","KHe","E_prime_ksi=1.0","0.04","642","647.032019","updated"
"Highway","C:\Users\brook\OneDrive\Documents\Projects\Coding\Work\API 1102 Loading\Refs\API 1102 Highway_260606.xlsx","C:\Users\brook\OneDrive\Documents\Projects\Coding\Work\API 1102 Loading\Refs\API 1102 Highway_260606.bak_20260606_231852.xlsx","Tables","F30","Figure 3","KHe","E_prime_ksi=1.0","0.045","525","530.01545","updated"
"Highway","C:\Users\brook\OneDrive\Documents\Projects\Coding\Work\API 1102 Loading\Refs\API 1102 Highway_260606.xlsx","C:\Users\brook\OneDrive\Documents\Projects\Coding\Work\API 1102 Loading\Refs\API 1102 Highway_260606.bak_20260606_231852.xlsx","Tables","F31","Figure 3","KHe","E_prime_ksi=1.0","0.05","460","465.990229","updated"
"Highway","C:\Users\brook\OneDrive\Documents\Projects\Coding\Work\API 1102 Loading\Refs\API 1102 Highway_260606.xlsx","C:\Users\brook\OneDrive\Documents\Projects\Coding\Work\API 1102 Loading\Refs\API 1102 Highway_260606.bak_20260606_231852.xlsx","Tables","F32","Figure 3","KHe","E_prime_ksi=1.0","0.055","393","402.015428","updated"
"Highway","C:\Users\brook\OneDrive\Documents\Projects\Coding\Work\API 1102 Loading\Refs\API 1102 Highway_260606.xlsx","C:\Users\brook\OneDrive\Documents\Projects\Coding\Work\API 1102 Loading\Refs\API 1102 Highway_260606.bak_20260606_231852.xlsx","Tables","F33","Figure 3","KHe","E_prime_ksi=1.0","0.06","335","338.874442","updated"
"Highway","C:\Users\brook\OneDrive\Documents\Projects\Coding\Work\API 1102 Loading\Refs\API 1102 Highway_260606.xlsx","C:\Users\brook\OneDrive\Documents\Projects\Coding\Work\API 1102 Loading\Refs\API 1102 Highway_260606.bak_20260606_231852.xlsx","Tables","F34","Figure 3","KHe","E_prime_ksi=1.0","0.065","273","275.851875","updated"
"Highway","C:\Users\brook\OneDrive\Documents\Projects\Coding\Work\API 1102 Loading\Refs\API 1102 Highway_260606.xlsx","C:\Users\brook\OneDrive\Documents\Projects\Coding\Work\API 1102 Loading\Refs\API 1102 Highway_260606.bak_20260606_231852.xlsx","Tables","F35","Figure 3","KHe","E_prime_ksi=1.0","0.07","207","211.871511","updated"
"Highway","C:\Users\brook\OneDrive\Documents\Projects\Coding\Work\API 1102 Loading\Refs\API 1102 Highway_260606.xlsx","C:\Users\brook\OneDrive\Documents\Projects\Coding\Work\API 1102 Loading\Refs\API 1102 Highway_260606.bak_20260606_231852.xlsx","Tables","F36","Figure 3","KHe","E_prime_ksi=1.0","0.075","143","149.467395","updated"
"Highway","C:\Users\brook\OneDrive\Documents\Projects\Coding\Work\API 1102 Loading\Refs\API 1102 Highway_260606.xlsx","C:\Users\brook\OneDrive\Documents\Projects\Coding\Work\API 1102 Loading\Refs\API 1102 Highway_260606.bak_20260606_231852.xlsx","Tables","F37","Figure 3","KHe","E_prime_ksi=1.0","0.08","88","","skipped_no_digitized_value"
"Highway","C:\Users\brook\OneDrive\Documents\Projects\Coding\Work\API 1102 Loading\Refs\API 1102 Highway_260606.xlsx","C:\Users\brook\OneDrive\Documents\Projects\Coding\Work\API 1102 Loading\Refs\API 1102 Highway_260606.bak_20260606_231852.xlsx","Tables","F38","Figure 3","KHe","E_prime_ksi=1.0","5.0","88","","skipped_no_digitized_value"
"Highway","C:\Users\brook\OneDrive\Documents\Projects\Coding\Work\API 1102 Loading\Refs\API 1102 Highway_260606.xlsx","C:\Users\brook\OneDrive\Documents\Projects\Coding\Work\API 1102 Loading\Refs\API 1102 Highway_260606.bak_20260606_231852.xlsx","Tables","H17","Figure 3","KHe","E_prime_ksi=2.0","0.0","4443","","skipped_no_digitized_value"
"Highway","C:\Users\brook\OneDrive\Documents\Projects\Coding\Work\API 1102 Loading\Refs\API 1102 Highway_260606.xlsx","C:\Users\brook\OneDrive\Documents\Projects\Coding\Work\API 1102 Loading\Refs\API 1102 Highway_260606.bak_20260606_231852.xlsx","Tables","H18","Figure 3","KHe","E_prime_ksi=2.0","0.00726","4443","4063.879904","updated"
"Highway","C:\Users\brook\OneDrive\Documents\Projects\Coding\Work\API 1102 Loading\Refs\API 1102 Highway_260606.xlsx","C:\Users\brook\OneDrive\Documents\Projects\Coding\Work\API 1102 Loading\Refs\API 1102 Highway_260606.bak_20260606_231852.xlsx","Tables","H19","Figure 3","KHe","E_prime_ksi=2.0","0.00775","4000","3829.759583","updated"
"Highway","C:\Users\brook\OneDrive\Documents\Projects\Coding\Work\API 1102 Loading\Refs\API 1102 Highway_260606.xlsx","C:\Users\brook\OneDrive\Documents\Projects\Coding\Work\API 1102 Loading\Refs\API 1102 Highway_260606.bak_20260606_231852.xlsx","Tables","H20","Figure 3","KHe","E_prime_ksi=2.0","0.00825","3804","3645.285057","updated"
"Highway","C:\Users\brook\OneDrive\Documents\Projects\Coding\Work\API 1102 Loading\Refs\API 1102 Highway_260606.xlsx","C:\Users\brook\OneDrive\Documents\Projects\Coding\Work\API 1102 Loading\Refs\API 1102 Highway_260606.bak_20260606_231852.xlsx","Tables","H21","Figure 3","KHe","E_prime_ksi=2.0","0.01","3208","3166.031095","updated"
"Highway","C:\Users\brook\OneDrive\Documents\Projects\Coding\Work\API 1102 Loading\Refs\API 1102 Highway_260606.xlsx","C:\Users\brook\OneDrive\Documents\Projects\Coding\Work\API 1102 Loading\Refs\API 1102 Highway_260606.bak_20260606_231852.xlsx","Tables","H22","Figure 3","KHe","E_prime_ksi=2.0","0.0125","2777","2703.318214","updated"
"Highway","C:\Users\brook\OneDrive\Documents\Projects\Coding\Work\API 1102 Loading\Refs\API 1102 Highway_260606.xlsx","C:\Users\brook\OneDrive\Documents\Projects\Coding\Work\API 1102 Loading\Refs\API 1102 Highway_260606.bak_20260606_231852.xlsx","Tables","H23","Figure 3","KHe","E_prime_ksi=2.0","0.015","2404","2391.657618","updated"
"Highway","C:\Users\brook\OneDrive\Documents\Projects\Coding\Work\API 1102 Loading\Refs\API 1102 Highway_260606.xlsx","C:\Users\brook\OneDrive\Documents\Projects\Coding\Work\API 1102 Loading\Refs\API 1102 Highway_260606.bak_20260606_231852.xlsx","Tables","H24","Figure 3","KHe","E_prime_ksi=2.0","0.0175","2145","2113.576774","updated"
"Highway","C:\Users\brook\OneDrive\Documents\Projects\Coding\Work\API 1102 Loading\Refs\API 1102 Highway_260606.xlsx","C:\Users\brook\OneDrive\Documents\Projects\Coding\Work\API 1102 Loading\Refs\API 1102 Highway_260606.bak_20260606_231852.xlsx","Tables","H25","Figure 3","KHe","E_prime_ksi=2.0","0.02","1852","1851.790055","updated"
"Highway","C:\Users\brook\OneDrive\Documents\Projects\Coding\Work\API 1102 Loading\Refs\API 1102 Highway_260606.xlsx","C:\Users\brook\OneDrive\Documents\Projects\Coding\Work\API 1102 Loading\Refs\API 1102 Highway_260606.bak_20260606_231852.xlsx","Tables","H26","Figure 3","KHe","E_prime_ksi=2.0","0.025","1387","1382.693917","updated"
"Highway","C:\Users\brook\OneDrive\Documents\Projects\Coding\Work\API 1102 Loading\Refs\API 1102 Highway_260606.xlsx","C:\Users\brook\OneDrive\Documents\Projects\Coding\Work\API 1102 Loading\Refs\API 1102 Highway_260606.bak_20260606_231852.xlsx","Tables","H27","Figure 3","KHe","E_prime_ksi=2.0","0.03","1000","994.741355","updated"
"Highway","C:\Users\brook\OneDrive\Documents\Projects\Coding\Work\API 1102 Loading\Refs\API 1102 Highway_260606.xlsx","C:\Users\brook\OneDrive\Documents\Projects\Coding\Work\API 1102 Loading\Refs\API 1102 Highway_260606.bak_20260606_231852.xlsx","Tables","H28","Figure 3","KHe","E_prime_ksi=2.0","0.035","819","799.537498","updated"
"Highway","C:\Users\brook\OneDrive\Documents\Projects\Coding\Work\API 1102 Loading\Refs\API 1102 Highway_260606.xlsx","C:\Users\brook\OneDrive\Documents\Projects\Coding\Work\API 1102 Loading\Refs\API 1102 Highway_260606.bak_20260606_231852.xlsx","Tables","H29","Figure 3","KHe","E_prime_ksi=2.0","0.04","642","647.032019","updated"
"Highway","C:\Users\brook\OneDrive\Documents\Projects\Coding\Work\API 1102 Loading\Refs\API 1102 Highway_260606.xlsx","C:\Users\brook\OneDrive\Documents\Projects\Coding\Work\API 1102 Loading\Refs\API 1102 Highway_260606.bak_20260606_231852.xlsx","Tables","H30","Figure 3","KHe","E_prime_ksi=2.0","0.045","525","530.01545","updated"
"Highway","C:\Users\brook\OneDrive\Documents\Projects\Coding\Work\API 1102 Loading\Refs\API 1102 Highway_260606.xlsx","C:\Users\brook\OneDrive\Documents\Projects\Coding\Work\API 1102 Loading\Refs\API 1102 Highway_260606.bak_20260606_231852.xlsx","Tables","H31","Figure 3","KHe","E_prime_ksi=2.0","0.05","460","465.990229","updated"
"Highway","C:\Users\brook\OneDrive\Documents\Projects\Coding\Work\API 1102 Loading\Refs\API 1102 Highway_260606.xlsx","C:\Users\brook\OneDrive\Documents\Projects\Coding\Work\API 1102 Loading\Refs\API 1102 Highway_260606.bak_20260606_231852.xlsx","Tables","H32","Figure 3","KHe","E_prime_ksi=2.0","0.055","393","402.015428","updated"
"Highway","C:\Users\brook\OneDrive\Documents\Projects\Coding\Work\API 1102 Loading\Refs\API 1102 Highway_260606.xlsx","C:\Users\brook\OneDrive\Documents\Projects\Coding\Work\API 1102 Loading\Refs\API 1102 Highway_260606.bak_20260606_231852.xlsx","Tables","H33","Figure 3","KHe","E_prime_ksi=2.0","0.06","335","338.874442","updated"
"Highway","C:\Users\brook\OneDrive\Documents\Projects\Coding\Work\API 1102 Loading\Refs\API 1102 Highway_260606.xlsx","C:\Users\brook\OneDrive\Documents\Projects\Coding\Work\API 1102 Loading\Refs\API 1102 Highway_260606.bak_20260606_231852.xlsx","Tables","H34","Figure 3","KHe","E_prime_ksi=2.0","0.065","273","275.851875","updated"
"Highway","C:\Users\brook\OneDrive\Documents\Projects\Coding\Work\API 1102 Loading\Refs\API 1102 Highway_260606.xlsx","C:\Users\brook\OneDrive\Documents\Projects\Coding\Work\API 1102 Loading\Refs\API 1102 Highway_260606.bak_20260606_231852.xlsx","Tables","H35","Figure 3","KHe","E_prime_ksi=2.0","0.07","207","211.871511","updated"
"Highway","C:\Users\brook\OneDrive\Documents\Projects\Coding\Work\API 1102 Loading\Refs\API 1102 Highway_260606.xlsx","C:\Users\brook\OneDrive\Documents\Projects\Coding\Work\API 1102 Loading\Refs\API 1102 Highway_260606.bak_20260606_231852.xlsx","Tables","H36","Figure 3","KHe","E_prime_ksi=2.0","0.075","143","149.467395","updated"
"Highway","C:\Users\brook\OneDrive\Documents\Projects\Coding\Work\API 1102 Loading\Refs\API 1102 Highway_260606.xlsx","C:\Users\brook\OneDrive\Documents\Projects\Coding\Work\API 1102 Loading\Refs\API 1102 Highway_260606.bak_20260606_231852.xlsx","Tables","H37","Figure 3","KHe","E_prime_ksi=2.0","0.08","88","","skipped_no_digitized_value"
"Highway","C:\Users\brook\OneDrive\Documents\Projects\Coding\Work\API 1102 Loading\Refs\API 1102 Highway_260606.xlsx","C:\Users\brook\OneDrive\Documents\Projects\Coding\Work\API 1102 Loading\Refs\API 1102 Highway_260606.bak_20260606_231852.xlsx","Tables","H38","Figure 3","KHe","E_prime_ksi=2.0","5.0","88","","skipped_no_digitized_value"
"Railroad","C:\Users\brook\OneDrive\Documents\Projects\Coding\Work\API 1102 Loading\Refs\API 1102 Railroad_260606.xlsx","C:\Users\brook\OneDrive\Documents\Projects\Coding\Work\API 1102 Loading\Refs\API 1102 Railroad_260606.bak_20260606_231852.xlsx","Tables","B18","Figure 3","KHe","E_prime_ksi=0.2","0.0","11632","","skipped_no_digitized_value"
"Railroad","C:\Users\brook\OneDrive\Documents\Projects\Coding\Work\API 1102 Loading\Refs\API 1102 Railroad_260606.xlsx","C:\Users\brook\OneDrive\Documents\Projects\Coding\Work\API 1102 Loading\Refs\API 1102 Railroad_260606.bak_20260606_231852.xlsx","Tables","B19","Figure 3","KHe","E_prime_ksi=0.2","0.00726","11632","","skipped_no_digitized_value"
"Railroad","C:\Users\brook\OneDrive\Documents\Projects\Coding\Work\API 1102 Loading\Refs\API 1102 Railroad_260606.xlsx","C:\Users\brook\OneDrive\Documents\Projects\Coding\Work\API 1102 Loading\Refs\API 1102 Railroad_260606.bak_20260606_231852.xlsx","Tables","B20","Figure 3","KHe","E_prime_ksi=0.2","0.00811","11632","10587.668178","updated"
"Railroad","C:\Users\brook\OneDrive\Documents\Projects\Coding\Work\API 1102 Loading\Refs\API 1102 Railroad_260606.xlsx","C:\Users\brook\OneDrive\Documents\Projects\Coding\Work\API 1102 Loading\Refs\API 1102 Railroad_260606.bak_20260606_231852.xlsx","Tables","B21","Figure 3","KHe","E_prime_ksi=0.2","0.00825","11338","10387.695985","updated"
"Railroad","C:\Users\brook\OneDrive\Documents\Projects\Coding\Work\API 1102 Loading\Refs\API 1102 Railroad_260606.xlsx","C:\Users\brook\OneDrive\Documents\Projects\Coding\Work\API 1102 Loading\Refs\API 1102 Railroad_260606.bak_20260606_231852.xlsx","Tables","B22","Figure 3","KHe","E_prime_ksi=0.2","0.01","8552","8263.509735","updated"
"Railroad","C:\Users\brook\OneDrive\Documents\Projects\Coding\Work\API 1102 Loading\Refs\API 1102 Railroad_260606.xlsx","C:\Users\brook\OneDrive\Documents\Projects\Coding\Work\API 1102 Loading\Refs\API 1102 Railroad_260606.bak_20260606_231852.xlsx","Tables","B23","Figure 3","KHe","E_prime_ksi=0.2","0.0125","6564","6253.259838","updated"
"Railroad","C:\Users\brook\OneDrive\Documents\Projects\Coding\Work\API 1102 Loading\Refs\API 1102 Railroad_260606.xlsx","C:\Users\brook\OneDrive\Documents\Projects\Coding\Work\API 1102 Loading\Refs\API 1102 Railroad_260606.bak_20260606_231852.xlsx","Tables","B24","Figure 3","KHe","E_prime_ksi=0.2","0.015","4873","4817.399319","updated"
"Railroad","C:\Users\brook\OneDrive\Documents\Projects\Coding\Work\API 1102 Loading\Refs\API 1102 Railroad_260606.xlsx","C:\Users\brook\OneDrive\Documents\Projects\Coding\Work\API 1102 Loading\Refs\API 1102 Railroad_260606.bak_20260606_231852.xlsx","Tables","B25","Figure 3","KHe","E_prime_ksi=0.2","0.0175","3900","3778.69799","updated"
"Railroad","C:\Users\brook\OneDrive\Documents\Projects\Coding\Work\API 1102 Loading\Refs\API 1102 Railroad_260606.xlsx","C:\Users\brook\OneDrive\Documents\Projects\Coding\Work\API 1102 Loading\Refs\API 1102 Railroad_260606.bak_20260606_231852.xlsx","Tables","B26","Figure 3","KHe","E_prime_ksi=0.2","0.02","3000","2993.515046","updated"
"Railroad","C:\Users\brook\OneDrive\Documents\Projects\Coding\Work\API 1102 Loading\Refs\API 1102 Railroad_260606.xlsx","C:\Users\brook\OneDrive\Documents\Projects\Coding\Work\API 1102 Loading\Refs\API 1102 Railroad_260606.bak_20260606_231852.xlsx","Tables","B27","Figure 3","KHe","E_prime_ksi=0.2","0.025","1781","1793.592711","updated"
"Railroad","C:\Users\brook\OneDrive\Documents\Projects\Coding\Work\API 1102 Loading\Refs\API 1102 Railroad_260606.xlsx","C:\Users\brook\OneDrive\Documents\Projects\Coding\Work\API 1102 Loading\Refs\API 1102 Railroad_260606.bak_20260606_231852.xlsx","Tables","B28","Figure 3","KHe","E_prime_ksi=0.2","0.03","1153","1145.78382","updated"
"Railroad","C:\Users\brook\OneDrive\Documents\Projects\Coding\Work\API 1102 Loading\Refs\API 1102 Railroad_260606.xlsx","C:\Users\brook\OneDrive\Documents\Projects\Coding\Work\API 1102 Loading\Refs\API 1102 Railroad_260606.bak_20260606_231852.xlsx","Tables","B29","Figure 3","KHe","E_prime_ksi=0.2","0.035","819","799.537498","updated"
"Railroad","C:\Users\brook\OneDrive\Documents\Projects\Coding\Work\API 1102 Loading\Refs\API 1102 Railroad_260606.xlsx","C:\Users\brook\OneDrive\Documents\Projects\Coding\Work\API 1102 Loading\Refs\API 1102 Railroad_260606.bak_20260606_231852.xlsx","Tables","B30","Figure 3","KHe","E_prime_ksi=0.2","0.04","642","647.032019","updated"
"Railroad","C:\Users\brook\OneDrive\Documents\Projects\Coding\Work\API 1102 Loading\Refs\API 1102 Railroad_260606.xlsx","C:\Users\brook\OneDrive\Documents\Projects\Coding\Work\API 1102 Loading\Refs\API 1102 Railroad_260606.bak_20260606_231852.xlsx","Tables","B31","Figure 3","KHe","E_prime_ksi=0.2","0.045","525","530.01545","updated"
"Railroad","C:\Users\brook\OneDrive\Documents\Projects\Coding\Work\API 1102 Loading\Refs\API 1102 Railroad_260606.xlsx","C:\Users\brook\OneDrive\Documents\Projects\Coding\Work\API 1102 Loading\Refs\API 1102 Railroad_260606.bak_20260606_231852.xlsx","Tables","B32","Figure 3","KHe","E_prime_ksi=0.2","0.05","460","465.990229","updated"
"Railroad","C:\Users\brook\OneDrive\Documents\Projects\Coding\Work\API 1102 Loading\Refs\API 1102 Railroad_260606.xlsx","C:\Users\brook\OneDrive\Documents\Projects\Coding\Work\API 1102 Loading\Refs\API 1102 Railroad_260606.bak_20260606_231852.xlsx","Tables","B33","Figure 3","KHe","E_prime_ksi=0.2","0.055","393","402.015428","updated"
"Railroad","C:\Users\brook\OneDrive\Documents\Projects\Coding\Work\API 1102 Loading\Refs\API 1102 Railroad_260606.xlsx","C:\Users\brook\OneDrive\Documents\Projects\Coding\Work\API 1102 Loading\Refs\API 1102 Railroad_260606.bak_20260606_231852.xlsx","Tables","B34","Figure 3","KHe","E_prime_ksi=0.2","0.06","335","338.874442","updated"
"Railroad","C:\Users\brook\OneDrive\Documents\Projects\Coding\Work\API 1102 Loading\Refs\API 1102 Railroad_260606.xlsx","C:\Users\brook\OneDrive\Documents\Projects\Coding\Work\API 1102 Loading\Refs\API 1102 Railroad_260606.bak_20260606_231852.xlsx","Tables","B35","Figure 3","KHe","E_prime_ksi=0.2","0.065","273","275.851875","updated"
"Railroad","C:\Users\brook\OneDrive\Documents\Projects\Coding\Work\API 1102 Loading\Refs\API 1102 Railroad_260606.xlsx","C:\Users\brook\OneDrive\Documents\Projects\Coding\Work\API 1102 Loading\Refs\API 1102 Railroad_260606.bak_20260606_231852.xlsx","Tables","B36","Figure 3","KHe","E_prime_ksi=0.2","0.07","207","211.871511","updated"
"Railroad","C:\Users\brook\OneDrive\Documents\Projects\Coding\Work\API 1102 Loading\Refs\API 1102 Railroad_260606.xlsx","C:\Users\brook\OneDrive\Documents\Projects\Coding\Work\API 1102 Loading\Refs\API 1102 Railroad_260606.bak_20260606_231852.xlsx","Tables","B37","Figure 3","KHe","E_prime_ksi=0.2","0.075","143","149.467395","updated"
"Railroad","C:\Users\brook\OneDrive\Documents\Projects\Coding\Work\API 1102 Loading\Refs\API 1102 Railroad_260606.xlsx","C:\Users\brook\OneDrive\Documents\Projects\Coding\Work\API 1102 Loading\Refs\API 1102 Railroad_260606.bak_20260606_231852.xlsx","Tables","B38","Figure 3","KHe","E_prime_ksi=0.2","0.08","88","","skipped_no_digitized_value"
"Railroad","C:\Users\brook\OneDrive\Documents\Projects\Coding\Work\API 1102 Loading\Refs\API 1102 Railroad_260606.xlsx","C:\Users\brook\OneDrive\Documents\Projects\Coding\Work\API 1102 Loading\Refs\API 1102 Railroad_260606.bak_20260606_231852.xlsx","Tables","B39","Figure 3","KHe","E_prime_ksi=0.2","5.0","88","","skipped_no_digitized_value"
"Railroad","C:\Users\brook\OneDrive\Documents\Projects\Coding\Work\API 1102 Loading\Refs\API 1102 Railroad_260606.xlsx","C:\Users\brook\OneDrive\Documents\Projects\Coding\Work\API 1102 Loading\Refs\API 1102 Railroad_260606.bak_20260606_231852.xlsx","Tables","D18","Figure 3","KHe","E_prime_ksi=0.5","0.0","7625","","skipped_no_digitized_value"
"Railroad","C:\Users\brook\OneDrive\Documents\Projects\Coding\Work\API 1102 Loading\Refs\API 1102 Railroad_260606.xlsx","C:\Users\brook\OneDrive\Documents\Projects\Coding\Work\API 1102 Loading\Refs\API 1102 Railroad_260606.bak_20260606_231852.xlsx","Tables","D19","Figure 3","KHe","E_prime_ksi=0.5","0.00726","7625","","skipped_no_digitized_value"
"Railroad","C:\Users\brook\OneDrive\Documents\Projects\Coding\Work\API 1102 Loading\Refs\API 1102 Railroad_260606.xlsx","C:\Users\brook\OneDrive\Documents\Projects\Coding\Work\API 1102 Loading\Refs\API 1102 Railroad_260606.bak_20260606_231852.xlsx","Tables","D20","Figure 3","KHe","E_prime_ksi=0.5","0.00792","7625","7191.417758","updated"
"Railroad","C:\Users\brook\OneDrive\Documents\Projects\Coding\Work\API 1102 Loading\Refs\API 1102 Railroad_260606.xlsx","C:\Users\brook\OneDrive\Documents\Projects\Coding\Work\API 1102 Loading\Refs\API 1102 Railroad_260606.bak_20260606_231852.xlsx","Tables","D21","Figure 3","KHe","E_prime_ksi=0.5","0.00825","7286","7004.511625","updated"
"Railroad","C:\Users\brook\OneDrive\Documents\Projects\Coding\Work\API 1102 Loading\Refs\API 1102 Railroad_260606.xlsx","C:\Users\brook\OneDrive\Documents\Projects\Coding\Work\API 1102 Loading\Refs\API 1102 Railroad_260606.bak_20260606_231852.xlsx","Tables","D22","Figure 3","KHe","E_prime_ksi=0.5","0.01","6280","6180.267296","updated"
"Railroad","C:\Users\brook\OneDrive\Documents\Projects\Coding\Work\API 1102 Loading\Refs\API 1102 Railroad_260606.xlsx","C:\Users\brook\OneDrive\Documents\Projects\Coding\Work\API 1102 Loading\Refs\API 1102 Railroad_260606.bak_20260606_231852.xlsx","Tables","D23","Figure 3","KHe","E_prime_ksi=0.5","0.0125","5374","5174.915097","updated"
"Railroad","C:\Users\brook\OneDrive\Documents\Projects\Coding\Work\API 1102 Loading\Refs\API 1102 Railroad_260606.xlsx","C:\Users\brook\OneDrive\Documents\Projects\Coding\Work\API 1102 Loading\Refs\API 1102 Railroad_260606.bak_20260606_231852.xlsx","Tables","D24","Figure 3","KHe","E_prime_ksi=0.5","0.015","4305","4253.231171","updated"
"Railroad","C:\Users\brook\OneDrive\Documents\Projects\Coding\Work\API 1102 Loading\Refs\API 1102 Railroad_260606.xlsx","C:\Users\brook\OneDrive\Documents\Projects\Coding\Work\API 1102 Loading\Refs\API 1102 Railroad_260606.bak_20260606_231852.xlsx","Tables","D25","Figure 3","KHe","E_prime_ksi=0.5","0.0175","3476","3343.972685","updated"
"Railroad","C:\Users\brook\OneDrive\Documents\Projects\Coding\Work\API 1102 Loading\Refs\API 1102 Railroad_260606.xlsx","C:\Users\brook\OneDrive\Documents\Projects\Coding\Work\API 1102 Loading\Refs\API 1102 Railroad_260606.bak_20260606_231852.xlsx","Tables","D26","Figure 3","KHe","E_prime_ksi=0.5","0.02","2663","2632.836699","updated"
"Railroad","C:\Users\brook\OneDrive\Documents\Projects\Coding\Work\API 1102 Loading\Refs\API 1102 Railroad_260606.xlsx","C:\Users\brook\OneDrive\Documents\Projects\Coding\Work\API 1102 Loading\Refs\API 1102 Railroad_260606.bak_20260606_231852.xlsx","Tables","D27","Figure 3","KHe","E_prime_ksi=0.5","0.025","1642","1639.56979","updated"
"Railroad","C:\Users\brook\OneDrive\Documents\Projects\Coding\Work\API 1102 Loading\Refs\API 1102 Railroad_260606.xlsx","C:\Users\brook\OneDrive\Documents\Projects\Coding\Work\API 1102 Loading\Refs\API 1102 Railroad_260606.bak_20260606_231852.xlsx","Tables","D28","Figure 3","KHe","E_prime_ksi=0.5","0.03","1077","1063.296027","updated"
"Railroad","C:\Users\brook\OneDrive\Documents\Projects\Coding\Work\API 1102 Loading\Refs\API 1102 Railroad_260606.xlsx","C:\Users\brook\OneDrive\Documents\Projects\Coding\Work\API 1102 Loading\Refs\API 1102 Railroad_260606.bak_20260606_231852.xlsx","Tables","D29","Figure 3","KHe","E_prime_ksi=0.5","0.035","819","799.537498","updated"
"Railroad","C:\Users\brook\OneDrive\Documents\Projects\Coding\Work\API 1102 Loading\Refs\API 1102 Railroad_260606.xlsx","C:\Users\brook\OneDrive\Documents\Projects\Coding\Work\API 1102 Loading\Refs\API 1102 Railroad_260606.bak_20260606_231852.xlsx","Tables","D30","Figure 3","KHe","E_prime_ksi=0.5","0.04","642","647.032019","updated"
"Railroad","C:\Users\brook\OneDrive\Documents\Projects\Coding\Work\API 1102 Loading\Refs\API 1102 Railroad_260606.xlsx","C:\Users\brook\OneDrive\Documents\Projects\Coding\Work\API 1102 Loading\Refs\API 1102 Railroad_260606.bak_20260606_231852.xlsx","Tables","D31","Figure 3","KHe","E_prime_ksi=0.5","0.045","525","530.01545","updated"
"Railroad","C:\Users\brook\OneDrive\Documents\Projects\Coding\Work\API 1102 Loading\Refs\API 1102 Railroad_260606.xlsx","C:\Users\brook\OneDrive\Documents\Projects\Coding\Work\API 1102 Loading\Refs\API 1102 Railroad_260606.bak_20260606_231852.xlsx","Tables","D32","Figure 3","KHe","E_prime_ksi=0.5","0.05","460","465.990229","updated"
"Railroad","C:\Users\brook\OneDrive\Documents\Projects\Coding\Work\API 1102 Loading\Refs\API 1102 Railroad_260606.xlsx","C:\Users\brook\OneDrive\Documents\Projects\Coding\Work\API 1102 Loading\Refs\API 1102 Railroad_260606.bak_20260606_231852.xlsx","Tables","D33","Figure 3","KHe","E_prime_ksi=0.5","0.055","393","402.015428","updated"
"Railroad","C:\Users\brook\OneDrive\Documents\Projects\Coding\Work\API 1102 Loading\Refs\API 1102 Railroad_260606.xlsx","C:\Users\brook\OneDrive\Documents\Projects\Coding\Work\API 1102 Loading\Refs\API 1102 Railroad_260606.bak_20260606_231852.xlsx","Tables","D34","Figure 3","KHe","E_prime_ksi=0.5","0.06","335","338.874442","updated"
"Railroad","C:\Users\brook\OneDrive\Documents\Projects\Coding\Work\API 1102 Loading\Refs\API 1102 Railroad_260606.xlsx","C:\Users\brook\OneDrive\Documents\Projects\Coding\Work\API 1102 Loading\Refs\API 1102 Railroad_260606.bak_20260606_231852.xlsx","Tables","D35","Figure 3","KHe","E_prime_ksi=0.5","0.065","273","275.851875","updated"
"Railroad","C:\Users\brook\OneDrive\Documents\Projects\Coding\Work\API 1102 Loading\Refs\API 1102 Railroad_260606.xlsx","C:\Users\brook\OneDrive\Documents\Projects\Coding\Work\API 1102 Loading\Refs\API 1102 Railroad_260606.bak_20260606_231852.xlsx","Tables","D36","Figure 3","KHe","E_prime_ksi=0.5","0.07","207","211.871511","updated"
"Railroad","C:\Users\brook\OneDrive\Documents\Projects\Coding\Work\API 1102 Loading\Refs\API 1102 Railroad_260606.xlsx","C:\Users\brook\OneDrive\Documents\Projects\Coding\Work\API 1102 Loading\Refs\API 1102 Railroad_260606.bak_20260606_231852.xlsx","Tables","D37","Figure 3","KHe","E_prime_ksi=0.5","0.075","143","149.467395","updated"
"Railroad","C:\Users\brook\OneDrive\Documents\Projects\Coding\Work\API 1102 Loading\Refs\API 1102 Railroad_260606.xlsx","C:\Users\brook\OneDrive\Documents\Projects\Coding\Work\API 1102 Loading\Refs\API 1102 Railroad_260606.bak_20260606_231852.xlsx","Tables","D38","Figure 3","KHe","E_prime_ksi=0.5","0.08","88","","skipped_no_digitized_value"
"Railroad","C:\Users\brook\OneDrive\Documents\Projects\Coding\Work\API 1102 Loading\Refs\API 1102 Railroad_260606.xlsx","C:\Users\brook\OneDrive\Documents\Projects\Coding\Work\API 1102 Loading\Refs\API 1102 Railroad_260606.bak_20260606_231852.xlsx","Tables","D39","Figure 3","KHe","E_prime_ksi=0.5","5.0","88","","skipped_no_digitized_value"
"Railroad","C:\Users\brook\OneDrive\Documents\Projects\Coding\Work\API 1102 Loading\Refs\API 1102 Railroad_260606.xlsx","C:\Users\brook\OneDrive\Documents\Projects\Coding\Work\API 1102 Loading\Refs\API 1102 Railroad_260606.bak_20260606_231852.xlsx","Tables","F18","Figure 3","KHe","E_prime_ksi=1.0","0.0","5772","","skipped_no_digitized_value"
"Railroad","C:\Users\brook\OneDrive\Documents\Projects\Coding\Work\API 1102 Loading\Refs\API 1102 Railroad_260606.xlsx","C:\Users\brook\OneDrive\Documents\Projects\Coding\Work\API 1102 Loading\Refs\API 1102 Railroad_260606.bak_20260606_231852.xlsx","Tables","F19","Figure 3","KHe","E_prime_ksi=1.0","0.00738","5772","5371.262654","updated"
"Railroad","C:\Users\brook\OneDrive\Documents\Projects\Coding\Work\API 1102 Loading\Refs\API 1102 Railroad_260606.xlsx","C:\Users\brook\OneDrive\Documents\Projects\Coding\Work\API 1102 Loading\Refs\API 1102 Railroad_260606.bak_20260606_231852.xlsx","Tables","F20","Figure 3","KHe","E_prime_ksi=1.0","0.00775","5449","5191.631319","updated"
"Railroad","C:\Users\brook\OneDrive\Documents\Projects\Coding\Work\API 1102 Loading\Refs\API 1102 Railroad_260606.xlsx","C:\Users\brook\OneDrive\Documents\Projects\Coding\Work\API 1102 Loading\Refs\API 1102 Railroad_260606.bak_20260606_231852.xlsx","Tables","F21","Figure 3","KHe","E_prime_ksi=1.0","0.00825","5175","4986.966487","updated"
"Railroad","C:\Users\brook\OneDrive\Documents\Projects\Coding\Work\API 1102 Loading\Refs\API 1102 Railroad_260606.xlsx","C:\Users\brook\OneDrive\Documents\Projects\Coding\Work\API 1102 Loading\Refs\API 1102 Railroad_260606.bak_20260606_231852.xlsx","Tables","F22","Figure 3","KHe","E_prime_ksi=1.0","0.01","4499","4421.712494","updated"
"Railroad","C:\Users\brook\OneDrive\Documents\Projects\Coding\Work\API 1102 Loading\Refs\API 1102 Railroad_260606.xlsx","C:\Users\brook\OneDrive\Documents\Projects\Coding\Work\API 1102 Loading\Refs\API 1102 Railroad_260606.bak_20260606_231852.xlsx","Tables","F23","Figure 3","KHe","E_prime_ksi=1.0","0.0125","3882","3789.925806","updated"
"Railroad","C:\Users\brook\OneDrive\Documents\Projects\Coding\Work\API 1102 Loading\Refs\API 1102 Railroad_260606.xlsx","C:\Users\brook\OneDrive\Documents\Projects\Coding\Work\API 1102 Loading\Refs\API 1102 Railroad_260606.bak_20260606_231852.xlsx","Tables","F24","Figure 3","KHe","E_prime_ksi=1.0","0.015","3261","3230.830095","updated"
"Railroad","C:\Users\brook\OneDrive\Documents\Projects\Coding\Work\API 1102 Loading\Refs\API 1102 Railroad_260606.xlsx","C:\Users\brook\OneDrive\Documents\Projects\Coding\Work\API 1102 Loading\Refs\API 1102 Railroad_260606.bak_20260606_231852.xlsx","Tables","F25","Figure 3","KHe","E_prime_ksi=1.0","0.0175","2791","2719.47016","updated"
"Railroad","C:\Users\brook\OneDrive\Documents\Projects\Coding\Work\API 1102 Loading\Refs\API 1102 Railroad_260606.xlsx","C:\Users\brook\OneDrive\Documents\Projects\Coding\Work\API 1102 Loading\Refs\API 1102 Railroad_260606.bak_20260606_231852.xlsx","Tables","F26","Figure 3","KHe","E_prime_ksi=1.0","0.02","2292","2275.090667","updated"
"Railroad","C:\Users\brook\OneDrive\Documents\Projects\Coding\Work\API 1102 Loading\Refs\API 1102 Railroad_260606.xlsx","C:\Users\brook\OneDrive\Documents\Projects\Coding\Work\API 1102 Loading\Refs\API 1102 Railroad_260606.bak_20260606_231852.xlsx","Tables","F27","Figure 3","KHe","E_prime_ksi=1.0","0.025","1545","1552.6354","updated"
"Railroad","C:\Users\brook\OneDrive\Documents\Projects\Coding\Work\API 1102 Loading\Refs\API 1102 Railroad_260606.xlsx","C:\Users\brook\OneDrive\Documents\Projects\Coding\Work\API 1102 Loading\Refs\API 1102 Railroad_260606.bak_20260606_231852.xlsx","Tables","F28","Figure 3","KHe","E_prime_ksi=1.0","0.03","1066","1042.662849","updated"
"Railroad","C:\Users\brook\OneDrive\Documents\Projects\Coding\Work\API 1102 Loading\Refs\API 1102 Railroad_260606.xlsx","C:\Users\brook\OneDrive\Documents\Projects\Coding\Work\API 1102 Loading\Refs\API 1102 Railroad_260606.bak_20260606_231852.xlsx","Tables","F29","Figure 3","KHe","E_prime_ksi=1.0","0.035","819","823.383203","updated"
"Railroad","C:\Users\brook\OneDrive\Documents\Projects\Coding\Work\API 1102 Loading\Refs\API 1102 Railroad_260606.xlsx","C:\Users\brook\OneDrive\Documents\Projects\Coding\Work\API 1102 Loading\Refs\API 1102 Railroad_260606.bak_20260606_231852.xlsx","Tables","F30","Figure 3","KHe","E_prime_ksi=1.0","0.04","642","647.032019","updated"
"Railroad","C:\Users\brook\OneDrive\Documents\Projects\Coding\Work\API 1102 Loading\Refs\API 1102 Railroad_260606.xlsx","C:\Users\brook\OneDrive\Documents\Projects\Coding\Work\API 1102 Loading\Refs\API 1102 Railroad_260606.bak_20260606_231852.xlsx","Tables","F31","Figure 3","KHe","E_prime_ksi=1.0","0.045","525","530.01545","updated"
"Railroad","C:\Users\brook\OneDrive\Documents\Projects\Coding\Work\API 1102 Loading\Refs\API 1102 Railroad_260606.xlsx","C:\Users\brook\OneDrive\Documents\Projects\Coding\Work\API 1102 Loading\Refs\API 1102 Railroad_260606.bak_20260606_231852.xlsx","Tables","F32","Figure 3","KHe","E_prime_ksi=1.0","0.05","460","465.990229","updated"
"Railroad","C:\Users\brook\OneDrive\Documents\Projects\Coding\Work\API 1102 Loading\Refs\API 1102 Railroad_260606.xlsx","C:\Users\brook\OneDrive\Documents\Projects\Coding\Work\API 1102 Loading\Refs\API 1102 Railroad_260606.bak_20260606_231852.xlsx","Tables","F33","Figure 3","KHe","E_prime_ksi=1.0","0.055","393","402.015428","updated"
"Railroad","C:\Users\brook\OneDrive\Documents\Projects\Coding\Work\API 1102 Loading\Refs\API 1102 Railroad_260606.xlsx","C:\Users\brook\OneDrive\Documents\Projects\Coding\Work\API 1102 Loading\Refs\API 1102 Railroad_260606.bak_20260606_231852.xlsx","Tables","F34","Figure 3","KHe","E_prime_ksi=1.0","0.06","335","338.874442","updated"
"Railroad","C:\Users\brook\OneDrive\Documents\Projects\Coding\Work\API 1102 Loading\Refs\API 1102 Railroad_260606.xlsx","C:\Users\brook\OneDrive\Documents\Projects\Coding\Work\API 1102 Loading\Refs\API 1102 Railroad_260606.bak_20260606_231852.xlsx","Tables","F35","Figure 3","KHe","E_prime_ksi=1.0","0.065","273","275.851875","updated"
"Railroad","C:\Users\brook\OneDrive\Documents\Projects\Coding\Work\API 1102 Loading\Refs\API 1102 Railroad_260606.xlsx","C:\Users\brook\OneDrive\Documents\Projects\Coding\Work\API 1102 Loading\Refs\API 1102 Railroad_260606.bak_20260606_231852.xlsx","Tables","F36","Figure 3","KHe","E_prime_ksi=1.0","0.07","207","211.871511","updated"
"Railroad","C:\Users\brook\OneDrive\Documents\Projects\Coding\Work\API 1102 Loading\Refs\API 1102 Railroad_260606.xlsx","C:\Users\brook\OneDrive\Documents\Projects\Coding\Work\API 1102 Loading\Refs\API 1102 Railroad_260606.bak_20260606_231852.xlsx","Tables","F37","Figure 3","KHe","E_prime_ksi=1.0","0.075","143","149.467395","updated"
"Railroad","C:\Users\brook\OneDrive\Documents\Projects\Coding\Work\API 1102 Loading\Refs\API 1102 Railroad_260606.xlsx","C:\Users\brook\OneDrive\Documents\Projects\Coding\Work\API 1102 Loading\Refs\API 1102 Railroad_260606.bak_20260606_231852.xlsx","Tables","F38","Figure 3","KHe","E_prime_ksi=1.0","0.08","88","","skipped_no_digitized_value"
"Railroad","C:\Users\brook\OneDrive\Documents\Projects\Coding\Work\API 1102 Loading\Refs\API 1102 Railroad_260606.xlsx","C:\Users\brook\OneDrive\Documents\Projects\Coding\Work\API 1102 Loading\Refs\API 1102 Railroad_260606.bak_20260606_231852.xlsx","Tables","F39","Figure 3","KHe","E_prime_ksi=1.0","5.0","88","","skipped_no_digitized_value"
"Railroad","C:\Users\brook\OneDrive\Documents\Projects\Coding\Work\API 1102 Loading\Refs\API 1102 Railroad_260606.xlsx","C:\Users\brook\OneDrive\Documents\Projects\Coding\Work\API 1102 Loading\Refs\API 1102 Railroad_260606.bak_20260606_231852.xlsx","Tables","H18","Figure 3","KHe","E_prime_ksi=2.0","0.0","4443","","skipped_no_digitized_value"
"Railroad","C:\Users\brook\OneDrive\Documents\Projects\Coding\Work\API 1102 Loading\Refs\API 1102 Railroad_260606.xlsx","C:\Users\brook\OneDrive\Documents\Projects\Coding\Work\API 1102 Loading\Refs\API 1102 Railroad_260606.bak_20260606_231852.xlsx","Tables","H19","Figure 3","KHe","E_prime_ksi=2.0","0.00726","4443","4063.879904","updated"
"Railroad","C:\Users\brook\OneDrive\Documents\Projects\Coding\Work\API 1102 Loading\Refs\API 1102 Railroad_260606.xlsx","C:\Users\brook\OneDrive\Documents\Projects\Coding\Work\API 1102 Loading\Refs\API 1102 Railroad_260606.bak_20260606_231852.xlsx","Tables","H20","Figure 3","KHe","E_prime_ksi=2.0","0.00775","4000","3829.759583","updated"
"Railroad","C:\Users\brook\OneDrive\Documents\Projects\Coding\Work\API 1102 Loading\Refs\API 1102 Railroad_260606.xlsx","C:\Users\brook\OneDrive\Documents\Projects\Coding\Work\API 1102 Loading\Refs\API 1102 Railroad_260606.bak_20260606_231852.xlsx","Tables","H21","Figure 3","KHe","E_prime_ksi=2.0","0.00825","3804","3645.285057","updated"
"Railroad","C:\Users\brook\OneDrive\Documents\Projects\Coding\Work\API 1102 Loading\Refs\API 1102 Railroad_260606.xlsx","C:\Users\brook\OneDrive\Documents\Projects\Coding\Work\API 1102 Loading\Refs\API 1102 Railroad_260606.bak_20260606_231852.xlsx","Tables","H22","Figure 3","KHe","E_prime_ksi=2.0","0.01","3208","3166.031095","updated"
"Railroad","C:\Users\brook\OneDrive\Documents\Projects\Coding\Work\API 1102 Loading\Refs\API 1102 Railroad_260606.xlsx","C:\Users\brook\OneDrive\Documents\Projects\Coding\Work\API 1102 Loading\Refs\API 1102 Railroad_260606.bak_20260606_231852.xlsx","Tables","H23","Figure 3","KHe","E_prime_ksi=2.0","0.0125","2777","2703.318214","updated"
"Railroad","C:\Users\brook\OneDrive\Documents\Projects\Coding\Work\API 1102 Loading\Refs\API 1102 Railroad_260606.xlsx","C:\Users\brook\OneDrive\Documents\Projects\Coding\Work\API 1102 Loading\Refs\API 1102 Railroad_260606.bak_20260606_231852.xlsx","Tables","H24","Figure 3","KHe","E_prime_ksi=2.0","0.015","2404","2391.657618","updated"
"Railroad","C:\Users\brook\OneDrive\Documents\Projects\Coding\Work\API 1102 Loading\Refs\API 1102 Railroad_260606.xlsx","C:\Users\brook\OneDrive\Documents\Projects\Coding\Work\API 1102 Loading\Refs\API 1102 Railroad_260606.bak_20260606_231852.xlsx","Tables","H25","Figure 3","KHe","E_prime_ksi=2.0","0.0175","2145","2113.576774","updated"
"Railroad","C:\Users\brook\OneDrive\Documents\Projects\Coding\Work\API 1102 Loading\Refs\API 1102 Railroad_260606.xlsx","C:\Users\brook\OneDrive\Documents\Projects\Coding\Work\API 1102 Loading\Refs\API 1102 Railroad_260606.bak_20260606_231852.xlsx","Tables","H26","Figure 3","KHe","E_prime_ksi=2.0","0.02","1852","1851.790055","updated"
"Railroad","C:\Users\brook\OneDrive\Documents\Projects\Coding\Work\API 1102 Loading\Refs\API 1102 Railroad_260606.xlsx","C:\Users\brook\OneDrive\Documents\Projects\Coding\Work\API 1102 Loading\Refs\API 1102 Railroad_260606.bak_20260606_231852.xlsx","Tables","H27","Figure 3","KHe","E_prime_ksi=2.0","0.025","1387","1382.693917","updated"
"Railroad","C:\Users\brook\OneDrive\Documents\Projects\Coding\Work\API 1102 Loading\Refs\API 1102 Railroad_260606.xlsx","C:\Users\brook\OneDrive\Documents\Projects\Coding\Work\API 1102 Loading\Refs\API 1102 Railroad_260606.bak_20260606_231852.xlsx","Tables","H28","Figure 3","KHe","E_prime_ksi=2.0","0.03","1000","994.741355","updated"
"Railroad","C:\Users\brook\OneDrive\Documents\Projects\Coding\Work\API 1102 Loading\Refs\API 1102 Railroad_260606.xlsx","C:\Users\brook\OneDrive\Documents\Projects\Coding\Work\API 1102 Loading\Refs\API 1102 Railroad_260606.bak_20260606_231852.xlsx","Tables","H29","Figure 3","KHe","E_prime_ksi=2.0","0.035","819","799.537498","updated"
"Railroad","C:\Users\brook\OneDrive\Documents\Projects\Coding\Work\API 1102 Loading\Refs\API 1102 Railroad_260606.xlsx","C:\Users\brook\OneDrive\Documents\Projects\Coding\Work\API 1102 Loading\Refs\API 1102 Railroad_260606.bak_20260606_231852.xlsx","Tables","H30","Figure 3","KHe","E_prime_ksi=2.0","0.04","642","647.032019","updated"
"Railroad","C:\Users\brook\OneDrive\Documents\Projects\Coding\Work\API 1102 Loading\Refs\API 1102 Railroad_260606.xlsx","C:\Users\brook\OneDrive\Documents\Projects\Coding\Work\API 1102 Loading\Refs\API 1102 Railroad_260606.bak_20260606_231852.xlsx","Tables","H31","Figure 3","KHe","E_prime_ksi=2.0","0.045","525","530.01545","updated"
"Railroad","C:\Users\brook\OneDrive\Documents\Projects\Coding\Work\API 1102 Loading\Refs\API 1102 Railroad_260606.xlsx","C:\Users\brook\OneDrive\Documents\Projects\Coding\Work\API 1102 Loading\Refs\API 1102 Railroad_260606.bak_20260606_231852.xlsx","Tables","H32","Figure 3","KHe","E_prime_ksi=2.0","0.05","460","465.990229","updated"
"Railroad","C:\Users\brook\OneDrive\Documents\Projects\Coding\Work\API 1102 Loading\Refs\API 1102 Railroad_260606.xlsx","C:\Users\brook\OneDrive\Documents\Projects\Coding\Work\API 1102 Loading\Refs\API 1102 Railroad_260606.bak_20260606_231852.xlsx","Tables","H33","Figure 3","KHe","E_prime_ksi=2.0","0.055","393","402.015428","updated"
"Railroad","C:\Users\brook\OneDrive\Documents\Projects\Coding\Work\API 1102 Loading\Refs\API 1102 Railroad_260606.xlsx","C:\Users\brook\OneDrive\Documents\Projects\Coding\Work\API 1102 Loading\Refs\API 1102 Railroad_260606.bak_20260606_231852.xlsx","Tables","H34","Figure 3","KHe","E_prime_ksi=2.0","0.06","335","338.874442","updated"
"Railroad","C:\Users\brook\OneDrive\Documents\Projects\Coding\Work\API 1102 Loading\Refs\API 1102 Railroad_260606.xlsx","C:\Users\brook\OneDrive\Documents\Projects\Coding\Work\API 1102 Loading\Refs\API 1102 Railroad_260606.bak_20260606_231852.xlsx","Tables","H35","Figure 3","KHe","E_prime_ksi=2.0","0.065","273","275.851875","updated"
"Railroad","C:\Users\brook\OneDrive\Documents\Projects\Coding\Work\API 1102 Loading\Refs\API 1102 Railroad_260606.xlsx","C:\Users\brook\OneDrive\Documents\Projects\Coding\Work\API 1102 Loading\Refs\API 1102 Railroad_260606.bak_20260606_231852.xlsx","Tables","H36","Figure 3","KHe","E_prime_ksi=2.0","0.07","207","211.871511","updated"
"Railroad","C:\Users\brook\OneDrive\Documents\Projects\Coding\Work\API 1102 Loading\Refs\API 1102 Railroad_260606.xlsx","C:\Users\brook\OneDrive\Documents\Projects\Coding\Work\API 1102 Loading\Refs\API 1102 Railroad_260606.bak_20260606_231852.xlsx","Tables","H37","Figure 3","KHe","E_prime_ksi=2.0","0.075","143","149.467395","updated"
"Railroad","C:\Users\brook\OneDrive\Documents\Projects\Coding\Work\API 1102 Loading\Refs\API 1102 Railroad_260606.xlsx","C:\Users\brook\OneDrive\Documents\Projects\Coding\Work\API 1102 Loading\Refs\API 1102 Railroad_260606.bak_20260606_231852.xlsx","Tables","H38","Figure 3","KHe","E_prime_ksi=2.0","0.08","88","","skipped_no_digitized_value"
"Railroad","C:\Users\brook\OneDrive\Documents\Projects\Coding\Work\API 1102 Loading\Refs\API 1102 Railroad_260606.xlsx","C:\Users\brook\OneDrive\Documents\Projects\Coding\Work\API 1102 Loading\Refs\API 1102 Railroad_260606.bak_20260606_231852.xlsx","Tables","H39","Figure 3","KHe","E_prime_ksi=2.0","5.0","88","","skipped_no_digitized_value"
"Highway","C:\Users\brook\OneDrive\Documents\Projects\Coding\Work\API 1102 Loading\Refs\API 1102 Highway_260606.xlsx","C:\Users\brook\OneDrive\Documents\Projects\Coding\Work\API 1102 Loading\Refs\API 1102 Highway_260606.bak_20260606_231852.xlsx","Tables","B43","Figure 4","Be","soil_type=A","0.0","0","","skipped_no_digitized_value"
"Highway","C:\Users\brook\OneDrive\Documents\Projects\Coding\Work\API 1102 Loading\Refs\API 1102 Highway_260606.xlsx","C:\Users\brook\OneDrive\Documents\Projects\Coding\Work\API 1102 Loading\Refs\API 1102 Highway_260606.bak_20260606_231852.xlsx","Tables","B44","Figure 4","Be","soil_type=A","1.0","0.321","0.334142","updated"
"Highway","C:\Users\brook\OneDrive\Documents\Projects\Coding\Work\API 1102 Loading\Refs\API 1102 Highway_260606.xlsx","C:\Users\brook\OneDrive\Documents\Projects\Coding\Work\API 1102 Loading\Refs\API 1102 Highway_260606.bak_20260606_231852.xlsx","Tables","B45","Figure 4","Be","soil_type=A","2.0","0.644","0.639287","updated"
"Highway","C:\Users\brook\OneDrive\Documents\Projects\Coding\Work\API 1102 Loading\Refs\API 1102 Highway_260606.xlsx","C:\Users\brook\OneDrive\Documents\Projects\Coding\Work\API 1102 Loading\Refs\API 1102 Highway_260606.bak_20260606_231852.xlsx","Tables","B46","Figure 4","Be","soil_type=A","3.0","0.844","0.8495","updated"
"Highway","C:\Users\brook\OneDrive\Documents\Projects\Coding\Work\API 1102 Loading\Refs\API 1102 Highway_260606.xlsx","C:\Users\brook\OneDrive\Documents\Projects\Coding\Work\API 1102 Loading\Refs\API 1102 Highway_260606.bak_20260606_231852.xlsx","Tables","B47","Figure 4","Be","soil_type=A","4.0","0.983","0.982464","updated"
"Highway","C:\Users\brook\OneDrive\Documents\Projects\Coding\Work\API 1102 Loading\Refs\API 1102 Highway_260606.xlsx","C:\Users\brook\OneDrive\Documents\Projects\Coding\Work\API 1102 Loading\Refs\API 1102 Highway_260606.bak_20260606_231852.xlsx","Tables","B48","Figure 4","Be","soil_type=A","5.0","1.077","1.080321","updated"
"Highway","C:\Users\brook\OneDrive\Documents\Projects\Coding\Work\API 1102 Loading\Refs\API 1102 Highway_260606.xlsx","C:\Users\brook\OneDrive\Documents\Projects\Coding\Work\API 1102 Loading\Refs\API 1102 Highway_260606.bak_20260606_231852.xlsx","Tables","B49","Figure 4","Be","soil_type=A","6.0","1.162","1.156494","updated"
"Highway","C:\Users\brook\OneDrive\Documents\Projects\Coding\Work\API 1102 Loading\Refs\API 1102 Highway_260606.xlsx","C:\Users\brook\OneDrive\Documents\Projects\Coding\Work\API 1102 Loading\Refs\API 1102 Highway_260606.bak_20260606_231852.xlsx","Tables","B50","Figure 4","Be","soil_type=A","7.0","1.215","1.214893","updated"
"Highway","C:\Users\brook\OneDrive\Documents\Projects\Coding\Work\API 1102 Loading\Refs\API 1102 Highway_260606.xlsx","C:\Users\brook\OneDrive\Documents\Projects\Coding\Work\API 1102 Loading\Refs\API 1102 Highway_260606.bak_20260606_231852.xlsx","Tables","B51","Figure 4","Be","soil_type=A","8.0","1.26","1.259303","updated"
"Highway","C:\Users\brook\OneDrive\Documents\Projects\Coding\Work\API 1102 Loading\Refs\API 1102 Highway_260606.xlsx","C:\Users\brook\OneDrive\Documents\Projects\Coding\Work\API 1102 Loading\Refs\API 1102 Highway_260606.bak_20260606_231852.xlsx","Tables","B52","Figure 4","Be","soil_type=A","9.0","1.295","1.29354","updated"
"Highway","C:\Users\brook\OneDrive\Documents\Projects\Coding\Work\API 1102 Loading\Refs\API 1102 Highway_260606.xlsx","C:\Users\brook\OneDrive\Documents\Projects\Coding\Work\API 1102 Loading\Refs\API 1102 Highway_260606.bak_20260606_231852.xlsx","Tables","B53","Figure 4","Be","soil_type=A","10.0","1.325","1.320356","updated"
"Highway","C:\Users\brook\OneDrive\Documents\Projects\Coding\Work\API 1102 Loading\Refs\API 1102 Highway_260606.xlsx","C:\Users\brook\OneDrive\Documents\Projects\Coding\Work\API 1102 Loading\Refs\API 1102 Highway_260606.bak_20260606_231852.xlsx","Tables","B54","Figure 4","Be","soil_type=A","11.0","1.342","1.340109","updated"
"Highway","C:\Users\brook\OneDrive\Documents\Projects\Coding\Work\API 1102 Loading\Refs\API 1102 Highway_260606.xlsx","C:\Users\brook\OneDrive\Documents\Projects\Coding\Work\API 1102 Loading\Refs\API 1102 Highway_260606.bak_20260606_231852.xlsx","Tables","B55","Figure 4","Be","soil_type=A","12.0","1.356","1.352953","updated"
"Highway","C:\Users\brook\OneDrive\Documents\Projects\Coding\Work\API 1102 Loading\Refs\API 1102 Highway_260606.xlsx","C:\Users\brook\OneDrive\Documents\Projects\Coding\Work\API 1102 Loading\Refs\API 1102 Highway_260606.bak_20260606_231852.xlsx","Tables","B56","Figure 4","Be","soil_type=A","13.0","1.363","1.359649","updated"
"Highway","C:\Users\brook\OneDrive\Documents\Projects\Coding\Work\API 1102 Loading\Refs\API 1102 Highway_260606.xlsx","C:\Users\brook\OneDrive\Documents\Projects\Coding\Work\API 1102 Loading\Refs\API 1102 Highway_260606.bak_20260606_231852.xlsx","Tables","B57","Figure 4","Be","soil_type=A","14.0","1.364","1.360803","updated"
"Highway","C:\Users\brook\OneDrive\Documents\Projects\Coding\Work\API 1102 Loading\Refs\API 1102 Highway_260606.xlsx","C:\Users\brook\OneDrive\Documents\Projects\Coding\Work\API 1102 Loading\Refs\API 1102 Highway_260606.bak_20260606_231852.xlsx","Tables","B58","Figure 4","Be","soil_type=A","15.0","1.364","1.360803","updated"
"Highway","C:\Users\brook\OneDrive\Documents\Projects\Coding\Work\API 1102 Loading\Refs\API 1102 Highway_260606.xlsx","C:\Users\brook\OneDrive\Documents\Projects\Coding\Work\API 1102 Loading\Refs\API 1102 Highway_260606.bak_20260606_231852.xlsx","Tables","B59","Figure 4","Be","soil_type=A","16.0","1.364","1.360803","updated"
"Highway","C:\Users\brook\OneDrive\Documents\Projects\Coding\Work\API 1102 Loading\Refs\API 1102 Highway_260606.xlsx","C:\Users\brook\OneDrive\Documents\Projects\Coding\Work\API 1102 Loading\Refs\API 1102 Highway_260606.bak_20260606_231852.xlsx","Tables","B60","Figure 4","Be","soil_type=A","17.0","1.364","1.360803","updated"
"Highway","C:\Users\brook\OneDrive\Documents\Projects\Coding\Work\API 1102 Loading\Refs\API 1102 Highway_260606.xlsx","C:\Users\brook\OneDrive\Documents\Projects\Coding\Work\API 1102 Loading\Refs\API 1102 Highway_260606.bak_20260606_231852.xlsx","Tables","B61","Figure 4","Be","soil_type=A","18.0","1.364","1.360803","updated"
"Highway","C:\Users\brook\OneDrive\Documents\Projects\Coding\Work\API 1102 Loading\Refs\API 1102 Highway_260606.xlsx","C:\Users\brook\OneDrive\Documents\Projects\Coding\Work\API 1102 Loading\Refs\API 1102 Highway_260606.bak_20260606_231852.xlsx","Tables","B62","Figure 4","Be","soil_type=A","19.0","1.364","1.360803","updated"
"Highway","C:\Users\brook\OneDrive\Documents\Projects\Coding\Work\API 1102 Loading\Refs\API 1102 Highway_260606.xlsx","C:\Users\brook\OneDrive\Documents\Projects\Coding\Work\API 1102 Loading\Refs\API 1102 Highway_260606.bak_20260606_231852.xlsx","Tables","B63","Figure 4","Be","soil_type=A","20.0","1.364","1.360803","updated"
"Highway","C:\Users\brook\OneDrive\Documents\Projects\Coding\Work\API 1102 Loading\Refs\API 1102 Highway_260606.xlsx","C:\Users\brook\OneDrive\Documents\Projects\Coding\Work\API 1102 Loading\Refs\API 1102 Highway_260606.bak_20260606_231852.xlsx","Tables","B64","Figure 4","Be","soil_type=A","21.0","1.364","1.360803","updated"
"Highway","C:\Users\brook\OneDrive\Documents\Projects\Coding\Work\API 1102 Loading\Refs\API 1102 Highway_260606.xlsx","C:\Users\brook\OneDrive\Documents\Projects\Coding\Work\API 1102 Loading\Refs\API 1102 Highway_260606.bak_20260606_231852.xlsx","Tables","B65","Figure 4","Be","soil_type=A","22.0","1.364","1.360803","updated"
"Highway","C:\Users\brook\OneDrive\Documents\Projects\Coding\Work\API 1102 Loading\Refs\API 1102 Highway_260606.xlsx","C:\Users\brook\OneDrive\Documents\Projects\Coding\Work\API 1102 Loading\Refs\API 1102 Highway_260606.bak_20260606_231852.xlsx","Tables","B66","Figure 4","Be","soil_type=A","23.0","1.364","1.360803","updated"
"Highway","C:\Users\brook\OneDrive\Documents\Projects\Coding\Work\API 1102 Loading\Refs\API 1102 Highway_260606.xlsx","C:\Users\brook\OneDrive\Documents\Projects\Coding\Work\API 1102 Loading\Refs\API 1102 Highway_260606.bak_20260606_231852.xlsx","Tables","B67","Figure 4","Be","soil_type=A","24.0","1.364","1.360803","updated"
"Highway","C:\Users\brook\OneDrive\Documents\Projects\Coding\Work\API 1102 Loading\Refs\API 1102 Highway_260606.xlsx","C:\Users\brook\OneDrive\Documents\Projects\Coding\Work\API 1102 Loading\Refs\API 1102 Highway_260606.bak_20260606_231852.xlsx","Tables","B68","Figure 4","Be","soil_type=A","25.0","1.364","1.360803","updated"
"Highway","C:\Users\brook\OneDrive\Documents\Projects\Coding\Work\API 1102 Loading\Refs\API 1102 Highway_260606.xlsx","C:\Users\brook\OneDrive\Documents\Projects\Coding\Work\API 1102 Loading\Refs\API 1102 Highway_260606.bak_20260606_231852.xlsx","Tables","B69","Figure 4","Be","soil_type=A","26.0","1.364","1.360803","updated"
"Highway","C:\Users\brook\OneDrive\Documents\Projects\Coding\Work\API 1102 Loading\Refs\API 1102 Highway_260606.xlsx","C:\Users\brook\OneDrive\Documents\Projects\Coding\Work\API 1102 Loading\Refs\API 1102 Highway_260606.bak_20260606_231852.xlsx","Tables","B70","Figure 4","Be","soil_type=A","27.0","1.364","1.360803","updated"
"Highway","C:\Users\brook\OneDrive\Documents\Projects\Coding\Work\API 1102 Loading\Refs\API 1102 Highway_260606.xlsx","C:\Users\brook\OneDrive\Documents\Projects\Coding\Work\API 1102 Loading\Refs\API 1102 Highway_260606.bak_20260606_231852.xlsx","Tables","B71","Figure 4","Be","soil_type=A","28.0","1.364","1.360803","updated"
"Highway","C:\Users\brook\OneDrive\Documents\Projects\Coding\Work\API 1102 Loading\Refs\API 1102 Highway_260606.xlsx","C:\Users\brook\OneDrive\Documents\Projects\Coding\Work\API 1102 Loading\Refs\API 1102 Highway_260606.bak_20260606_231852.xlsx","Tables","B72","Figure 4","Be","soil_type=A","29.0","1.364","1.360803","updated"
"Highway","C:\Users\brook\OneDrive\Documents\Projects\Coding\Work\API 1102 Loading\Refs\API 1102 Highway_260606.xlsx","C:\Users\brook\OneDrive\Documents\Projects\Coding\Work\API 1102 Loading\Refs\API 1102 Highway_260606.bak_20260606_231852.xlsx","Tables","B73","Figure 4","Be","soil_type=A","30.0","1.364","1.360803","updated"
"Highway","C:\Users\brook\OneDrive\Documents\Projects\Coding\Work\API 1102 Loading\Refs\API 1102 Highway_260606.xlsx","C:\Users\brook\OneDrive\Documents\Projects\Coding\Work\API 1102 Loading\Refs\API 1102 Highway_260606.bak_20260606_231852.xlsx","Tables","B74","Figure 4","Be","soil_type=A","31.0","1.364","","skipped_no_digitized_value"
"Highway","C:\Users\brook\OneDrive\Documents\Projects\Coding\Work\API 1102 Loading\Refs\API 1102 Highway_260606.xlsx","C:\Users\brook\OneDrive\Documents\Projects\Coding\Work\API 1102 Loading\Refs\API 1102 Highway_260606.bak_20260606_231852.xlsx","Tables","B75","Figure 4","Be","soil_type=A","32.0","1.364","","skipped_no_digitized_value"
"Highway","C:\Users\brook\OneDrive\Documents\Projects\Coding\Work\API 1102 Loading\Refs\API 1102 Highway_260606.xlsx","C:\Users\brook\OneDrive\Documents\Projects\Coding\Work\API 1102 Loading\Refs\API 1102 Highway_260606.bak_20260606_231852.xlsx","Tables","B76","Figure 4","Be","soil_type=A","60.0","1.364","","skipped_no_digitized_value"
"Highway","C:\Users\brook\OneDrive\Documents\Projects\Coding\Work\API 1102 Loading\Refs\API 1102 Highway_260606.xlsx","C:\Users\brook\OneDrive\Documents\Projects\Coding\Work\API 1102 Loading\Refs\API 1102 Highway_260606.bak_20260606_231852.xlsx","Tables","D43","Figure 4","Be","soil_type=B","0.0","0","","skipped_no_digitized_value"
"Highway","C:\Users\brook\OneDrive\Documents\Projects\Coding\Work\API 1102 Loading\Refs\API 1102 Highway_260606.xlsx","C:\Users\brook\OneDrive\Documents\Projects\Coding\Work\API 1102 Loading\Refs\API 1102 Highway_260606.bak_20260606_231852.xlsx","Tables","D44","Figure 4","Be","soil_type=B","1.0","0.321","0.32983","updated"
"Highway","C:\Users\brook\OneDrive\Documents\Projects\Coding\Work\API 1102 Loading\Refs\API 1102 Highway_260606.xlsx","C:\Users\brook\OneDrive\Documents\Projects\Coding\Work\API 1102 Loading\Refs\API 1102 Highway_260606.bak_20260606_231852.xlsx","Tables","D45","Figure 4","Be","soil_type=B","2.0","0.631","0.621643","updated"
"Highway","C:\Users\brook\OneDrive\Documents\Projects\Coding\Work\API 1102 Loading\Refs\API 1102 Highway_260606.xlsx","C:\Users\brook\OneDrive\Documents\Projects\Coding\Work\API 1102 Loading\Refs\API 1102 Highway_260606.bak_20260606_231852.xlsx","Tables","D46","Figure 4","Be","soil_type=B","3.0","0.776","0.780853","updated"
"Highway","C:\Users\brook\OneDrive\Documents\Projects\Coding\Work\API 1102 Loading\Refs\API 1102 Highway_260606.xlsx","C:\Users\brook\OneDrive\Documents\Projects\Coding\Work\API 1102 Loading\Refs\API 1102 Highway_260606.bak_20260606_231852.xlsx","Tables","D47","Figure 4","Be","soil_type=B","4.0","0.893","0.887339","updated"
"Highway","C:\Users\brook\OneDrive\Documents\Projects\Coding\Work\API 1102 Loading\Refs\API 1102 Highway_260606.xlsx","C:\Users\brook\OneDrive\Documents\Projects\Coding\Work\API 1102 Loading\Refs\API 1102 Highway_260606.bak_20260606_231852.xlsx","Tables","D48","Figure 4","Be","soil_type=B","5.0","0.964","0.965123","updated"
"Highway","C:\Users\brook\OneDrive\Documents\Projects\Coding\Work\API 1102 Loading\Refs\API 1102 Highway_260606.xlsx","C:\Users\brook\OneDrive\Documents\Projects\Coding\Work\API 1102 Loading\Refs\API 1102 Highway_260606.bak_20260606_231852.xlsx","Tables","D49","Figure 4","Be","soil_type=B","6.0","1.032","1.024676","updated"
"Highway","C:\Users\brook\OneDrive\Documents\Projects\Coding\Work\API 1102 Loading\Refs\API 1102 Highway_260606.xlsx","C:\Users\brook\OneDrive\Documents\Projects\Coding\Work\API 1102 Loading\Refs\API 1102 Highway_260606.bak_20260606_231852.xlsx","Tables","D50","Figure 4","Be","soil_type=B","7.0","1.071","1.070074","updated"
"Highway","C:\Users\brook\OneDrive\Documents\Projects\Coding\Work\API 1102 Loading\Refs\API 1102 Highway_260606.xlsx","C:\Users\brook\OneDrive\Documents\Projects\Coding\Work\API 1102 Loading\Refs\API 1102 Highway_260606.bak_20260606_231852.xlsx","Tables","D51","Figure 4","Be","soil_type=B","8.0","1.108","1.104811","updated"
"Highway","C:\Users\brook\OneDrive\Documents\Projects\Coding\Work\API 1102 Loading\Refs\API 1102 Highway_260606.xlsx","C:\Users\brook\OneDrive\Documents\Projects\Coding\Work\API 1102 Loading\Refs\API 1102 Highway_260606.bak_20260606_231852.xlsx","Tables","D52","Figure 4","Be","soil_type=B","9.0","1.133","1.130942","updated"
"Highway","C:\Users\brook\OneDrive\Documents\Projects\Coding\Work\API 1102 Loading\Refs\API 1102 Highway_260606.xlsx","C:\Users\brook\OneDrive\Documents\Projects\Coding\Work\API 1102 Loading\Refs\API 1102 Highway_260606.bak_20260606_231852.xlsx","Tables","D53","Figure 4","Be","soil_type=B","10.0","1.152","1.149598","updated"
"Highway","C:\Users\brook\OneDrive\Documents\Projects\Coding\Work\API 1102 Loading\Refs\API 1102 Highway_260606.xlsx","C:\Users\brook\OneDrive\Documents\Projects\Coding\Work\API 1102 Loading\Refs\API 1102 Highway_260606.bak_20260606_231852.xlsx","Tables","D54","Figure 4","Be","soil_type=B","11.0","1.164","1.162014","updated"
"Highway","C:\Users\brook\OneDrive\Documents\Projects\Coding\Work\API 1102 Loading\Refs\API 1102 Highway_260606.xlsx","C:\Users\brook\OneDrive\Documents\Projects\Coding\Work\API 1102 Loading\Refs\API 1102 Highway_260606.bak_20260606_231852.xlsx","Tables","D55","Figure 4","Be","soil_type=B","12.0","1.172","1.168501","updated"
"Highway","C:\Users\brook\OneDrive\Documents\Projects\Coding\Work\API 1102 Loading\Refs\API 1102 Highway_260606.xlsx","C:\Users\brook\OneDrive\Documents\Projects\Coding\Work\API 1102 Loading\Refs\API 1102 Highway_260606.bak_20260606_231852.xlsx","Tables","D56","Figure 4","Be","soil_type=B","13.0","1.173","1.169707","updated"
"Highway","C:\Users\brook\OneDrive\Documents\Projects\Coding\Work\API 1102 Loading\Refs\API 1102 Highway_260606.xlsx","C:\Users\brook\OneDrive\Documents\Projects\Coding\Work\API 1102 Loading\Refs\API 1102 Highway_260606.bak_20260606_231852.xlsx","Tables","D57","Figure 4","Be","soil_type=B","14.0","1.173","1.16962","updated"
"Highway","C:\Users\brook\OneDrive\Documents\Projects\Coding\Work\API 1102 Loading\Refs\API 1102 Highway_260606.xlsx","C:\Users\brook\OneDrive\Documents\Projects\Coding\Work\API 1102 Loading\Refs\API 1102 Highway_260606.bak_20260606_231852.xlsx","Tables","D58","Figure 4","Be","soil_type=B","15.0","1.173","1.16962","updated"
"Highway","C:\Users\brook\OneDrive\Documents\Projects\Coding\Work\API 1102 Loading\Refs\API 1102 Highway_260606.xlsx","C:\Users\brook\OneDrive\Documents\Projects\Coding\Work\API 1102 Loading\Refs\API 1102 Highway_260606.bak_20260606_231852.xlsx","Tables","D59","Figure 4","Be","soil_type=B","16.0","1.173","1.16962","updated"
"Highway","C:\Users\brook\OneDrive\Documents\Projects\Coding\Work\API 1102 Loading\Refs\API 1102 Highway_260606.xlsx","C:\Users\brook\OneDrive\Documents\Projects\Coding\Work\API 1102 Loading\Refs\API 1102 Highway_260606.bak_20260606_231852.xlsx","Tables","D60","Figure 4","Be","soil_type=B","17.0","1.173","1.16962","updated"
"Highway","C:\Users\brook\OneDrive\Documents\Projects\Coding\Work\API 1102 Loading\Refs\API 1102 Highway_260606.xlsx","C:\Users\brook\OneDrive\Documents\Projects\Coding\Work\API 1102 Loading\Refs\API 1102 Highway_260606.bak_20260606_231852.xlsx","Tables","D61","Figure 4","Be","soil_type=B","18.0","1.173","1.16962","updated"
"Highway","C:\Users\brook\OneDrive\Documents\Projects\Coding\Work\API 1102 Loading\Refs\API 1102 Highway_260606.xlsx","C:\Users\brook\OneDrive\Documents\Projects\Coding\Work\API 1102 Loading\Refs\API 1102 Highway_260606.bak_20260606_231852.xlsx","Tables","D62","Figure 4","Be","soil_type=B","19.0","1.173","1.16962","updated"
"Highway","C:\Users\brook\OneDrive\Documents\Projects\Coding\Work\API 1102 Loading\Refs\API 1102 Highway_260606.xlsx","C:\Users\brook\OneDrive\Documents\Projects\Coding\Work\API 1102 Loading\Refs\API 1102 Highway_260606.bak_20260606_231852.xlsx","Tables","D63","Figure 4","Be","soil_type=B","20.0","1.173","1.16962","updated"
"Highway","C:\Users\brook\OneDrive\Documents\Projects\Coding\Work\API 1102 Loading\Refs\API 1102 Highway_260606.xlsx","C:\Users\brook\OneDrive\Documents\Projects\Coding\Work\API 1102 Loading\Refs\API 1102 Highway_260606.bak_20260606_231852.xlsx","Tables","D64","Figure 4","Be","soil_type=B","21.0","1.173","1.16962","updated"
"Highway","C:\Users\brook\OneDrive\Documents\Projects\Coding\Work\API 1102 Loading\Refs\API 1102 Highway_260606.xlsx","C:\Users\brook\OneDrive\Documents\Projects\Coding\Work\API 1102 Loading\Refs\API 1102 Highway_260606.bak_20260606_231852.xlsx","Tables","D65","Figure 4","Be","soil_type=B","22.0","1.173","1.16962","updated"
"Highway","C:\Users\brook\OneDrive\Documents\Projects\Coding\Work\API 1102 Loading\Refs\API 1102 Highway_260606.xlsx","C:\Users\brook\OneDrive\Documents\Projects\Coding\Work\API 1102 Loading\Refs\API 1102 Highway_260606.bak_20260606_231852.xlsx","Tables","D66","Figure 4","Be","soil_type=B","23.0","1.173","1.16962","updated"
"Highway","C:\Users\brook\OneDrive\Documents\Projects\Coding\Work\API 1102 Loading\Refs\API 1102 Highway_260606.xlsx","C:\Users\brook\OneDrive\Documents\Projects\Coding\Work\API 1102 Loading\Refs\API 1102 Highway_260606.bak_20260606_231852.xlsx","Tables","D67","Figure 4","Be","soil_type=B","24.0","1.173","1.16962","updated"
"Highway","C:\Users\brook\OneDrive\Documents\Projects\Coding\Work\API 1102 Loading\Refs\API 1102 Highway_260606.xlsx","C:\Users\brook\OneDrive\Documents\Projects\Coding\Work\API 1102 Loading\Refs\API 1102 Highway_260606.bak_20260606_231852.xlsx","Tables","D68","Figure 4","Be","soil_type=B","25.0","1.173","1.16962","updated"
"Highway","C:\Users\brook\OneDrive\Documents\Projects\Coding\Work\API 1102 Loading\Refs\API 1102 Highway_260606.xlsx","C:\Users\brook\OneDrive\Documents\Projects\Coding\Work\API 1102 Loading\Refs\API 1102 Highway_260606.bak_20260606_231852.xlsx","Tables","D69","Figure 4","Be","soil_type=B","26.0","1.173","1.16962","updated"
"Highway","C:\Users\brook\OneDrive\Documents\Projects\Coding\Work\API 1102 Loading\Refs\API 1102 Highway_260606.xlsx","C:\Users\brook\OneDrive\Documents\Projects\Coding\Work\API 1102 Loading\Refs\API 1102 Highway_260606.bak_20260606_231852.xlsx","Tables","D70","Figure 4","Be","soil_type=B","27.0","1.173","1.16962","updated"
"Highway","C:\Users\brook\OneDrive\Documents\Projects\Coding\Work\API 1102 Loading\Refs\API 1102 Highway_260606.xlsx","C:\Users\brook\OneDrive\Documents\Projects\Coding\Work\API 1102 Loading\Refs\API 1102 Highway_260606.bak_20260606_231852.xlsx","Tables","D71","Figure 4","Be","soil_type=B","28.0","1.173","1.16962","updated"
"Highway","C:\Users\brook\OneDrive\Documents\Projects\Coding\Work\API 1102 Loading\Refs\API 1102 Highway_260606.xlsx","C:\Users\brook\OneDrive\Documents\Projects\Coding\Work\API 1102 Loading\Refs\API 1102 Highway_260606.bak_20260606_231852.xlsx","Tables","D72","Figure 4","Be","soil_type=B","29.0","1.173","1.16962","updated"
"Highway","C:\Users\brook\OneDrive\Documents\Projects\Coding\Work\API 1102 Loading\Refs\API 1102 Highway_260606.xlsx","C:\Users\brook\OneDrive\Documents\Projects\Coding\Work\API 1102 Loading\Refs\API 1102 Highway_260606.bak_20260606_231852.xlsx","Tables","D73","Figure 4","Be","soil_type=B","30.0","1.173","1.16962","updated"
"Highway","C:\Users\brook\OneDrive\Documents\Projects\Coding\Work\API 1102 Loading\Refs\API 1102 Highway_260606.xlsx","C:\Users\brook\OneDrive\Documents\Projects\Coding\Work\API 1102 Loading\Refs\API 1102 Highway_260606.bak_20260606_231852.xlsx","Tables","D74","Figure 4","Be","soil_type=B","31.0","1.173","","skipped_no_digitized_value"
"Highway","C:\Users\brook\OneDrive\Documents\Projects\Coding\Work\API 1102 Loading\Refs\API 1102 Highway_260606.xlsx","C:\Users\brook\OneDrive\Documents\Projects\Coding\Work\API 1102 Loading\Refs\API 1102 Highway_260606.bak_20260606_231852.xlsx","Tables","D75","Figure 4","Be","soil_type=B","32.0","1.173","","skipped_no_digitized_value"
"Highway","C:\Users\brook\OneDrive\Documents\Projects\Coding\Work\API 1102 Loading\Refs\API 1102 Highway_260606.xlsx","C:\Users\brook\OneDrive\Documents\Projects\Coding\Work\API 1102 Loading\Refs\API 1102 Highway_260606.bak_20260606_231852.xlsx","Tables","D76","Figure 4","Be","soil_type=B","60.0","1.173","","skipped_no_digitized_value"
"Railroad","C:\Users\brook\OneDrive\Documents\Projects\Coding\Work\API 1102 Loading\Refs\API 1102 Railroad_260606.xlsx","C:\Users\brook\OneDrive\Documents\Projects\Coding\Work\API 1102 Loading\Refs\API 1102 Railroad_260606.bak_20260606_231852.xlsx","Tables","B44","Figure 4","Be","soil_type=A","0.0","0","","skipped_no_digitized_value"
"Railroad","C:\Users\brook\OneDrive\Documents\Projects\Coding\Work\API 1102 Loading\Refs\API 1102 Railroad_260606.xlsx","C:\Users\brook\OneDrive\Documents\Projects\Coding\Work\API 1102 Loading\Refs\API 1102 Railroad_260606.bak_20260606_231852.xlsx","Tables","B45","Figure 4","Be","soil_type=A","1.0","0.321","0.334142","updated"
"Railroad","C:\Users\brook\OneDrive\Documents\Projects\Coding\Work\API 1102 Loading\Refs\API 1102 Railroad_260606.xlsx","C:\Users\brook\OneDrive\Documents\Projects\Coding\Work\API 1102 Loading\Refs\API 1102 Railroad_260606.bak_20260606_231852.xlsx","Tables","B46","Figure 4","Be","soil_type=A","2.0","0.644","0.639287","updated"
"Railroad","C:\Users\brook\OneDrive\Documents\Projects\Coding\Work\API 1102 Loading\Refs\API 1102 Railroad_260606.xlsx","C:\Users\brook\OneDrive\Documents\Projects\Coding\Work\API 1102 Loading\Refs\API 1102 Railroad_260606.bak_20260606_231852.xlsx","Tables","B47","Figure 4","Be","soil_type=A","3.0","0.844","0.8495","updated"
"Railroad","C:\Users\brook\OneDrive\Documents\Projects\Coding\Work\API 1102 Loading\Refs\API 1102 Railroad_260606.xlsx","C:\Users\brook\OneDrive\Documents\Projects\Coding\Work\API 1102 Loading\Refs\API 1102 Railroad_260606.bak_20260606_231852.xlsx","Tables","B48","Figure 4","Be","soil_type=A","4.0","0.983","0.982464","updated"
"Railroad","C:\Users\brook\OneDrive\Documents\Projects\Coding\Work\API 1102 Loading\Refs\API 1102 Railroad_260606.xlsx","C:\Users\brook\OneDrive\Documents\Projects\Coding\Work\API 1102 Loading\Refs\API 1102 Railroad_260606.bak_20260606_231852.xlsx","Tables","B49","Figure 4","Be","soil_type=A","5.0","1.077","1.080321","updated"
"Railroad","C:\Users\brook\OneDrive\Documents\Projects\Coding\Work\API 1102 Loading\Refs\API 1102 Railroad_260606.xlsx","C:\Users\brook\OneDrive\Documents\Projects\Coding\Work\API 1102 Loading\Refs\API 1102 Railroad_260606.bak_20260606_231852.xlsx","Tables","B50","Figure 4","Be","soil_type=A","6.0","1.162","1.156494","updated"
"Railroad","C:\Users\brook\OneDrive\Documents\Projects\Coding\Work\API 1102 Loading\Refs\API 1102 Railroad_260606.xlsx","C:\Users\brook\OneDrive\Documents\Projects\Coding\Work\API 1102 Loading\Refs\API 1102 Railroad_260606.bak_20260606_231852.xlsx","Tables","B51","Figure 4","Be","soil_type=A","7.0","1.215","1.214893","updated"
"Railroad","C:\Users\brook\OneDrive\Documents\Projects\Coding\Work\API 1102 Loading\Refs\API 1102 Railroad_260606.xlsx","C:\Users\brook\OneDrive\Documents\Projects\Coding\Work\API 1102 Loading\Refs\API 1102 Railroad_260606.bak_20260606_231852.xlsx","Tables","B52","Figure 4","Be","soil_type=A","8.0","1.26","1.259303","updated"
"Railroad","C:\Users\brook\OneDrive\Documents\Projects\Coding\Work\API 1102 Loading\Refs\API 1102 Railroad_260606.xlsx","C:\Users\brook\OneDrive\Documents\Projects\Coding\Work\API 1102 Loading\Refs\API 1102 Railroad_260606.bak_20260606_231852.xlsx","Tables","B53","Figure 4","Be","soil_type=A","9.0","1.295","1.29354","updated"
"Railroad","C:\Users\brook\OneDrive\Documents\Projects\Coding\Work\API 1102 Loading\Refs\API 1102 Railroad_260606.xlsx","C:\Users\brook\OneDrive\Documents\Projects\Coding\Work\API 1102 Loading\Refs\API 1102 Railroad_260606.bak_20260606_231852.xlsx","Tables","B54","Figure 4","Be","soil_type=A","10.0","1.325","1.320356","updated"
"Railroad","C:\Users\brook\OneDrive\Documents\Projects\Coding\Work\API 1102 Loading\Refs\API 1102 Railroad_260606.xlsx","C:\Users\brook\OneDrive\Documents\Projects\Coding\Work\API 1102 Loading\Refs\API 1102 Railroad_260606.bak_20260606_231852.xlsx","Tables","B55","Figure 4","Be","soil_type=A","11.0","1.342","1.340109","updated"
"Railroad","C:\Users\brook\OneDrive\Documents\Projects\Coding\Work\API 1102 Loading\Refs\API 1102 Railroad_260606.xlsx","C:\Users\brook\OneDrive\Documents\Projects\Coding\Work\API 1102 Loading\Refs\API 1102 Railroad_260606.bak_20260606_231852.xlsx","Tables","B56","Figure 4","Be","soil_type=A","12.0","1.356","1.352953","updated"
"Railroad","C:\Users\brook\OneDrive\Documents\Projects\Coding\Work\API 1102 Loading\Refs\API 1102 Railroad_260606.xlsx","C:\Users\brook\OneDrive\Documents\Projects\Coding\Work\API 1102 Loading\Refs\API 1102 Railroad_260606.bak_20260606_231852.xlsx","Tables","B57","Figure 4","Be","soil_type=A","13.0","1.363","1.359649","updated"
"Railroad","C:\Users\brook\OneDrive\Documents\Projects\Coding\Work\API 1102 Loading\Refs\API 1102 Railroad_260606.xlsx","C:\Users\brook\OneDrive\Documents\Projects\Coding\Work\API 1102 Loading\Refs\API 1102 Railroad_260606.bak_20260606_231852.xlsx","Tables","B58","Figure 4","Be","soil_type=A","14.0","1.364","1.360803","updated"
"Railroad","C:\Users\brook\OneDrive\Documents\Projects\Coding\Work\API 1102 Loading\Refs\API 1102 Railroad_260606.xlsx","C:\Users\brook\OneDrive\Documents\Projects\Coding\Work\API 1102 Loading\Refs\API 1102 Railroad_260606.bak_20260606_231852.xlsx","Tables","B59","Figure 4","Be","soil_type=A","15.0","1.364","1.360803","updated"
"Railroad","C:\Users\brook\OneDrive\Documents\Projects\Coding\Work\API 1102 Loading\Refs\API 1102 Railroad_260606.xlsx","C:\Users\brook\OneDrive\Documents\Projects\Coding\Work\API 1102 Loading\Refs\API 1102 Railroad_260606.bak_20260606_231852.xlsx","Tables","B60","Figure 4","Be","soil_type=A","16.0","1.364","1.360803","updated"
"Railroad","C:\Users\brook\OneDrive\Documents\Projects\Coding\Work\API 1102 Loading\Refs\API 1102 Railroad_260606.xlsx","C:\Users\brook\OneDrive\Documents\Projects\Coding\Work\API 1102 Loading\Refs\API 1102 Railroad_260606.bak_20260606_231852.xlsx","Tables","B61","Figure 4","Be","soil_type=A","17.0","1.364","1.360803","updated"
"Railroad","C:\Users\brook\OneDrive\Documents\Projects\Coding\Work\API 1102 Loading\Refs\API 1102 Railroad_260606.xlsx","C:\Users\brook\OneDrive\Documents\Projects\Coding\Work\API 1102 Loading\Refs\API 1102 Railroad_260606.bak_20260606_231852.xlsx","Tables","B62","Figure 4","Be","soil_type=A","18.0","1.364","1.360803","updated"
"Railroad","C:\Users\brook\OneDrive\Documents\Projects\Coding\Work\API 1102 Loading\Refs\API 1102 Railroad_260606.xlsx","C:\Users\brook\OneDrive\Documents\Projects\Coding\Work\API 1102 Loading\Refs\API 1102 Railroad_260606.bak_20260606_231852.xlsx","Tables","B63","Figure 4","Be","soil_type=A","19.0","1.364","1.360803","updated"
"Railroad","C:\Users\brook\OneDrive\Documents\Projects\Coding\Work\API 1102 Loading\Refs\API 1102 Railroad_260606.xlsx","C:\Users\brook\OneDrive\Documents\Projects\Coding\Work\API 1102 Loading\Refs\API 1102 Railroad_260606.bak_20260606_231852.xlsx","Tables","B64","Figure 4","Be","soil_type=A","20.0","1.364","1.360803","updated"
"Railroad","C:\Users\brook\OneDrive\Documents\Projects\Coding\Work\API 1102 Loading\Refs\API 1102 Railroad_260606.xlsx","C:\Users\brook\OneDrive\Documents\Projects\Coding\Work\API 1102 Loading\Refs\API 1102 Railroad_260606.bak_20260606_231852.xlsx","Tables","B65","Figure 4","Be","soil_type=A","21.0","1.364","1.360803","updated"
"Railroad","C:\Users\brook\OneDrive\Documents\Projects\Coding\Work\API 1102 Loading\Refs\API 1102 Railroad_260606.xlsx","C:\Users\brook\OneDrive\Documents\Projects\Coding\Work\API 1102 Loading\Refs\API 1102 Railroad_260606.bak_20260606_231852.xlsx","Tables","B66","Figure 4","Be","soil_type=A","22.0","1.364","1.360803","updated"
"Railroad","C:\Users\brook\OneDrive\Documents\Projects\Coding\Work\API 1102 Loading\Refs\API 1102 Railroad_260606.xlsx","C:\Users\brook\OneDrive\Documents\Projects\Coding\Work\API 1102 Loading\Refs\API 1102 Railroad_260606.bak_20260606_231852.xlsx","Tables","B67","Figure 4","Be","soil_type=A","23.0","1.364","1.360803","updated"
"Railroad","C:\Users\brook\OneDrive\Documents\Projects\Coding\Work\API 1102 Loading\Refs\API 1102 Railroad_260606.xlsx","C:\Users\brook\OneDrive\Documents\Projects\Coding\Work\API 1102 Loading\Refs\API 1102 Railroad_260606.bak_20260606_231852.xlsx","Tables","B68","Figure 4","Be","soil_type=A","24.0","1.364","1.360803","updated"
"Railroad","C:\Users\brook\OneDrive\Documents\Projects\Coding\Work\API 1102 Loading\Refs\API 1102 Railroad_260606.xlsx","C:\Users\brook\OneDrive\Documents\Projects\Coding\Work\API 1102 Loading\Refs\API 1102 Railroad_260606.bak_20260606_231852.xlsx","Tables","B69","Figure 4","Be","soil_type=A","25.0","1.364","1.360803","updated"
"Railroad","C:\Users\brook\OneDrive\Documents\Projects\Coding\Work\API 1102 Loading\Refs\API 1102 Railroad_260606.xlsx","C:\Users\brook\OneDrive\Documents\Projects\Coding\Work\API 1102 Loading\Refs\API 1102 Railroad_260606.bak_20260606_231852.xlsx","Tables","B70","Figure 4","Be","soil_type=A","26.0","1.364","1.360803","updated"
"Railroad","C:\Users\brook\OneDrive\Documents\Projects\Coding\Work\API 1102 Loading\Refs\API 1102 Railroad_260606.xlsx","C:\Users\brook\OneDrive\Documents\Projects\Coding\Work\API 1102 Loading\Refs\API 1102 Railroad_260606.bak_20260606_231852.xlsx","Tables","B71","Figure 4","Be","soil_type=A","27.0","1.364","1.360803","updated"
"Railroad","C:\Users\brook\OneDrive\Documents\Projects\Coding\Work\API 1102 Loading\Refs\API 1102 Railroad_260606.xlsx","C:\Users\brook\OneDrive\Documents\Projects\Coding\Work\API 1102 Loading\Refs\API 1102 Railroad_260606.bak_20260606_231852.xlsx","Tables","B72","Figure 4","Be","soil_type=A","28.0","1.364","1.360803","updated"
"Railroad","C:\Users\brook\OneDrive\Documents\Projects\Coding\Work\API 1102 Loading\Refs\API 1102 Railroad_260606.xlsx","C:\Users\brook\OneDrive\Documents\Projects\Coding\Work\API 1102 Loading\Refs\API 1102 Railroad_260606.bak_20260606_231852.xlsx","Tables","B73","Figure 4","Be","soil_type=A","29.0","1.364","1.360803","updated"
"Railroad","C:\Users\brook\OneDrive\Documents\Projects\Coding\Work\API 1102 Loading\Refs\API 1102 Railroad_260606.xlsx","C:\Users\brook\OneDrive\Documents\Projects\Coding\Work\API 1102 Loading\Refs\API 1102 Railroad_260606.bak_20260606_231852.xlsx","Tables","B74","Figure 4","Be","soil_type=A","30.0","1.364","1.360803","updated"
"Railroad","C:\Users\brook\OneDrive\Documents\Projects\Coding\Work\API 1102 Loading\Refs\API 1102 Railroad_260606.xlsx","C:\Users\brook\OneDrive\Documents\Projects\Coding\Work\API 1102 Loading\Refs\API 1102 Railroad_260606.bak_20260606_231852.xlsx","Tables","B75","Figure 4","Be","soil_type=A","31.0","1.364","","skipped_no_digitized_value"
"Railroad","C:\Users\brook\OneDrive\Documents\Projects\Coding\Work\API 1102 Loading\Refs\API 1102 Railroad_260606.xlsx","C:\Users\brook\OneDrive\Documents\Projects\Coding\Work\API 1102 Loading\Refs\API 1102 Railroad_260606.bak_20260606_231852.xlsx","Tables","B76","Figure 4","Be","soil_type=A","32.0","1.364","","skipped_no_digitized_value"
"Railroad","C:\Users\brook\OneDrive\Documents\Projects\Coding\Work\API 1102 Loading\Refs\API 1102 Railroad_260606.xlsx","C:\Users\brook\OneDrive\Documents\Projects\Coding\Work\API 1102 Loading\Refs\API 1102 Railroad_260606.bak_20260606_231852.xlsx","Tables","B77","Figure 4","Be","soil_type=A","60.0","1.364","","skipped_no_digitized_value"
"Railroad","C:\Users\brook\OneDrive\Documents\Projects\Coding\Work\API 1102 Loading\Refs\API 1102 Railroad_260606.xlsx","C:\Users\brook\OneDrive\Documents\Projects\Coding\Work\API 1102 Loading\Refs\API 1102 Railroad_260606.bak_20260606_231852.xlsx","Tables","D44","Figure 4","Be","soil_type=B","0.0","0","","skipped_no_digitized_value"
"Railroad","C:\Users\brook\OneDrive\Documents\Projects\Coding\Work\API 1102 Loading\Refs\API 1102 Railroad_260606.xlsx","C:\Users\brook\OneDrive\Documents\Projects\Coding\Work\API 1102 Loading\Refs\API 1102 Railroad_260606.bak_20260606_231852.xlsx","Tables","D45","Figure 4","Be","soil_type=B","1.0","0.321","0.32983","updated"
"Railroad","C:\Users\brook\OneDrive\Documents\Projects\Coding\Work\API 1102 Loading\Refs\API 1102 Railroad_260606.xlsx","C:\Users\brook\OneDrive\Documents\Projects\Coding\Work\API 1102 Loading\Refs\API 1102 Railroad_260606.bak_20260606_231852.xlsx","Tables","D46","Figure 4","Be","soil_type=B","2.0","0.631","0.621643","updated"
"Railroad","C:\Users\brook\OneDrive\Documents\Projects\Coding\Work\API 1102 Loading\Refs\API 1102 Railroad_260606.xlsx","C:\Users\brook\OneDrive\Documents\Projects\Coding\Work\API 1102 Loading\Refs\API 1102 Railroad_260606.bak_20260606_231852.xlsx","Tables","D47","Figure 4","Be","soil_type=B","3.0","0.776","0.780853","updated"
"Railroad","C:\Users\brook\OneDrive\Documents\Projects\Coding\Work\API 1102 Loading\Refs\API 1102 Railroad_260606.xlsx","C:\Users\brook\OneDrive\Documents\Projects\Coding\Work\API 1102 Loading\Refs\API 1102 Railroad_260606.bak_20260606_231852.xlsx","Tables","D48","Figure 4","Be","soil_type=B","4.0","0.893","0.887339","updated"
"Railroad","C:\Users\brook\OneDrive\Documents\Projects\Coding\Work\API 1102 Loading\Refs\API 1102 Railroad_260606.xlsx","C:\Users\brook\OneDrive\Documents\Projects\Coding\Work\API 1102 Loading\Refs\API 1102 Railroad_260606.bak_20260606_231852.xlsx","Tables","D49","Figure 4","Be","soil_type=B","5.0","0.964","0.965123","updated"
"Railroad","C:\Users\brook\OneDrive\Documents\Projects\Coding\Work\API 1102 Loading\Refs\API 1102 Railroad_260606.xlsx","C:\Users\brook\OneDrive\Documents\Projects\Coding\Work\API 1102 Loading\Refs\API 1102 Railroad_260606.bak_20260606_231852.xlsx","Tables","D50","Figure 4","Be","soil_type=B","6.0","1.032","1.024676","updated"
"Railroad","C:\Users\brook\OneDrive\Documents\Projects\Coding\Work\API 1102 Loading\Refs\API 1102 Railroad_260606.xlsx","C:\Users\brook\OneDrive\Documents\Projects\Coding\Work\API 1102 Loading\Refs\API 1102 Railroad_260606.bak_20260606_231852.xlsx","Tables","D51","Figure 4","Be","soil_type=B","7.0","1.071","1.070074","updated"
"Railroad","C:\Users\brook\OneDrive\Documents\Projects\Coding\Work\API 1102 Loading\Refs\API 1102 Railroad_260606.xlsx","C:\Users\brook\OneDrive\Documents\Projects\Coding\Work\API 1102 Loading\Refs\API 1102 Railroad_260606.bak_20260606_231852.xlsx","Tables","D52","Figure 4","Be","soil_type=B","8.0","1.108","1.104811","updated"
"Railroad","C:\Users\brook\OneDrive\Documents\Projects\Coding\Work\API 1102 Loading\Refs\API 1102 Railroad_260606.xlsx","C:\Users\brook\OneDrive\Documents\Projects\Coding\Work\API 1102 Loading\Refs\API 1102 Railroad_260606.bak_20260606_231852.xlsx","Tables","D53","Figure 4","Be","soil_type=B","9.0","1.133","1.130942","updated"
"Railroad","C:\Users\brook\OneDrive\Documents\Projects\Coding\Work\API 1102 Loading\Refs\API 1102 Railroad_260606.xlsx","C:\Users\brook\OneDrive\Documents\Projects\Coding\Work\API 1102 Loading\Refs\API 1102 Railroad_260606.bak_20260606_231852.xlsx","Tables","D54","Figure 4","Be","soil_type=B","10.0","1.152","1.149598","updated"
"Railroad","C:\Users\brook\OneDrive\Documents\Projects\Coding\Work\API 1102 Loading\Refs\API 1102 Railroad_260606.xlsx","C:\Users\brook\OneDrive\Documents\Projects\Coding\Work\API 1102 Loading\Refs\API 1102 Railroad_260606.bak_20260606_231852.xlsx","Tables","D55","Figure 4","Be","soil_type=B","11.0","1.164","1.162014","updated"
"Railroad","C:\Users\brook\OneDrive\Documents\Projects\Coding\Work\API 1102 Loading\Refs\API 1102 Railroad_260606.xlsx","C:\Users\brook\OneDrive\Documents\Projects\Coding\Work\API 1102 Loading\Refs\API 1102 Railroad_260606.bak_20260606_231852.xlsx","Tables","D56","Figure 4","Be","soil_type=B","12.0","1.172","1.168501","updated"
"Railroad","C:\Users\brook\OneDrive\Documents\Projects\Coding\Work\API 1102 Loading\Refs\API 1102 Railroad_260606.xlsx","C:\Users\brook\OneDrive\Documents\Projects\Coding\Work\API 1102 Loading\Refs\API 1102 Railroad_260606.bak_20260606_231852.xlsx","Tables","D57","Figure 4","Be","soil_type=B","13.0","1.173","1.169707","updated"
"Railroad","C:\Users\brook\OneDrive\Documents\Projects\Coding\Work\API 1102 Loading\Refs\API 1102 Railroad_260606.xlsx","C:\Users\brook\OneDrive\Documents\Projects\Coding\Work\API 1102 Loading\Refs\API 1102 Railroad_260606.bak_20260606_231852.xlsx","Tables","D58","Figure 4","Be","soil_type=B","14.0","1.173","1.16962","updated"
"Railroad","C:\Users\brook\OneDrive\Documents\Projects\Coding\Work\API 1102 Loading\Refs\API 1102 Railroad_260606.xlsx","C:\Users\brook\OneDrive\Documents\Projects\Coding\Work\API 1102 Loading\Refs\API 1102 Railroad_260606.bak_20260606_231852.xlsx","Tables","D59","Figure 4","Be","soil_type=B","15.0","1.173","1.16962","updated"
"Railroad","C:\Users\brook\OneDrive\Documents\Projects\Coding\Work\API 1102 Loading\Refs\API 1102 Railroad_260606.xlsx","C:\Users\brook\OneDrive\Documents\Projects\Coding\Work\API 1102 Loading\Refs\API 1102 Railroad_260606.bak_20260606_231852.xlsx","Tables","D60","Figure 4","Be","soil_type=B","16.0","1.173","1.16962","updated"
"Railroad","C:\Users\brook\OneDrive\Documents\Projects\Coding\Work\API 1102 Loading\Refs\API 1102 Railroad_260606.xlsx","C:\Users\brook\OneDrive\Documents\Projects\Coding\Work\API 1102 Loading\Refs\API 1102 Railroad_260606.bak_20260606_231852.xlsx","Tables","D61","Figure 4","Be","soil_type=B","17.0","1.173","1.16962","updated"
"Railroad","C:\Users\brook\OneDrive\Documents\Projects\Coding\Work\API 1102 Loading\Refs\API 1102 Railroad_260606.xlsx","C:\Users\brook\OneDrive\Documents\Projects\Coding\Work\API 1102 Loading\Refs\API 1102 Railroad_260606.bak_20260606_231852.xlsx","Tables","D62","Figure 4","Be","soil_type=B","18.0","1.173","1.16962","updated"
"Railroad","C:\Users\brook\OneDrive\Documents\Projects\Coding\Work\API 1102 Loading\Refs\API 1102 Railroad_260606.xlsx","C:\Users\brook\OneDrive\Documents\Projects\Coding\Work\API 1102 Loading\Refs\API 1102 Railroad_260606.bak_20260606_231852.xlsx","Tables","D63","Figure 4","Be","soil_type=B","19.0","1.173","1.16962","updated"
"Railroad","C:\Users\brook\OneDrive\Documents\Projects\Coding\Work\API 1102 Loading\Refs\API 1102 Railroad_260606.xlsx","C:\Users\brook\OneDrive\Documents\Projects\Coding\Work\API 1102 Loading\Refs\API 1102 Railroad_260606.bak_20260606_231852.xlsx","Tables","D64","Figure 4","Be","soil_type=B","20.0","1.173","1.16962","updated"
"Railroad","C:\Users\brook\OneDrive\Documents\Projects\Coding\Work\API 1102 Loading\Refs\API 1102 Railroad_260606.xlsx","C:\Users\brook\OneDrive\Documents\Projects\Coding\Work\API 1102 Loading\Refs\API 1102 Railroad_260606.bak_20260606_231852.xlsx","Tables","D65","Figure 4","Be","soil_type=B","21.0","1.173","1.16962","updated"
"Railroad","C:\Users\brook\OneDrive\Documents\Projects\Coding\Work\API 1102 Loading\Refs\API 1102 Railroad_260606.xlsx","C:\Users\brook\OneDrive\Documents\Projects\Coding\Work\API 1102 Loading\Refs\API 1102 Railroad_260606.bak_20260606_231852.xlsx","Tables","D66","Figure 4","Be","soil_type=B","22.0","1.173","1.16962","updated"
"Railroad","C:\Users\brook\OneDrive\Documents\Projects\Coding\Work\API 1102 Loading\Refs\API 1102 Railroad_260606.xlsx","C:\Users\brook\OneDrive\Documents\Projects\Coding\Work\API 1102 Loading\Refs\API 1102 Railroad_260606.bak_20260606_231852.xlsx","Tables","D67","Figure 4","Be","soil_type=B","23.0","1.173","1.16962","updated"
"Railroad","C:\Users\brook\OneDrive\Documents\Projects\Coding\Work\API 1102 Loading\Refs\API 1102 Railroad_260606.xlsx","C:\Users\brook\OneDrive\Documents\Projects\Coding\Work\API 1102 Loading\Refs\API 1102 Railroad_260606.bak_20260606_231852.xlsx","Tables","D68","Figure 4","Be","soil_type=B","24.0","1.173","1.16962","updated"
"Railroad","C:\Users\brook\OneDrive\Documents\Projects\Coding\Work\API 1102 Loading\Refs\API 1102 Railroad_260606.xlsx","C:\Users\brook\OneDrive\Documents\Projects\Coding\Work\API 1102 Loading\Refs\API 1102 Railroad_260606.bak_20260606_231852.xlsx","Tables","D69","Figure 4","Be","soil_type=B","25.0","1.173","1.16962","updated"
"Railroad","C:\Users\brook\OneDrive\Documents\Projects\Coding\Work\API 1102 Loading\Refs\API 1102 Railroad_260606.xlsx","C:\Users\brook\OneDrive\Documents\Projects\Coding\Work\API 1102 Loading\Refs\API 1102 Railroad_260606.bak_20260606_231852.xlsx","Tables","D70","Figure 4","Be","soil_type=B","26.0","1.173","1.16962","updated"
"Railroad","C:\Users\brook\OneDrive\Documents\Projects\Coding\Work\API 1102 Loading\Refs\API 1102 Railroad_260606.xlsx","C:\Users\brook\OneDrive\Documents\Projects\Coding\Work\API 1102 Loading\Refs\API 1102 Railroad_260606.bak_20260606_231852.xlsx","Tables","D71","Figure 4","Be","soil_type=B","27.0","1.173","1.16962","updated"
"Railroad","C:\Users\brook\OneDrive\Documents\Projects\Coding\Work\API 1102 Loading\Refs\API 1102 Railroad_260606.xlsx","C:\Users\brook\OneDrive\Documents\Projects\Coding\Work\API 1102 Loading\Refs\API 1102 Railroad_260606.bak_20260606_231852.xlsx","Tables","D72","Figure 4","Be","soil_type=B","28.0","1.173","1.16962","updated"
"Railroad","C:\Users\brook\OneDrive\Documents\Projects\Coding\Work\API 1102 Loading\Refs\API 1102 Railroad_260606.xlsx","C:\Users\brook\OneDrive\Documents\Projects\Coding\Work\API 1102 Loading\Refs\API 1102 Railroad_260606.bak_20260606_231852.xlsx","Tables","D73","Figure 4","Be","soil_type=B","29.0","1.173","1.16962","updated"
"Railroad","C:\Users\brook\OneDrive\Documents\Projects\Coding\Work\API 1102 Loading\Refs\API 1102 Railroad_260606.xlsx","C:\Users\brook\OneDrive\Documents\Projects\Coding\Work\API 1102 Loading\Refs\API 1102 Railroad_260606.bak_20260606_231852.xlsx","Tables","D74","Figure 4","Be","soil_type=B","30.0","1.173","1.16962","updated"
"Railroad","C:\Users\brook\OneDrive\Documents\Projects\Coding\Work\API 1102 Loading\Refs\API 1102 Railroad_260606.xlsx","C:\Users\brook\OneDrive\Documents\Projects\Coding\Work\API 1102 Loading\Refs\API 1102 Railroad_260606.bak_20260606_231852.xlsx","Tables","D75","Figure 4","Be","soil_type=B","31.0","1.173","","skipped_no_digitized_value"
"Railroad","C:\Users\brook\OneDrive\Documents\Projects\Coding\Work\API 1102 Loading\Refs\API 1102 Railroad_260606.xlsx","C:\Users\brook\OneDrive\Documents\Projects\Coding\Work\API 1102 Loading\Refs\API 1102 Railroad_260606.bak_20260606_231852.xlsx","Tables","D76","Figure 4","Be","soil_type=B","32.0","1.173","","skipped_no_digitized_value"
"Railroad","C:\Users\brook\OneDrive\Documents\Projects\Coding\Work\API 1102 Loading\Refs\API 1102 Railroad_260606.xlsx","C:\Users\brook\OneDrive\Documents\Projects\Coding\Work\API 1102 Loading\Refs\API 1102 Railroad_260606.bak_20260606_231852.xlsx","Tables","D77","Figure 4","Be","soil_type=B","60.0","1.173","","skipped_no_digitized_value"
"Highway","C:\Users\brook\OneDrive\Documents\Projects\Coding\Work\API 1102 Loading\Refs\API 1102 Highway_260606.xlsx","C:\Users\brook\OneDrive\Documents\Projects\Coding\Work\API 1102 Loading\Refs\API 1102 Highway_260606.bak_20260606_231852.xlsx","Tables","B80","Figure 5","Ee","Ee","1.0","0.8307","","skipped_no_digitized_value"
"Highway","C:\Users\brook\OneDrive\Documents\Projects\Coding\Work\API 1102 Loading\Refs\API 1102 Highway_260606.xlsx","C:\Users\brook\OneDrive\Documents\Projects\Coding\Work\API 1102 Loading\Refs\API 1102 Highway_260606.bak_20260606_231852.xlsx","Tables","B81","Figure 5","Ee","Ee","1.05","0.909","0.907581","updated"
"Highway","C:\Users\brook\OneDrive\Documents\Projects\Coding\Work\API 1102 Loading\Refs\API 1102 Highway_260606.xlsx","C:\Users\brook\OneDrive\Documents\Projects\Coding\Work\API 1102 Loading\Refs\API 1102 Highway_260606.bak_20260606_231852.xlsx","Tables","B82","Figure 5","Ee","Ee","1.1","0.9966","0.993725","updated"
"Highway","C:\Users\brook\OneDrive\Documents\Projects\Coding\Work\API 1102 Loading\Refs\API 1102 Highway_260606.xlsx","C:\Users\brook\OneDrive\Documents\Projects\Coding\Work\API 1102 Loading\Refs\API 1102 Highway_260606.bak_20260606_231852.xlsx","Tables","B83","Figure 5","Ee","Ee","1.15","1.0903","1.087064","updated"
"Highway","C:\Users\brook\OneDrive\Documents\Projects\Coding\Work\API 1102 Loading\Refs\API 1102 Highway_260606.xlsx","C:\Users\brook\OneDrive\Documents\Projects\Coding\Work\API 1102 Loading\Refs\API 1102 Highway_260606.bak_20260606_231852.xlsx","Tables","B84","Figure 5","Ee","Ee","1.2","1.1909","1.188139","updated"
"Highway","C:\Users\brook\OneDrive\Documents\Projects\Coding\Work\API 1102 Loading\Refs\API 1102 Highway_260606.xlsx","C:\Users\brook\OneDrive\Documents\Projects\Coding\Work\API 1102 Loading\Refs\API 1102 Highway_260606.bak_20260606_231852.xlsx","Tables","B85","Figure 5","Ee","Ee","1.25","1.2941","1.292515","updated"
"Highway","C:\Users\brook\OneDrive\Documents\Projects\Coding\Work\API 1102 Loading\Refs\API 1102 Highway_260606.xlsx","C:\Users\brook\OneDrive\Documents\Projects\Coding\Work\API 1102 Loading\Refs\API 1102 Highway_260606.bak_20260606_231852.xlsx","Tables","B86","Figure 5","Ee","Ee","1.3","1.4","","skipped_no_digitized_value"
"Highway","C:\Users\brook\OneDrive\Documents\Projects\Coding\Work\API 1102 Loading\Refs\API 1102 Highway_260606.xlsx","C:\Users\brook\OneDrive\Documents\Projects\Coding\Work\API 1102 Loading\Refs\API 1102 Highway_260606.bak_20260606_231852.xlsx","Tables","B87","Figure 5","Ee","Ee","5.0","9.35388999999998","","skipped_no_digitized_value"
"Railroad","C:\Users\brook\OneDrive\Documents\Projects\Coding\Work\API 1102 Loading\Refs\API 1102 Railroad_260606.xlsx","C:\Users\brook\OneDrive\Documents\Projects\Coding\Work\API 1102 Loading\Refs\API 1102 Railroad_260606.bak_20260606_231852.xlsx","Tables","B81","Figure 5","Ee","Ee","1.0","0.8307","","skipped_no_digitized_value"
"Railroad","C:\Users\brook\OneDrive\Documents\Projects\Coding\Work\API 1102 Loading\Refs\API 1102 Railroad_260606.xlsx","C:\Users\brook\OneDrive\Documents\Projects\Coding\Work\API 1102 Loading\Refs\API 1102 Railroad_260606.bak_20260606_231852.xlsx","Tables","B82","Figure 5","Ee","Ee","1.05","0.909","0.907581","updated"
"Railroad","C:\Users\brook\OneDrive\Documents\Projects\Coding\Work\API 1102 Loading\Refs\API 1102 Railroad_260606.xlsx","C:\Users\brook\OneDrive\Documents\Projects\Coding\Work\API 1102 Loading\Refs\API 1102 Railroad_260606.bak_20260606_231852.xlsx","Tables","B83","Figure 5","Ee","Ee","1.1","0.9966","0.993725","updated"
"Railroad","C:\Users\brook\OneDrive\Documents\Projects\Coding\Work\API 1102 Loading\Refs\API 1102 Railroad_260606.xlsx","C:\Users\brook\OneDrive\Documents\Projects\Coding\Work\API 1102 Loading\Refs\API 1102 Railroad_260606.bak_20260606_231852.xlsx","Tables","B84","Figure 5","Ee","Ee","1.15","1.0903","1.087064","updated"
"Railroad","C:\Users\brook\OneDrive\Documents\Projects\Coding\Work\API 1102 Loading\Refs\API 1102 Railroad_260606.xlsx","C:\Users\brook\OneDrive\Documents\Projects\Coding\Work\API 1102 Loading\Refs\API 1102 Railroad_260606.bak_20260606_231852.xlsx","Tables","B85","Figure 5","Ee","Ee","1.2","1.1909","1.188139","updated"
"Railroad","C:\Users\brook\OneDrive\Documents\Projects\Coding\Work\API 1102 Loading\Refs\API 1102 Railroad_260606.xlsx","C:\Users\brook\OneDrive\Documents\Projects\Coding\Work\API 1102 Loading\Refs\API 1102 Railroad_260606.bak_20260606_231852.xlsx","Tables","B86","Figure 5","Ee","Ee","1.25","1.2941","1.292515","updated"
"Railroad","C:\Users\brook\OneDrive\Documents\Projects\Coding\Work\API 1102 Loading\Refs\API 1102 Railroad_260606.xlsx","C:\Users\brook\OneDrive\Documents\Projects\Coding\Work\API 1102 Loading\Refs\API 1102 Railroad_260606.bak_20260606_231852.xlsx","Tables","B87","Figure 5","Ee","Ee","1.3","1.4","","skipped_no_digitized_value"
"Railroad","C:\Users\brook\OneDrive\Documents\Projects\Coding\Work\API 1102 Loading\Refs\API 1102 Railroad_260606.xlsx","C:\Users\brook\OneDrive\Documents\Projects\Coding\Work\API 1102 Loading\Refs\API 1102 Railroad_260606.bak_20260606_231852.xlsx","Tables","B88","Figure 5","Ee","Ee","5.0","9.35388999999998","","skipped_no_digitized_value"
"Highway","C:\Users\brook\OneDrive\Documents\Projects\Coding\Work\API 1102 Loading\Refs\API 1102 Highway_260606.xlsx","C:\Users\brook\OneDrive\Documents\Projects\Coding\Work\API 1102 Loading\Refs\API 1102 Highway_260606.bak_20260606_231852.xlsx","Tables","B91","Figure 7","Fi","crossing=highway","0.0","1.5","","skipped_no_digitized_value"
"Highway","C:\Users\brook\OneDrive\Documents\Projects\Coding\Work\API 1102 Loading\Refs\API 1102 Highway_260606.xlsx","C:\Users\brook\OneDrive\Documents\Projects\Coding\Work\API 1102 Loading\Refs\API 1102 Highway_260606.bak_20260606_231852.xlsx","Tables","B92","Figure 7","Fi","crossing=highway","5.22","1.5","1.502573","updated"
"Highway","C:\Users\brook\OneDrive\Documents\Projects\Coding\Work\API 1102 Loading\Refs\API 1102 Highway_260606.xlsx","C:\Users\brook\OneDrive\Documents\Projects\Coding\Work\API 1102 Loading\Refs\API 1102 Highway_260606.bak_20260606_231852.xlsx","Tables","B93","Figure 7","Fi","crossing=highway","21.62","1","1.003029","updated"
"Highway","C:\Users\brook\OneDrive\Documents\Projects\Coding\Work\API 1102 Loading\Refs\API 1102 Highway_260606.xlsx","C:\Users\brook\OneDrive\Documents\Projects\Coding\Work\API 1102 Loading\Refs\API 1102 Highway_260606.bak_20260606_231852.xlsx","Tables","B94","Figure 7","Fi","crossing=highway","100.0","1","","skipped_no_digitized_value"
"Railroad","C:\Users\brook\OneDrive\Documents\Projects\Coding\Work\API 1102 Loading\Refs\API 1102 Railroad_260606.xlsx","C:\Users\brook\OneDrive\Documents\Projects\Coding\Work\API 1102 Loading\Refs\API 1102 Railroad_260606.bak_20260606_231852.xlsx","Tables","B92","Figure 7","Fi","crossing=railroad","0.0","1.75","1.750005","updated"
"Railroad","C:\Users\brook\OneDrive\Documents\Projects\Coding\Work\API 1102 Loading\Refs\API 1102 Railroad_260606.xlsx","C:\Users\brook\OneDrive\Documents\Projects\Coding\Work\API 1102 Loading\Refs\API 1102 Railroad_260606.bak_20260606_231852.xlsx","Tables","B93","Figure 7","Fi","crossing=railroad","5.22","1.75","1.750005","updated"
"Railroad","C:\Users\brook\OneDrive\Documents\Projects\Coding\Work\API 1102 Loading\Refs\API 1102 Railroad_260606.xlsx","C:\Users\brook\OneDrive\Documents\Projects\Coding\Work\API 1102 Loading\Refs\API 1102 Railroad_260606.bak_20260606_231852.xlsx","Tables","B94","Figure 7","Fi","crossing=railroad","30.0","1","","skipped_no_digitized_value"
"Railroad","C:\Users\brook\OneDrive\Documents\Projects\Coding\Work\API 1102 Loading\Refs\API 1102 Railroad_260606.xlsx","C:\Users\brook\OneDrive\Documents\Projects\Coding\Work\API 1102 Loading\Refs\API 1102 Railroad_260606.bak_20260606_231852.xlsx","Tables","B95","Figure 7","Fi","crossing=railroad","100.0","1","","skipped_no_digitized_value"
"Railroad","C:\Users\brook\OneDrive\Documents\Projects\Coding\Work\API 1102 Loading\Refs\API 1102 Railroad_260606.xlsx","C:\Users\brook\OneDrive\Documents\Projects\Coding\Work\API 1102 Loading\Refs\API 1102 Railroad_260606.bak_20260606_231852.xlsx","Tables","B100","Figure 8","KHr","Er_ksi=5","0.0","454","","skipped_no_digitized_value"
"Railroad","C:\Users\brook\OneDrive\Documents\Projects\Coding\Work\API 1102 Loading\Refs\API 1102 Railroad_260606.xlsx","C:\Users\brook\OneDrive\Documents\Projects\Coding\Work\API 1102 Loading\Refs\API 1102 Railroad_260606.bak_20260606_231852.xlsx","Tables","B101","Figure 8","KHr","Er_ksi=5","0.01058","454","457.128641","updated"
"Railroad","C:\Users\brook\OneDrive\Documents\Projects\Coding\Work\API 1102 Loading\Refs\API 1102 Railroad_260606.xlsx","C:\Users\brook\OneDrive\Documents\Projects\Coding\Work\API 1102 Loading\Refs\API 1102 Railroad_260606.bak_20260606_231852.xlsx","Tables","B102","Figure 8","KHr","Er_ksi=5","0.01296","474","473.659291","updated"
"Railroad","C:\Users\brook\OneDrive\Documents\Projects\Coding\Work\API 1102 Loading\Refs\API 1102 Railroad_260606.xlsx","C:\Users\brook\OneDrive\Documents\Projects\Coding\Work\API 1102 Loading\Refs\API 1102 Railroad_260606.bak_20260606_231852.xlsx","Tables","B103","Figure 8","KHr","Er_ksi=5","0.01444","474","473.137377","updated"
"Railroad","C:\Users\brook\OneDrive\Documents\Projects\Coding\Work\API 1102 Loading\Refs\API 1102 Railroad_260606.xlsx","C:\Users\brook\OneDrive\Documents\Projects\Coding\Work\API 1102 Loading\Refs\API 1102 Railroad_260606.bak_20260606_231852.xlsx","Tables","B104","Figure 8","KHr","Er_ksi=5","0.01867","451","450.464264","updated"
"Railroad","C:\Users\brook\OneDrive\Documents\Projects\Coding\Work\API 1102 Loading\Refs\API 1102 Railroad_260606.xlsx","C:\Users\brook\OneDrive\Documents\Projects\Coding\Work\API 1102 Loading\Refs\API 1102 Railroad_260606.bak_20260606_231852.xlsx","Tables","B105","Figure 8","KHr","Er_ksi=5","0.02526","381","376.743824","updated"
"Railroad","C:\Users\brook\OneDrive\Documents\Projects\Coding\Work\API 1102 Loading\Refs\API 1102 Railroad_260606.xlsx","C:\Users\brook\OneDrive\Documents\Projects\Coding\Work\API 1102 Loading\Refs\API 1102 Railroad_260606.bak_20260606_231852.xlsx","Tables","B106","Figure 8","KHr","Er_ksi=5","0.03515","240","238.558487","updated"
"Railroad","C:\Users\brook\OneDrive\Documents\Projects\Coding\Work\API 1102 Loading\Refs\API 1102 Railroad_260606.xlsx","C:\Users\brook\OneDrive\Documents\Projects\Coding\Work\API 1102 Loading\Refs\API 1102 Railroad_260606.bak_20260606_231852.xlsx","Tables","B107","Figure 8","KHr","Er_ksi=5","0.04258","183","180.734442","updated"
"Railroad","C:\Users\brook\OneDrive\Documents\Projects\Coding\Work\API 1102 Loading\Refs\API 1102 Railroad_260606.xlsx","C:\Users\brook\OneDrive\Documents\Projects\Coding\Work\API 1102 Loading\Refs\API 1102 Railroad_260606.bak_20260606_231852.xlsx","Tables","B108","Figure 8","KHr","Er_ksi=5","0.05015","143","140.581426","updated"
"Railroad","C:\Users\brook\OneDrive\Documents\Projects\Coding\Work\API 1102 Loading\Refs\API 1102 Railroad_260606.xlsx","C:\Users\brook\OneDrive\Documents\Projects\Coding\Work\API 1102 Loading\Refs\API 1102 Railroad_260606.bak_20260606_231852.xlsx","Tables","B109","Figure 8","KHr","Er_ksi=5","0.06518","87","84.483888","updated"
"Railroad","C:\Users\brook\OneDrive\Documents\Projects\Coding\Work\API 1102 Loading\Refs\API 1102 Railroad_260606.xlsx","C:\Users\brook\OneDrive\Documents\Projects\Coding\Work\API 1102 Loading\Refs\API 1102 Railroad_260606.bak_20260606_231852.xlsx","Tables","B110","Figure 8","KHr","Er_ksi=5","0.08","48","","skipped_no_digitized_value"
"Railroad","C:\Users\brook\OneDrive\Documents\Projects\Coding\Work\API 1102 Loading\Refs\API 1102 Railroad_260606.xlsx","C:\Users\brook\OneDrive\Documents\Projects\Coding\Work\API 1102 Loading\Refs\API 1102 Railroad_260606.bak_20260606_231852.xlsx","Tables","B111","Figure 8","KHr","Er_ksi=5","5.0","48","","skipped_no_digitized_value"
"Railroad","C:\Users\brook\OneDrive\Documents\Projects\Coding\Work\API 1102 Loading\Refs\API 1102 Railroad_260606.xlsx","C:\Users\brook\OneDrive\Documents\Projects\Coding\Work\API 1102 Loading\Refs\API 1102 Railroad_260606.bak_20260606_231852.xlsx","Tables","D100","Figure 8","KHr","Er_ksi=10","0.0","315","","skipped_no_digitized_value"
"Railroad","C:\Users\brook\OneDrive\Documents\Projects\Coding\Work\API 1102 Loading\Refs\API 1102 Railroad_260606.xlsx","C:\Users\brook\OneDrive\Documents\Projects\Coding\Work\API 1102 Loading\Refs\API 1102 Railroad_260606.bak_20260606_231852.xlsx","Tables","D101","Figure 8","KHr","Er_ksi=10","0.01058","315","318.155391","updated"
"Railroad","C:\Users\brook\OneDrive\Documents\Projects\Coding\Work\API 1102 Loading\Refs\API 1102 Railroad_260606.xlsx","C:\Users\brook\OneDrive\Documents\Projects\Coding\Work\API 1102 Loading\Refs\API 1102 Railroad_260606.bak_20260606_231852.xlsx","Tables","D102","Figure 8","KHr","Er_ksi=10","0.01296","336","335.210127","updated"
"Railroad","C:\Users\brook\OneDrive\Documents\Projects\Coding\Work\API 1102 Loading\Refs\API 1102 Railroad_260606.xlsx","C:\Users\brook\OneDrive\Documents\Projects\Coding\Work\API 1102 Loading\Refs\API 1102 Railroad_260606.bak_20260606_231852.xlsx","Tables","D103","Figure 8","KHr","Er_ksi=10","0.01444","339","338.118192","updated"
"Railroad","C:\Users\brook\OneDrive\Documents\Projects\Coding\Work\API 1102 Loading\Refs\API 1102 Railroad_260606.xlsx","C:\Users\brook\OneDrive\Documents\Projects\Coding\Work\API 1102 Loading\Refs\API 1102 Railroad_260606.bak_20260606_231852.xlsx","Tables","D104","Figure 8","KHr","Er_ksi=10","0.01867","332","330.918906","updated"
"Railroad","C:\Users\brook\OneDrive\Documents\Projects\Coding\Work\API 1102 Loading\Refs\API 1102 Railroad_260606.xlsx","C:\Users\brook\OneDrive\Documents\Projects\Coding\Work\API 1102 Loading\Refs\API 1102 Railroad_260606.bak_20260606_231852.xlsx","Tables","D105","Figure 8","KHr","Er_ksi=10","0.02526","295","292.676078","updated"
"Railroad","C:\Users\brook\OneDrive\Documents\Projects\Coding\Work\API 1102 Loading\Refs\API 1102 Railroad_260606.xlsx","C:\Users\brook\OneDrive\Documents\Projects\Coding\Work\API 1102 Loading\Refs\API 1102 Railroad_260606.bak_20260606_231852.xlsx","Tables","D106","Figure 8","KHr","Er_ksi=10","0.03515","211","208.929562","updated"
"Railroad","C:\Users\brook\OneDrive\Documents\Projects\Coding\Work\API 1102 Loading\Refs\API 1102 Railroad_260606.xlsx","C:\Users\brook\OneDrive\Documents\Projects\Coding\Work\API 1102 Loading\Refs\API 1102 Railroad_260606.bak_20260606_231852.xlsx","Tables","D107","Figure 8","KHr","Er_ksi=10","0.04258","165","162.414977","updated"
"Railroad","C:\Users\brook\OneDrive\Documents\Projects\Coding\Work\API 1102 Loading\Refs\API 1102 Railroad_260606.xlsx","C:\Users\brook\OneDrive\Documents\Projects\Coding\Work\API 1102 Loading\Refs\API 1102 Railroad_260606.bak_20260606_231852.xlsx","Tables","D108","Figure 8","KHr","Er_ksi=10","0.05015","131","128.412578","updated"
"Railroad","C:\Users\brook\OneDrive\Documents\Projects\Coding\Work\API 1102 Loading\Refs\API 1102 Railroad_260606.xlsx","C:\Users\brook\OneDrive\Documents\Projects\Coding\Work\API 1102 Loading\Refs\API 1102 Railroad_260606.bak_20260606_231852.xlsx","Tables","D109","Figure 8","KHr","Er_ksi=10","0.06518","79","76.916237","updated"
"Railroad","C:\Users\brook\OneDrive\Documents\Projects\Coding\Work\API 1102 Loading\Refs\API 1102 Railroad_260606.xlsx","C:\Users\brook\OneDrive\Documents\Projects\Coding\Work\API 1102 Loading\Refs\API 1102 Railroad_260606.bak_20260606_231852.xlsx","Tables","D110","Figure 8","KHr","Er_ksi=10","0.08","42","","skipped_no_digitized_value"
"Railroad","C:\Users\brook\OneDrive\Documents\Projects\Coding\Work\API 1102 Loading\Refs\API 1102 Railroad_260606.xlsx","C:\Users\brook\OneDrive\Documents\Projects\Coding\Work\API 1102 Loading\Refs\API 1102 Railroad_260606.bak_20260606_231852.xlsx","Tables","D111","Figure 8","KHr","Er_ksi=10","5.0","42","","skipped_no_digitized_value"
"Railroad","C:\Users\brook\OneDrive\Documents\Projects\Coding\Work\API 1102 Loading\Refs\API 1102 Railroad_260606.xlsx","C:\Users\brook\OneDrive\Documents\Projects\Coding\Work\API 1102 Loading\Refs\API 1102 Railroad_260606.bak_20260606_231852.xlsx","Tables","F100","Figure 8","KHr","Er_ksi=20","0.0","196","","skipped_no_digitized_value"
"Railroad","C:\Users\brook\OneDrive\Documents\Projects\Coding\Work\API 1102 Loading\Refs\API 1102 Railroad_260606.xlsx","C:\Users\brook\OneDrive\Documents\Projects\Coding\Work\API 1102 Loading\Refs\API 1102 Railroad_260606.bak_20260606_231852.xlsx","Tables","F101","Figure 8","KHr","Er_ksi=20","0.01058","196","199.165341","updated"
"Railroad","C:\Users\brook\OneDrive\Documents\Projects\Coding\Work\API 1102 Loading\Refs\API 1102 Railroad_260606.xlsx","C:\Users\brook\OneDrive\Documents\Projects\Coding\Work\API 1102 Loading\Refs\API 1102 Railroad_260606.bak_20260606_231852.xlsx","Tables","F102","Figure 8","KHr","Er_ksi=20","0.01296","226","226.256597","updated"
"Railroad","C:\Users\brook\OneDrive\Documents\Projects\Coding\Work\API 1102 Loading\Refs\API 1102 Railroad_260606.xlsx","C:\Users\brook\OneDrive\Documents\Projects\Coding\Work\API 1102 Loading\Refs\API 1102 Railroad_260606.bak_20260606_231852.xlsx","Tables","F103","Figure 8","KHr","Er_ksi=20","0.01444","233","234.262463","updated"
"Railroad","C:\Users\brook\OneDrive\Documents\Projects\Coding\Work\API 1102 Loading\Refs\API 1102 Railroad_260606.xlsx","C:\Users\brook\OneDrive\Documents\Projects\Coding\Work\API 1102 Loading\Refs\API 1102 Railroad_260606.bak_20260606_231852.xlsx","Tables","F104","Figure 8","KHr","Er_ksi=20","0.01867","240","241.067125","updated"
"Railroad","C:\Users\brook\OneDrive\Documents\Projects\Coding\Work\API 1102 Loading\Refs\API 1102 Railroad_260606.xlsx","C:\Users\brook\OneDrive\Documents\Projects\Coding\Work\API 1102 Loading\Refs\API 1102 Railroad_260606.bak_20260606_231852.xlsx","Tables","F105","Figure 8","KHr","Er_ksi=20","0.02526","226","224.684293","updated"
"Railroad","C:\Users\brook\OneDrive\Documents\Projects\Coding\Work\API 1102 Loading\Refs\API 1102 Railroad_260606.xlsx","C:\Users\brook\OneDrive\Documents\Projects\Coding\Work\API 1102 Loading\Refs\API 1102 Railroad_260606.bak_20260606_231852.xlsx","Tables","F106","Figure 8","KHr","Er_ksi=20","0.03515","179","176.27098","updated"
"Railroad","C:\Users\brook\OneDrive\Documents\Projects\Coding\Work\API 1102 Loading\Refs\API 1102 Railroad_260606.xlsx","C:\Users\brook\OneDrive\Documents\Projects\Coding\Work\API 1102 Loading\Refs\API 1102 Railroad_260606.bak_20260606_231852.xlsx","Tables","F107","Figure 8","KHr","Er_ksi=20","0.04258","148","144.67065","updated"
"Railroad","C:\Users\brook\OneDrive\Documents\Projects\Coding\Work\API 1102 Loading\Refs\API 1102 Railroad_260606.xlsx","C:\Users\brook\OneDrive\Documents\Projects\Coding\Work\API 1102 Loading\Refs\API 1102 Railroad_260606.bak_20260606_231852.xlsx","Tables","F108","Figure 8","KHr","Er_ksi=20","0.05015","119","117.267747","updated"
"Railroad","C:\Users\brook\OneDrive\Documents\Projects\Coding\Work\API 1102 Loading\Refs\API 1102 Railroad_260606.xlsx","C:\Users\brook\OneDrive\Documents\Projects\Coding\Work\API 1102 Loading\Refs\API 1102 Railroad_260606.bak_20260606_231852.xlsx","Tables","F109","Figure 8","KHr","Er_ksi=20","0.06518","72","69.460414","updated"
"Railroad","C:\Users\brook\OneDrive\Documents\Projects\Coding\Work\API 1102 Loading\Refs\API 1102 Railroad_260606.xlsx","C:\Users\brook\OneDrive\Documents\Projects\Coding\Work\API 1102 Loading\Refs\API 1102 Railroad_260606.bak_20260606_231852.xlsx","Tables","F110","Figure 8","KHr","Er_ksi=20","0.08","37","","skipped_no_digitized_value"
"Railroad","C:\Users\brook\OneDrive\Documents\Projects\Coding\Work\API 1102 Loading\Refs\API 1102 Railroad_260606.xlsx","C:\Users\brook\OneDrive\Documents\Projects\Coding\Work\API 1102 Loading\Refs\API 1102 Railroad_260606.bak_20260606_231852.xlsx","Tables","F111","Figure 8","KHr","Er_ksi=20","5.0","37","","skipped_no_digitized_value"
"Railroad","C:\Users\brook\OneDrive\Documents\Projects\Coding\Work\API 1102 Loading\Refs\API 1102 Railroad_260606.xlsx","C:\Users\brook\OneDrive\Documents\Projects\Coding\Work\API 1102 Loading\Refs\API 1102 Railroad_260606.bak_20260606_231852.xlsx","Tables","B124","Figure 9","GHr","H_ft=6","0.0","1.006","","skipped_no_digitized_value"
"Railroad","C:\Users\brook\OneDrive\Documents\Projects\Coding\Work\API 1102 Loading\Refs\API 1102 Railroad_260606.xlsx","C:\Users\brook\OneDrive\Documents\Projects\Coding\Work\API 1102 Loading\Refs\API 1102 Railroad_260606.bak_20260606_231852.xlsx","Tables","B125","Figure 9","GHr","H_ft=6","2.0","1.006","","skipped_no_digitized_value"
"Railroad","C:\Users\brook\OneDrive\Documents\Projects\Coding\Work\API 1102 Loading\Refs\API 1102 Railroad_260606.xlsx","C:\Users\brook\OneDrive\Documents\Projects\Coding\Work\API 1102 Loading\Refs\API 1102 Railroad_260606.bak_20260606_231852.xlsx","Tables","B126","Figure 9","GHr","H_ft=6","4.0","1.061","1.059929","updated"
"Railroad","C:\Users\brook\OneDrive\Documents\Projects\Coding\Work\API 1102 Loading\Refs\API 1102 Railroad_260606.xlsx","C:\Users\brook\OneDrive\Documents\Projects\Coding\Work\API 1102 Loading\Refs\API 1102 Railroad_260606.bak_20260606_231852.xlsx","Tables","B127","Figure 9","GHr","H_ft=6","6.0","1.085","1.085548","updated"
"Railroad","C:\Users\brook\OneDrive\Documents\Projects\Coding\Work\API 1102 Loading\Refs\API 1102 Railroad_260606.xlsx","C:\Users\brook\OneDrive\Documents\Projects\Coding\Work\API 1102 Loading\Refs\API 1102 Railroad_260606.bak_20260606_231852.xlsx","Tables","B128","Figure 9","GHr","H_ft=6","8.0","1.08","1.081442","updated"
"Railroad","C:\Users\brook\OneDrive\Documents\Projects\Coding\Work\API 1102 Loading\Refs\API 1102 Railroad_260606.xlsx","C:\Users\brook\OneDrive\Documents\Projects\Coding\Work\API 1102 Loading\Refs\API 1102 Railroad_260606.bak_20260606_231852.xlsx","Tables","B129","Figure 9","GHr","H_ft=6","10.0","1.048","1.047295","updated"
"Railroad","C:\Users\brook\OneDrive\Documents\Projects\Coding\Work\API 1102 Loading\Refs\API 1102 Railroad_260606.xlsx","C:\Users\brook\OneDrive\Documents\Projects\Coding\Work\API 1102 Loading\Refs\API 1102 Railroad_260606.bak_20260606_231852.xlsx","Tables","B130","Figure 9","GHr","H_ft=6","12.0","1","1.001302","updated"
"Railroad","C:\Users\brook\OneDrive\Documents\Projects\Coding\Work\API 1102 Loading\Refs\API 1102 Railroad_260606.xlsx","C:\Users\brook\OneDrive\Documents\Projects\Coding\Work\API 1102 Loading\Refs\API 1102 Railroad_260606.bak_20260606_231852.xlsx","Tables","B131","Figure 9","GHr","H_ft=6","18.0","0.882","0.879038","updated"
"Railroad","C:\Users\brook\OneDrive\Documents\Projects\Coding\Work\API 1102 Loading\Refs\API 1102 Railroad_260606.xlsx","C:\Users\brook\OneDrive\Documents\Projects\Coding\Work\API 1102 Loading\Refs\API 1102 Railroad_260606.bak_20260606_231852.xlsx","Tables","B132","Figure 9","GHr","H_ft=6","24.0","0.781","0.777475","updated"
"Railroad","C:\Users\brook\OneDrive\Documents\Projects\Coding\Work\API 1102 Loading\Refs\API 1102 Railroad_260606.xlsx","C:\Users\brook\OneDrive\Documents\Projects\Coding\Work\API 1102 Loading\Refs\API 1102 Railroad_260606.bak_20260606_231852.xlsx","Tables","B133","Figure 9","GHr","H_ft=6","34.0","0.653","0.64846","updated"
"Railroad","C:\Users\brook\OneDrive\Documents\Projects\Coding\Work\API 1102 Loading\Refs\API 1102 Railroad_260606.xlsx","C:\Users\brook\OneDrive\Documents\Projects\Coding\Work\API 1102 Loading\Refs\API 1102 Railroad_260606.bak_20260606_231852.xlsx","Tables","B134","Figure 9","GHr","H_ft=6","42.0","0.579","0.5737","updated"
"Railroad","C:\Users\brook\OneDrive\Documents\Projects\Coding\Work\API 1102 Loading\Refs\API 1102 Railroad_260606.xlsx","C:\Users\brook\OneDrive\Documents\Projects\Coding\Work\API 1102 Loading\Refs\API 1102 Railroad_260606.bak_20260606_231852.xlsx","Tables","B135","Figure 9","GHr","H_ft=6","100.0","0.579","","skipped_no_digitized_value"
"Railroad","C:\Users\brook\OneDrive\Documents\Projects\Coding\Work\API 1102 Loading\Refs\API 1102 Railroad_260606.xlsx","C:\Users\brook\OneDrive\Documents\Projects\Coding\Work\API 1102 Loading\Refs\API 1102 Railroad_260606.bak_20260606_231852.xlsx","Tables","D124","Figure 9","GHr","H_ft=10","0.0","0.681","","skipped_no_digitized_value"
"Railroad","C:\Users\brook\OneDrive\Documents\Projects\Coding\Work\API 1102 Loading\Refs\API 1102 Railroad_260606.xlsx","C:\Users\brook\OneDrive\Documents\Projects\Coding\Work\API 1102 Loading\Refs\API 1102 Railroad_260606.bak_20260606_231852.xlsx","Tables","D125","Figure 9","GHr","H_ft=10","2.0","0.681","","skipped_no_digitized_value"
"Railroad","C:\Users\brook\OneDrive\Documents\Projects\Coding\Work\API 1102 Loading\Refs\API 1102 Railroad_260606.xlsx","C:\Users\brook\OneDrive\Documents\Projects\Coding\Work\API 1102 Loading\Refs\API 1102 Railroad_260606.bak_20260606_231852.xlsx","Tables","D126","Figure 9","GHr","H_ft=10","4.0","0.72","0.717101","updated"
"Railroad","C:\Users\brook\OneDrive\Documents\Projects\Coding\Work\API 1102 Loading\Refs\API 1102 Railroad_260606.xlsx","C:\Users\brook\OneDrive\Documents\Projects\Coding\Work\API 1102 Loading\Refs\API 1102 Railroad_260606.bak_20260606_231852.xlsx","Tables","D127","Figure 9","GHr","H_ft=10","6.0","0.73","0.726261","updated"
"Railroad","C:\Users\brook\OneDrive\Documents\Projects\Coding\Work\API 1102 Loading\Refs\API 1102 Railroad_260606.xlsx","C:\Users\brook\OneDrive\Documents\Projects\Coding\Work\API 1102 Loading\Refs\API 1102 Railroad_260606.bak_20260606_231852.xlsx","Tables","D128","Figure 9","GHr","H_ft=10","8.0","0.724","0.719288","updated"
"Railroad","C:\Users\brook\OneDrive\Documents\Projects\Coding\Work\API 1102 Loading\Refs\API 1102 Railroad_260606.xlsx","C:\Users\brook\OneDrive\Documents\Projects\Coding\Work\API 1102 Loading\Refs\API 1102 Railroad_260606.bak_20260606_231852.xlsx","Tables","D129","Figure 9","GHr","H_ft=10","10.0","0.706","0.700518","updated"
"Railroad","C:\Users\brook\OneDrive\Documents\Projects\Coding\Work\API 1102 Loading\Refs\API 1102 Railroad_260606.xlsx","C:\Users\brook\OneDrive\Documents\Projects\Coding\Work\API 1102 Loading\Refs\API 1102 Railroad_260606.bak_20260606_231852.xlsx","Tables","D130","Figure 9","GHr","H_ft=10","12.0","0.681","0.67834","updated"
"Railroad","C:\Users\brook\OneDrive\Documents\Projects\Coding\Work\API 1102 Loading\Refs\API 1102 Railroad_260606.xlsx","C:\Users\brook\OneDrive\Documents\Projects\Coding\Work\API 1102 Loading\Refs\API 1102 Railroad_260606.bak_20260606_231852.xlsx","Tables","D131","Figure 9","GHr","H_ft=10","18.0","0.625","0.618924","updated"
"Railroad","C:\Users\brook\OneDrive\Documents\Projects\Coding\Work\API 1102 Loading\Refs\API 1102 Railroad_260606.xlsx","C:\Users\brook\OneDrive\Documents\Projects\Coding\Work\API 1102 Loading\Refs\API 1102 Railroad_260606.bak_20260606_231852.xlsx","Tables","D132","Figure 9","GHr","H_ft=10","24.0","0.573","0.566887","updated"
"Railroad","C:\Users\brook\OneDrive\Documents\Projects\Coding\Work\API 1102 Loading\Refs\API 1102 Railroad_260606.xlsx","C:\Users\brook\OneDrive\Documents\Projects\Coding\Work\API 1102 Loading\Refs\API 1102 Railroad_260606.bak_20260606_231852.xlsx","Tables","D133","Figure 9","GHr","H_ft=10","34.0","0.501","0.49474","updated"
"Railroad","C:\Users\brook\OneDrive\Documents\Projects\Coding\Work\API 1102 Loading\Refs\API 1102 Railroad_260606.xlsx","C:\Users\brook\OneDrive\Documents\Projects\Coding\Work\API 1102 Loading\Refs\API 1102 Railroad_260606.bak_20260606_231852.xlsx","Tables","D134","Figure 9","GHr","H_ft=10","42.0","0.453","0.448114","updated"
"Railroad","C:\Users\brook\OneDrive\Documents\Projects\Coding\Work\API 1102 Loading\Refs\API 1102 Railroad_260606.xlsx","C:\Users\brook\OneDrive\Documents\Projects\Coding\Work\API 1102 Loading\Refs\API 1102 Railroad_260606.bak_20260606_231852.xlsx","Tables","D135","Figure 9","GHr","H_ft=10","100.0","0.453","","skipped_no_digitized_value"
"Railroad","C:\Users\brook\OneDrive\Documents\Projects\Coding\Work\API 1102 Loading\Refs\API 1102 Railroad_260606.xlsx","C:\Users\brook\OneDrive\Documents\Projects\Coding\Work\API 1102 Loading\Refs\API 1102 Railroad_260606.bak_20260606_231852.xlsx","Tables","F124","Figure 9","GHr","H_ft=14","0.0","0.486","","skipped_no_digitized_value"
"Railroad","C:\Users\brook\OneDrive\Documents\Projects\Coding\Work\API 1102 Loading\Refs\API 1102 Railroad_260606.xlsx","C:\Users\brook\OneDrive\Documents\Projects\Coding\Work\API 1102 Loading\Refs\API 1102 Railroad_260606.bak_20260606_231852.xlsx","Tables","F125","Figure 9","GHr","H_ft=14","2.0","0.486","0.481172","updated"
"Railroad","C:\Users\brook\OneDrive\Documents\Projects\Coding\Work\API 1102 Loading\Refs\API 1102 Railroad_260606.xlsx","C:\Users\brook\OneDrive\Documents\Projects\Coding\Work\API 1102 Loading\Refs\API 1102 Railroad_260606.bak_20260606_231852.xlsx","Tables","F126","Figure 9","GHr","H_ft=14","4.0","0.513","0.505834","updated"
"Railroad","C:\Users\brook\OneDrive\Documents\Projects\Coding\Work\API 1102 Loading\Refs\API 1102 Railroad_260606.xlsx","C:\Users\brook\OneDrive\Documents\Projects\Coding\Work\API 1102 Loading\Refs\API 1102 Railroad_260606.bak_20260606_231852.xlsx","Tables","F127","Figure 9","GHr","H_ft=14","6.0","0.513","0.507102","updated"
"Railroad","C:\Users\brook\OneDrive\Documents\Projects\Coding\Work\API 1102 Loading\Refs\API 1102 Railroad_260606.xlsx","C:\Users\brook\OneDrive\Documents\Projects\Coding\Work\API 1102 Loading\Refs\API 1102 Railroad_260606.bak_20260606_231852.xlsx","Tables","F128","Figure 9","GHr","H_ft=14","8.0","0.507","0.500979","updated"
"Railroad","C:\Users\brook\OneDrive\Documents\Projects\Coding\Work\API 1102 Loading\Refs\API 1102 Railroad_260606.xlsx","C:\Users\brook\OneDrive\Documents\Projects\Coding\Work\API 1102 Loading\Refs\API 1102 Railroad_260606.bak_20260606_231852.xlsx","Tables","F129","Figure 9","GHr","H_ft=14","10.0","0.495","0.489373","updated"
"Railroad","C:\Users\brook\OneDrive\Documents\Projects\Coding\Work\API 1102 Loading\Refs\API 1102 Railroad_260606.xlsx","C:\Users\brook\OneDrive\Documents\Projects\Coding\Work\API 1102 Loading\Refs\API 1102 Railroad_260606.bak_20260606_231852.xlsx","Tables","F130","Figure 9","GHr","H_ft=14","12.0","0.483","0.477333","updated"
"Railroad","C:\Users\brook\OneDrive\Documents\Projects\Coding\Work\API 1102 Loading\Refs\API 1102 Railroad_260606.xlsx","C:\Users\brook\OneDrive\Documents\Projects\Coding\Work\API 1102 Loading\Refs\API 1102 Railroad_260606.bak_20260606_231852.xlsx","Tables","F131","Figure 9","GHr","H_ft=14","18.0","0.451","0.445342","updated"
"Railroad","C:\Users\brook\OneDrive\Documents\Projects\Coding\Work\API 1102 Loading\Refs\API 1102 Railroad_260606.xlsx","C:\Users\brook\OneDrive\Documents\Projects\Coding\Work\API 1102 Loading\Refs\API 1102 Railroad_260606.bak_20260606_231852.xlsx","Tables","F132","Figure 9","GHr","H_ft=14","24.0","0.421","0.415546","updated"
"Railroad","C:\Users\brook\OneDrive\Documents\Projects\Coding\Work\API 1102 Loading\Refs\API 1102 Railroad_260606.xlsx","C:\Users\brook\OneDrive\Documents\Projects\Coding\Work\API 1102 Loading\Refs\API 1102 Railroad_260606.bak_20260606_231852.xlsx","Tables","F133","Figure 9","GHr","H_ft=14","34.0","0.374","0.369581","updated"
"Railroad","C:\Users\brook\OneDrive\Documents\Projects\Coding\Work\API 1102 Loading\Refs\API 1102 Railroad_260606.xlsx","C:\Users\brook\OneDrive\Documents\Projects\Coding\Work\API 1102 Loading\Refs\API 1102 Railroad_260606.bak_20260606_231852.xlsx","Tables","F134","Figure 9","GHr","H_ft=14","42.0","0.34","0.33503","updated"
"Railroad","C:\Users\brook\OneDrive\Documents\Projects\Coding\Work\API 1102 Loading\Refs\API 1102 Railroad_260606.xlsx","C:\Users\brook\OneDrive\Documents\Projects\Coding\Work\API 1102 Loading\Refs\API 1102 Railroad_260606.bak_20260606_231852.xlsx","Tables","F135","Figure 9","GHr","H_ft=14","100.0","0.34","","skipped_no_digitized_value"
"Railroad","C:\Users\brook\OneDrive\Documents\Projects\Coding\Work\API 1102 Loading\Refs\API 1102 Railroad_260606.xlsx","C:\Users\brook\OneDrive\Documents\Projects\Coding\Work\API 1102 Loading\Refs\API 1102 Railroad_260606.bak_20260606_231852.xlsx","Tables","B140","Figure 10","NH","H_ft=6","0.0","1.0628","","skipped_no_digitized_value"
"Railroad","C:\Users\brook\OneDrive\Documents\Projects\Coding\Work\API 1102 Loading\Refs\API 1102 Railroad_260606.xlsx","C:\Users\brook\OneDrive\Documents\Projects\Coding\Work\API 1102 Loading\Refs\API 1102 Railroad_260606.bak_20260606_231852.xlsx","Tables","B141","Figure 10","NH","H_ft=6","2.0","1.0628","1.064591","updated"
"Railroad","C:\Users\brook\OneDrive\Documents\Projects\Coding\Work\API 1102 Loading\Refs\API 1102 Railroad_260606.xlsx","C:\Users\brook\OneDrive\Documents\Projects\Coding\Work\API 1102 Loading\Refs\API 1102 Railroad_260606.bak_20260606_231852.xlsx","Tables","B142","Figure 10","NH","H_ft=6","42.0","1.3496","","skipped_no_digitized_value"
"Railroad","C:\Users\brook\OneDrive\Documents\Projects\Coding\Work\API 1102 Loading\Refs\API 1102 Railroad_260606.xlsx","C:\Users\brook\OneDrive\Documents\Projects\Coding\Work\API 1102 Loading\Refs\API 1102 Railroad_260606.bak_20260606_231852.xlsx","Tables","B143","Figure 10","NH","H_ft=6","100.0","1.76286305","","skipped_no_digitized_value"
"Railroad","C:\Users\brook\OneDrive\Documents\Projects\Coding\Work\API 1102 Loading\Refs\API 1102 Railroad_260606.xlsx","C:\Users\brook\OneDrive\Documents\Projects\Coding\Work\API 1102 Loading\Refs\API 1102 Railroad_260606.bak_20260606_231852.xlsx","Tables","D140","Figure 10","NH","H_ft=10","0.0","1.2107","","skipped_no_digitized_value"
"Railroad","C:\Users\brook\OneDrive\Documents\Projects\Coding\Work\API 1102 Loading\Refs\API 1102 Railroad_260606.xlsx","C:\Users\brook\OneDrive\Documents\Projects\Coding\Work\API 1102 Loading\Refs\API 1102 Railroad_260606.bak_20260606_231852.xlsx","Tables","D141","Figure 10","NH","H_ft=10","2.0","1.2107","","skipped_no_digitized_value"
"Railroad","C:\Users\brook\OneDrive\Documents\Projects\Coding\Work\API 1102 Loading\Refs\API 1102 Railroad_260606.xlsx","C:\Users\brook\OneDrive\Documents\Projects\Coding\Work\API 1102 Loading\Refs\API 1102 Railroad_260606.bak_20260606_231852.xlsx","Tables","D142","Figure 10","NH","H_ft=10","42.0","1.4106","","skipped_no_digitized_value"
"Railroad","C:\Users\brook\OneDrive\Documents\Projects\Coding\Work\API 1102 Loading\Refs\API 1102 Railroad_260606.xlsx","C:\Users\brook\OneDrive\Documents\Projects\Coding\Work\API 1102 Loading\Refs\API 1102 Railroad_260606.bak_20260606_231852.xlsx","Tables","D143","Figure 10","NH","H_ft=10","100.0","1.700455","","skipped_no_digitized_value"
"Railroad","C:\Users\brook\OneDrive\Documents\Projects\Coding\Work\API 1102 Loading\Refs\API 1102 Railroad_260606.xlsx","C:\Users\brook\OneDrive\Documents\Projects\Coding\Work\API 1102 Loading\Refs\API 1102 Railroad_260606.bak_20260606_231852.xlsx","Tables","F140","Figure 10","NH","H_ft=14","0.0","1.3595","","skipped_no_digitized_value"
"Railroad","C:\Users\brook\OneDrive\Documents\Projects\Coding\Work\API 1102 Loading\Refs\API 1102 Railroad_260606.xlsx","C:\Users\brook\OneDrive\Documents\Projects\Coding\Work\API 1102 Loading\Refs\API 1102 Railroad_260606.bak_20260606_231852.xlsx","Tables","F141","Figure 10","NH","H_ft=14","2.0","1.3595","","skipped_no_digitized_value"
"Railroad","C:\Users\brook\OneDrive\Documents\Projects\Coding\Work\API 1102 Loading\Refs\API 1102 Railroad_260606.xlsx","C:\Users\brook\OneDrive\Documents\Projects\Coding\Work\API 1102 Loading\Refs\API 1102 Railroad_260606.bak_20260606_231852.xlsx","Tables","F142","Figure 10","NH","H_ft=14","42.0","1.562","","skipped_no_digitized_value"
"Railroad","C:\Users\brook\OneDrive\Documents\Projects\Coding\Work\API 1102 Loading\Refs\API 1102 Railroad_260606.xlsx","C:\Users\brook\OneDrive\Documents\Projects\Coding\Work\API 1102 Loading\Refs\API 1102 Railroad_260606.bak_20260606_231852.xlsx","Tables","F143","Figure 10","NH","H_ft=14","100.0","1.855625","","skipped_no_digitized_value"
"Railroad","C:\Users\brook\OneDrive\Documents\Projects\Coding\Work\API 1102 Loading\Refs\API 1102 Railroad_260606.xlsx","C:\Users\brook\OneDrive\Documents\Projects\Coding\Work\API 1102 Loading\Refs\API 1102 Railroad_260606.bak_20260606_231852.xlsx","Tables","B246","Figure 11","KLr","Er_ksi=5","0.0","550","","skipped_no_digitized_value"
"Railroad","C:\Users\brook\OneDrive\Documents\Projects\Coding\Work\API 1102 Loading\Refs\API 1102 Railroad_260606.xlsx","C:\Users\brook\OneDrive\Documents\Projects\Coding\Work\API 1102 Loading\Refs\API 1102 Railroad_260606.bak_20260606_231852.xlsx","Tables","B247","Figure 11","KLr","Er_ksi=5","0.0103","550","548.529787","updated"
"Railroad","C:\Users\brook\OneDrive\Documents\Projects\Coding\Work\API 1102 Loading\Refs\API 1102 Railroad_260606.xlsx","C:\Users\brook\OneDrive\Documents\Projects\Coding\Work\API 1102 Loading\Refs\API 1102 Railroad_260606.bak_20260606_231852.xlsx","Tables","B248","Figure 11","KLr","Er_ksi=5","0.015","500","498.624251","updated"
"Railroad","C:\Users\brook\OneDrive\Documents\Projects\Coding\Work\API 1102 Loading\Refs\API 1102 Railroad_260606.xlsx","C:\Users\brook\OneDrive\Documents\Projects\Coding\Work\API 1102 Loading\Refs\API 1102 Railroad_260606.bak_20260606_231852.xlsx","Tables","B249","Figure 11","KLr","Er_ksi=5","0.02","462","461.492715","updated"
"Railroad","C:\Users\brook\OneDrive\Documents\Projects\Coding\Work\API 1102 Loading\Refs\API 1102 Railroad_260606.xlsx","C:\Users\brook\OneDrive\Documents\Projects\Coding\Work\API 1102 Loading\Refs\API 1102 Railroad_260606.bak_20260606_231852.xlsx","Tables","B250","Figure 11","KLr","Er_ksi=5","0.03","412","411.461052","updated"
"Railroad","C:\Users\brook\OneDrive\Documents\Projects\Coding\Work\API 1102 Loading\Refs\API 1102 Railroad_260606.xlsx","C:\Users\brook\OneDrive\Documents\Projects\Coding\Work\API 1102 Loading\Refs\API 1102 Railroad_260606.bak_20260606_231852.xlsx","Tables","B251","Figure 11","KLr","Er_ksi=5","0.05","318","338.231402","updated"
"Railroad","C:\Users\brook\OneDrive\Documents\Projects\Coding\Work\API 1102 Loading\Refs\API 1102 Railroad_260606.xlsx","C:\Users\brook\OneDrive\Documents\Projects\Coding\Work\API 1102 Loading\Refs\API 1102 Railroad_260606.bak_20260606_231852.xlsx","Tables","B252","Figure 11","KLr","Er_ksi=5","0.08","228","229.420272","updated"
"Railroad","C:\Users\brook\OneDrive\Documents\Projects\Coding\Work\API 1102 Loading\Refs\API 1102 Railroad_260606.xlsx","C:\Users\brook\OneDrive\Documents\Projects\Coding\Work\API 1102 Loading\Refs\API 1102 Railroad_260606.bak_20260606_231852.xlsx","Tables","B253","Figure 11","KLr","Er_ksi=5","5.0","228","","skipped_no_digitized_value"
"Railroad","C:\Users\brook\OneDrive\Documents\Projects\Coding\Work\API 1102 Loading\Refs\API 1102 Railroad_260606.xlsx","C:\Users\brook\OneDrive\Documents\Projects\Coding\Work\API 1102 Loading\Refs\API 1102 Railroad_260606.bak_20260606_231852.xlsx","Tables","D246","Figure 11","KLr","Er_ksi=10","0.0","384","","skipped_no_digitized_value"
"Railroad","C:\Users\brook\OneDrive\Documents\Projects\Coding\Work\API 1102 Loading\Refs\API 1102 Railroad_260606.xlsx","C:\Users\brook\OneDrive\Documents\Projects\Coding\Work\API 1102 Loading\Refs\API 1102 Railroad_260606.bak_20260606_231852.xlsx","Tables","D247","Figure 11","KLr","Er_ksi=10","0.0103","384","381.395853","updated"
"Railroad","C:\Users\brook\OneDrive\Documents\Projects\Coding\Work\API 1102 Loading\Refs\API 1102 Railroad_260606.xlsx","C:\Users\brook\OneDrive\Documents\Projects\Coding\Work\API 1102 Loading\Refs\API 1102 Railroad_260606.bak_20260606_231852.xlsx","Tables","D248","Figure 11","KLr","Er_ksi=10","0.015","340","341.117247","updated"
"Railroad","C:\Users\brook\OneDrive\Documents\Projects\Coding\Work\API 1102 Loading\Refs\API 1102 Railroad_260606.xlsx","C:\Users\brook\OneDrive\Documents\Projects\Coding\Work\API 1102 Loading\Refs\API 1102 Railroad_260606.bak_20260606_231852.xlsx","Tables","D249","Figure 11","KLr","Er_ksi=10","0.02","313","314.10277","updated"
"Railroad","C:\Users\brook\OneDrive\Documents\Projects\Coding\Work\API 1102 Loading\Refs\API 1102 Railroad_260606.xlsx","C:\Users\brook\OneDrive\Documents\Projects\Coding\Work\API 1102 Loading\Refs\API 1102 Railroad_260606.bak_20260606_231852.xlsx","Tables","D250","Figure 11","KLr","Er_ksi=10","0.03","274","276.452651","updated"
"Railroad","C:\Users\brook\OneDrive\Documents\Projects\Coding\Work\API 1102 Loading\Refs\API 1102 Railroad_260606.xlsx","C:\Users\brook\OneDrive\Documents\Projects\Coding\Work\API 1102 Loading\Refs\API 1102 Railroad_260606.bak_20260606_231852.xlsx","Tables","D251","Figure 11","KLr","Er_ksi=10","0.05","212","223.634719","updated"
"Railroad","C:\Users\brook\OneDrive\Documents\Projects\Coding\Work\API 1102 Loading\Refs\API 1102 Railroad_260606.xlsx","C:\Users\brook\OneDrive\Documents\Projects\Coding\Work\API 1102 Loading\Refs\API 1102 Railroad_260606.bak_20260606_231852.xlsx","Tables","D252","Figure 11","KLr","Er_ksi=10","0.08","169","170.433559","updated"
"Railroad","C:\Users\brook\OneDrive\Documents\Projects\Coding\Work\API 1102 Loading\Refs\API 1102 Railroad_260606.xlsx","C:\Users\brook\OneDrive\Documents\Projects\Coding\Work\API 1102 Loading\Refs\API 1102 Railroad_260606.bak_20260606_231852.xlsx","Tables","D253","Figure 11","KLr","Er_ksi=10","5.0","169","","skipped_no_digitized_value"
"Railroad","C:\Users\brook\OneDrive\Documents\Projects\Coding\Work\API 1102 Loading\Refs\API 1102 Railroad_260606.xlsx","C:\Users\brook\OneDrive\Documents\Projects\Coding\Work\API 1102 Loading\Refs\API 1102 Railroad_260606.bak_20260606_231852.xlsx","Tables","F246","Figure 11","KLr","Er_ksi=20","0.0","258","","skipped_no_digitized_value"
"Railroad","C:\Users\brook\OneDrive\Documents\Projects\Coding\Work\API 1102 Loading\Refs\API 1102 Railroad_260606.xlsx","C:\Users\brook\OneDrive\Documents\Projects\Coding\Work\API 1102 Loading\Refs\API 1102 Railroad_260606.bak_20260606_231852.xlsx","Tables","F247","Figure 11","KLr","Er_ksi=20","0.0103","258","","skipped_no_digitized_value"
"Railroad","C:\Users\brook\OneDrive\Documents\Projects\Coding\Work\API 1102 Loading\Refs\API 1102 Railroad_260606.xlsx","C:\Users\brook\OneDrive\Documents\Projects\Coding\Work\API 1102 Loading\Refs\API 1102 Railroad_260606.bak_20260606_231852.xlsx","Tables","F248","Figure 11","KLr","Er_ksi=20","0.015","232","234.317949","updated"
"Railroad","C:\Users\brook\OneDrive\Documents\Projects\Coding\Work\API 1102 Loading\Refs\API 1102 Railroad_260606.xlsx","C:\Users\brook\OneDrive\Documents\Projects\Coding\Work\API 1102 Loading\Refs\API 1102 Railroad_260606.bak_20260606_231852.xlsx","Tables","F249","Figure 11","KLr","Er_ksi=20","0.02","216","217.361365","updated"
"Railroad","C:\Users\brook\OneDrive\Documents\Projects\Coding\Work\API 1102 Loading\Refs\API 1102 Railroad_260606.xlsx","C:\Users\brook\OneDrive\Documents\Projects\Coding\Work\API 1102 Loading\Refs\API 1102 Railroad_260606.bak_20260606_231852.xlsx","Tables","F250","Figure 11","KLr","Er_ksi=20","0.03","192","193.202725","updated"
"Railroad","C:\Users\brook\OneDrive\Documents\Projects\Coding\Work\API 1102 Loading\Refs\API 1102 Railroad_260606.xlsx","C:\Users\brook\OneDrive\Documents\Projects\Coding\Work\API 1102 Loading\Refs\API 1102 Railroad_260606.bak_20260606_231852.xlsx","Tables","F251","Figure 11","KLr","Er_ksi=20","0.05","152","160.313324","updated"
"Railroad","C:\Users\brook\OneDrive\Documents\Projects\Coding\Work\API 1102 Loading\Refs\API 1102 Railroad_260606.xlsx","C:\Users\brook\OneDrive\Documents\Projects\Coding\Work\API 1102 Loading\Refs\API 1102 Railroad_260606.bak_20260606_231852.xlsx","Tables","F252","Figure 11","KLr","Er_ksi=20","0.08","126","126.496284","updated"
"Railroad","C:\Users\brook\OneDrive\Documents\Projects\Coding\Work\API 1102 Loading\Refs\API 1102 Railroad_260606.xlsx","C:\Users\brook\OneDrive\Documents\Projects\Coding\Work\API 1102 Loading\Refs\API 1102 Railroad_260606.bak_20260606_231852.xlsx","Tables","F253","Figure 11","KLr","Er_ksi=20","5.0","126","","skipped_no_digitized_value"
"Railroad","C:\Users\brook\OneDrive\Documents\Projects\Coding\Work\API 1102 Loading\Refs\API 1102 Railroad_260606.xlsx","C:\Users\brook\OneDrive\Documents\Projects\Coding\Work\API 1102 Loading\Refs\API 1102 Railroad_260606.bak_20260606_231852.xlsx","Tables","B262","Figure 12","GLr","H_ft=6","0.0","2.261","","skipped_no_digitized_value"
"Railroad","C:\Users\brook\OneDrive\Documents\Projects\Coding\Work\API 1102 Loading\Refs\API 1102 Railroad_260606.xlsx","C:\Users\brook\OneDrive\Documents\Projects\Coding\Work\API 1102 Loading\Refs\API 1102 Railroad_260606.bak_20260606_231852.xlsx","Tables","B263","Figure 12","GLr","H_ft=6","2.0","2.261","","skipped_no_digitized_value"
"Railroad","C:\Users\brook\OneDrive\Documents\Projects\Coding\Work\API 1102 Loading\Refs\API 1102 Railroad_260606.xlsx","C:\Users\brook\OneDrive\Documents\Projects\Coding\Work\API 1102 Loading\Refs\API 1102 Railroad_260606.bak_20260606_231852.xlsx","Tables","B264","Figure 12","GLr","H_ft=6","4.0","1.531","1.536325","updated"
"Railroad","C:\Users\brook\OneDrive\Documents\Projects\Coding\Work\API 1102 Loading\Refs\API 1102 Railroad_260606.xlsx","C:\Users\brook\OneDrive\Documents\Projects\Coding\Work\API 1102 Loading\Refs\API 1102 Railroad_260606.bak_20260606_231852.xlsx","Tables","B265","Figure 12","GLr","H_ft=6","6.0","1.245","1.26056","updated"
"Railroad","C:\Users\brook\OneDrive\Documents\Projects\Coding\Work\API 1102 Loading\Refs\API 1102 Railroad_260606.xlsx","C:\Users\brook\OneDrive\Documents\Projects\Coding\Work\API 1102 Loading\Refs\API 1102 Railroad_260606.bak_20260606_231852.xlsx","Tables","B266","Figure 12","GLr","H_ft=6","8.0","1.115","1.12589","updated"
"Railroad","C:\Users\brook\OneDrive\Documents\Projects\Coding\Work\API 1102 Loading\Refs\API 1102 Railroad_260606.xlsx","C:\Users\brook\OneDrive\Documents\Projects\Coding\Work\API 1102 Loading\Refs\API 1102 Railroad_260606.bak_20260606_231852.xlsx","Tables","B267","Figure 12","GLr","H_ft=6","10.0","1.038","1.043968","updated"
"Railroad","C:\Users\brook\OneDrive\Documents\Projects\Coding\Work\API 1102 Loading\Refs\API 1102 Railroad_260606.xlsx","C:\Users\brook\OneDrive\Documents\Projects\Coding\Work\API 1102 Loading\Refs\API 1102 Railroad_260606.bak_20260606_231852.xlsx","Tables","B268","Figure 12","GLr","H_ft=6","12.0","0.987","0.993222","updated"
"Railroad","C:\Users\brook\OneDrive\Documents\Projects\Coding\Work\API 1102 Loading\Refs\API 1102 Railroad_260606.xlsx","C:\Users\brook\OneDrive\Documents\Projects\Coding\Work\API 1102 Loading\Refs\API 1102 Railroad_260606.bak_20260606_231852.xlsx","Tables","B269","Figure 12","GLr","H_ft=6","26.0","0.7","0.704801","updated"
"Railroad","C:\Users\brook\OneDrive\Documents\Projects\Coding\Work\API 1102 Loading\Refs\API 1102 Railroad_260606.xlsx","C:\Users\brook\OneDrive\Documents\Projects\Coding\Work\API 1102 Loading\Refs\API 1102 Railroad_260606.bak_20260606_231852.xlsx","Tables","B270","Figure 12","GLr","H_ft=6","42.0","0.404","","skipped_no_digitized_value"
"Railroad","C:\Users\brook\OneDrive\Documents\Projects\Coding\Work\API 1102 Loading\Refs\API 1102 Railroad_260606.xlsx","C:\Users\brook\OneDrive\Documents\Projects\Coding\Work\API 1102 Loading\Refs\API 1102 Railroad_260606.bak_20260606_231852.xlsx","Tables","B271","Figure 12","GLr","H_ft=6","100.0","0.404","","skipped_no_digitized_value"
"Railroad","C:\Users\brook\OneDrive\Documents\Projects\Coding\Work\API 1102 Loading\Refs\API 1102 Railroad_260606.xlsx","C:\Users\brook\OneDrive\Documents\Projects\Coding\Work\API 1102 Loading\Refs\API 1102 Railroad_260606.bak_20260606_231852.xlsx","Tables","D262","Figure 12","GLr","H_ft=10","0.0","1.705","","skipped_no_digitized_value"
"Railroad","C:\Users\brook\OneDrive\Documents\Projects\Coding\Work\API 1102 Loading\Refs\API 1102 Railroad_260606.xlsx","C:\Users\brook\OneDrive\Documents\Projects\Coding\Work\API 1102 Loading\Refs\API 1102 Railroad_260606.bak_20260606_231852.xlsx","Tables","D263","Figure 12","GLr","H_ft=10","2.0","1.705","1.68224","updated"
"Railroad","C:\Users\brook\OneDrive\Documents\Projects\Coding\Work\API 1102 Loading\Refs\API 1102 Railroad_260606.xlsx","C:\Users\brook\OneDrive\Documents\Projects\Coding\Work\API 1102 Loading\Refs\API 1102 Railroad_260606.bak_20260606_231852.xlsx","Tables","D264","Figure 12","GLr","H_ft=10","4.0","1.117","1.124322","updated"
"Railroad","C:\Users\brook\OneDrive\Documents\Projects\Coding\Work\API 1102 Loading\Refs\API 1102 Railroad_260606.xlsx","C:\Users\brook\OneDrive\Documents\Projects\Coding\Work\API 1102 Loading\Refs\API 1102 Railroad_260606.bak_20260606_231852.xlsx","Tables","D265","Figure 12","GLr","H_ft=10","6.0","0.916","0.920036","updated"
"Railroad","C:\Users\brook\OneDrive\Documents\Projects\Coding\Work\API 1102 Loading\Refs\API 1102 Railroad_260606.xlsx","C:\Users\brook\OneDrive\Documents\Projects\Coding\Work\API 1102 Loading\Refs\API 1102 Railroad_260606.bak_20260606_231852.xlsx","Tables","D266","Figure 12","GLr","H_ft=10","8.0","0.819","0.823262","updated"
"Railroad","C:\Users\brook\OneDrive\Documents\Projects\Coding\Work\API 1102 Loading\Refs\API 1102 Railroad_260606.xlsx","C:\Users\brook\OneDrive\Documents\Projects\Coding\Work\API 1102 Loading\Refs\API 1102 Railroad_260606.bak_20260606_231852.xlsx","Tables","D267","Figure 12","GLr","H_ft=10","10.0","0.773","0.778737","updated"
"Railroad","C:\Users\brook\OneDrive\Documents\Projects\Coding\Work\API 1102 Loading\Refs\API 1102 Railroad_260606.xlsx","C:\Users\brook\OneDrive\Documents\Projects\Coding\Work\API 1102 Loading\Refs\API 1102 Railroad_260606.bak_20260606_231852.xlsx","Tables","D268","Figure 12","GLr","H_ft=10","12.0","0.74","0.743682","updated"
"Railroad","C:\Users\brook\OneDrive\Documents\Projects\Coding\Work\API 1102 Loading\Refs\API 1102 Railroad_260606.xlsx","C:\Users\brook\OneDrive\Documents\Projects\Coding\Work\API 1102 Loading\Refs\API 1102 Railroad_260606.bak_20260606_231852.xlsx","Tables","D269","Figure 12","GLr","H_ft=10","26.0","0.532","0.53173","updated"
"Railroad","C:\Users\brook\OneDrive\Documents\Projects\Coding\Work\API 1102 Loading\Refs\API 1102 Railroad_260606.xlsx","C:\Users\brook\OneDrive\Documents\Projects\Coding\Work\API 1102 Loading\Refs\API 1102 Railroad_260606.bak_20260606_231852.xlsx","Tables","D270","Figure 12","GLr","H_ft=10","42.0","0.312","","skipped_no_digitized_value"
"Railroad","C:\Users\brook\OneDrive\Documents\Projects\Coding\Work\API 1102 Loading\Refs\API 1102 Railroad_260606.xlsx","C:\Users\brook\OneDrive\Documents\Projects\Coding\Work\API 1102 Loading\Refs\API 1102 Railroad_260606.bak_20260606_231852.xlsx","Tables","D271","Figure 12","GLr","H_ft=10","100.0","0.312","","skipped_no_digitized_value"
"Railroad","C:\Users\brook\OneDrive\Documents\Projects\Coding\Work\API 1102 Loading\Refs\API 1102 Railroad_260606.xlsx","C:\Users\brook\OneDrive\Documents\Projects\Coding\Work\API 1102 Loading\Refs\API 1102 Railroad_260606.bak_20260606_231852.xlsx","Tables","F262","Figure 12","GLr","H_ft=14","0.0","1.243","","skipped_no_digitized_value"
"Railroad","C:\Users\brook\OneDrive\Documents\Projects\Coding\Work\API 1102 Loading\Refs\API 1102 Railroad_260606.xlsx","C:\Users\brook\OneDrive\Documents\Projects\Coding\Work\API 1102 Loading\Refs\API 1102 Railroad_260606.bak_20260606_231852.xlsx","Tables","F263","Figure 12","GLr","H_ft=14","2.0","1.243","1.227603","updated"
"Railroad","C:\Users\brook\OneDrive\Documents\Projects\Coding\Work\API 1102 Loading\Refs\API 1102 Railroad_260606.xlsx","C:\Users\brook\OneDrive\Documents\Projects\Coding\Work\API 1102 Loading\Refs\API 1102 Railroad_260606.bak_20260606_231852.xlsx","Tables","F264","Figure 12","GLr","H_ft=14","4.0","0.852","0.853565","updated"
"Railroad","C:\Users\brook\OneDrive\Documents\Projects\Coding\Work\API 1102 Loading\Refs\API 1102 Railroad_260606.xlsx","C:\Users\brook\OneDrive\Documents\Projects\Coding\Work\API 1102 Loading\Refs\API 1102 Railroad_260606.bak_20260606_231852.xlsx","Tables","F265","Figure 12","GLr","H_ft=14","6.0","0.679","0.680279","updated"
"Railroad","C:\Users\brook\OneDrive\Documents\Projects\Coding\Work\API 1102 Loading\Refs\API 1102 Railroad_260606.xlsx","C:\Users\brook\OneDrive\Documents\Projects\Coding\Work\API 1102 Loading\Refs\API 1102 Railroad_260606.bak_20260606_231852.xlsx","Tables","F266","Figure 12","GLr","H_ft=14","8.0","0.582","0.583892","updated"
"Railroad","C:\Users\brook\OneDrive\Documents\Projects\Coding\Work\API 1102 Loading\Refs\API 1102 Railroad_260606.xlsx","C:\Users\brook\OneDrive\Documents\Projects\Coding\Work\API 1102 Loading\Refs\API 1102 Railroad_260606.bak_20260606_231852.xlsx","Tables","F267","Figure 12","GLr","H_ft=14","10.0","0.541","0.5406","updated"
"Railroad","C:\Users\brook\OneDrive\Documents\Projects\Coding\Work\API 1102 Loading\Refs\API 1102 Railroad_260606.xlsx","C:\Users\brook\OneDrive\Documents\Projects\Coding\Work\API 1102 Loading\Refs\API 1102 Railroad_260606.bak_20260606_231852.xlsx","Tables","F268","Figure 12","GLr","H_ft=14","12.0","0.516","0.516856","updated"
"Railroad","C:\Users\brook\OneDrive\Documents\Projects\Coding\Work\API 1102 Loading\Refs\API 1102 Railroad_260606.xlsx","C:\Users\brook\OneDrive\Documents\Projects\Coding\Work\API 1102 Loading\Refs\API 1102 Railroad_260606.bak_20260606_231852.xlsx","Tables","F269","Figure 12","GLr","H_ft=14","26.0","0.381","0.364012","updated"
"Railroad","C:\Users\brook\OneDrive\Documents\Projects\Coding\Work\API 1102 Loading\Refs\API 1102 Railroad_260606.xlsx","C:\Users\brook\OneDrive\Documents\Projects\Coding\Work\API 1102 Loading\Refs\API 1102 Railroad_260606.bak_20260606_231852.xlsx","Tables","F270","Figure 12","GLr","H_ft=14","42.0","0.231","","skipped_no_digitized_value"
"Railroad","C:\Users\brook\OneDrive\Documents\Projects\Coding\Work\API 1102 Loading\Refs\API 1102 Railroad_260606.xlsx","C:\Users\brook\OneDrive\Documents\Projects\Coding\Work\API 1102 Loading\Refs\API 1102 Railroad_260606.bak_20260606_231852.xlsx","Tables","F271","Figure 12","GLr","H_ft=14","100.0","0.231","","skipped_no_digitized_value"
"Railroad","C:\Users\brook\OneDrive\Documents\Projects\Coding\Work\API 1102 Loading\Refs\API 1102 Railroad_260606.xlsx","C:\Users\brook\OneDrive\Documents\Projects\Coding\Work\API 1102 Loading\Refs\API 1102 Railroad_260606.bak_20260606_231852.xlsx","Tables","B276","Figure 13","NL","H_ft=6","0.0","1.033","","skipped_no_digitized_value"
"Railroad","C:\Users\brook\OneDrive\Documents\Projects\Coding\Work\API 1102 Loading\Refs\API 1102 Railroad_260606.xlsx","C:\Users\brook\OneDrive\Documents\Projects\Coding\Work\API 1102 Loading\Refs\API 1102 Railroad_260606.bak_20260606_231852.xlsx","Tables","B277","Figure 13","NL","H_ft=6","2.19","1.033","","skipped_no_digitized_value"
"Railroad","C:\Users\brook\OneDrive\Documents\Projects\Coding\Work\API 1102 Loading\Refs\API 1102 Railroad_260606.xlsx","C:\Users\brook\OneDrive\Documents\Projects\Coding\Work\API 1102 Loading\Refs\API 1102 Railroad_260606.bak_20260606_231852.xlsx","Tables","B278","Figure 13","NL","H_ft=6","14.238","1.019","1.018843","updated"
"Railroad","C:\Users\brook\OneDrive\Documents\Projects\Coding\Work\API 1102 Loading\Refs\API 1102 Railroad_260606.xlsx","C:\Users\brook\OneDrive\Documents\Projects\Coding\Work\API 1102 Loading\Refs\API 1102 Railroad_260606.bak_20260606_231852.xlsx","Tables","B279","Figure 13","NL","H_ft=6","24.507","1.008","1.0143","updated"
"Railroad","C:\Users\brook\OneDrive\Documents\Projects\Coding\Work\API 1102 Loading\Refs\API 1102 Railroad_260606.xlsx","C:\Users\brook\OneDrive\Documents\Projects\Coding\Work\API 1102 Loading\Refs\API 1102 Railroad_260606.bak_20260606_231852.xlsx","Tables","B280","Figure 13","NL","H_ft=6","42.0","1.29","1.29275","updated"
"Railroad","C:\Users\brook\OneDrive\Documents\Projects\Coding\Work\API 1102 Loading\Refs\API 1102 Railroad_260606.xlsx","C:\Users\brook\OneDrive\Documents\Projects\Coding\Work\API 1102 Loading\Refs\API 1102 Railroad_260606.bak_20260606_231852.xlsx","Tables","B281","Figure 13","NL","H_ft=6","100.0","2.21598215000286","","skipped_no_digitized_value"
"Railroad","C:\Users\brook\OneDrive\Documents\Projects\Coding\Work\API 1102 Loading\Refs\API 1102 Railroad_260606.xlsx","C:\Users\brook\OneDrive\Documents\Projects\Coding\Work\API 1102 Loading\Refs\API 1102 Railroad_260606.bak_20260606_231852.xlsx","Tables","D276","Figure 13","NL","H_ft=10","0.0","1.033","","skipped_no_digitized_value"
"Railroad","C:\Users\brook\OneDrive\Documents\Projects\Coding\Work\API 1102 Loading\Refs\API 1102 Railroad_260606.xlsx","C:\Users\brook\OneDrive\Documents\Projects\Coding\Work\API 1102 Loading\Refs\API 1102 Railroad_260606.bak_20260606_231852.xlsx","Tables","D277","Figure 13","NL","H_ft=10","2.19","1.033","","skipped_no_digitized_value"
"Railroad","C:\Users\brook\OneDrive\Documents\Projects\Coding\Work\API 1102 Loading\Refs\API 1102 Railroad_260606.xlsx","C:\Users\brook\OneDrive\Documents\Projects\Coding\Work\API 1102 Loading\Refs\API 1102 Railroad_260606.bak_20260606_231852.xlsx","Tables","D278","Figure 13","NL","H_ft=10","14.238","1.07","1.070368","updated"
"Railroad","C:\Users\brook\OneDrive\Documents\Projects\Coding\Work\API 1102 Loading\Refs\API 1102 Railroad_260606.xlsx","C:\Users\brook\OneDrive\Documents\Projects\Coding\Work\API 1102 Loading\Refs\API 1102 Railroad_260606.bak_20260606_231852.xlsx","Tables","D279","Figure 13","NL","H_ft=10","24.507","1.1","1.103638","updated"
"Railroad","C:\Users\brook\OneDrive\Documents\Projects\Coding\Work\API 1102 Loading\Refs\API 1102 Railroad_260606.xlsx","C:\Users\brook\OneDrive\Documents\Projects\Coding\Work\API 1102 Loading\Refs\API 1102 Railroad_260606.bak_20260606_231852.xlsx","Tables","D280","Figure 13","NL","H_ft=10","42.0","1.453","","skipped_no_digitized_value"
"Railroad","C:\Users\brook\OneDrive\Documents\Projects\Coding\Work\API 1102 Loading\Refs\API 1102 Railroad_260606.xlsx","C:\Users\brook\OneDrive\Documents\Projects\Coding\Work\API 1102 Loading\Refs\API 1102 Railroad_260606.bak_20260606_231852.xlsx","Tables","D281","Figure 13","NL","H_ft=10","100.0","2.61134882524438","","skipped_no_digitized_value"
"Railroad","C:\Users\brook\OneDrive\Documents\Projects\Coding\Work\API 1102 Loading\Refs\API 1102 Railroad_260606.xlsx","C:\Users\brook\OneDrive\Documents\Projects\Coding\Work\API 1102 Loading\Refs\API 1102 Railroad_260606.bak_20260606_231852.xlsx","Tables","F276","Figure 13","NL","H_ft=14","0.0","1.132","","skipped_no_digitized_value"
"Railroad","C:\Users\brook\OneDrive\Documents\Projects\Coding\Work\API 1102 Loading\Refs\API 1102 Railroad_260606.xlsx","C:\Users\brook\OneDrive\Documents\Projects\Coding\Work\API 1102 Loading\Refs\API 1102 Railroad_260606.bak_20260606_231852.xlsx","Tables","F277","Figure 13","NL","H_ft=14","2.19","1.132","","skipped_no_digitized_value"
"Railroad","C:\Users\brook\OneDrive\Documents\Projects\Coding\Work\API 1102 Loading\Refs\API 1102 Railroad_260606.xlsx","C:\Users\brook\OneDrive\Documents\Projects\Coding\Work\API 1102 Loading\Refs\API 1102 Railroad_260606.bak_20260606_231852.xlsx","Tables","F278","Figure 13","NL","H_ft=14","14.238","1.32","1.321543","updated"
"Railroad","C:\Users\brook\OneDrive\Documents\Projects\Coding\Work\API 1102 Loading\Refs\API 1102 Railroad_260606.xlsx","C:\Users\brook\OneDrive\Documents\Projects\Coding\Work\API 1102 Loading\Refs\API 1102 Railroad_260606.bak_20260606_231852.xlsx","Tables","F279","Figure 13","NL","H_ft=14","24.507","1.308","1.309149","updated"
"Railroad","C:\Users\brook\OneDrive\Documents\Projects\Coding\Work\API 1102 Loading\Refs\API 1102 Railroad_260606.xlsx","C:\Users\brook\OneDrive\Documents\Projects\Coding\Work\API 1102 Loading\Refs\API 1102 Railroad_260606.bak_20260606_231852.xlsx","Tables","F280","Figure 13","NL","H_ft=14","42.0","1.497","","skipped_no_digitized_value"
"Railroad","C:\Users\brook\OneDrive\Documents\Projects\Coding\Work\API 1102 Loading\Refs\API 1102 Railroad_260606.xlsx","C:\Users\brook\OneDrive\Documents\Projects\Coding\Work\API 1102 Loading\Refs\API 1102 Railroad_260606.bak_20260606_231852.xlsx","Tables","F281","Figure 13","NL","H_ft=14","100.0","2.11984102212314","","skipped_no_digitized_value"
"Highway","C:\Users\brook\OneDrive\Documents\Projects\Coding\Work\API 1102 Loading\Refs\API 1102 Highway_260606.xlsx","C:\Users\brook\OneDrive\Documents\Projects\Coding\Work\API 1102 Loading\Refs\API 1102 Highway_260606.bak_20260606_231852.xlsx","Tables","B99","Figure 14","KHh","Er_ksi=5","0.01018","19.819","","skipped_no_digitized_value"
"Highway","C:\Users\brook\OneDrive\Documents\Projects\Coding\Work\API 1102 Loading\Refs\API 1102 Highway_260606.xlsx","C:\Users\brook\OneDrive\Documents\Projects\Coding\Work\API 1102 Loading\Refs\API 1102 Highway_260606.bak_20260606_231852.xlsx","Tables","B100","Figure 14","KHh","Er_ksi=5","0.01061","19.819","","skipped_no_digitized_value"
"Highway","C:\Users\brook\OneDrive\Documents\Projects\Coding\Work\API 1102 Loading\Refs\API 1102 Highway_260606.xlsx","C:\Users\brook\OneDrive\Documents\Projects\Coding\Work\API 1102 Loading\Refs\API 1102 Highway_260606.bak_20260606_231852.xlsx","Tables","B101","Figure 14","KHh","Er_ksi=5","0.01211","20.376","20.409571","updated"
"Highway","C:\Users\brook\OneDrive\Documents\Projects\Coding\Work\API 1102 Loading\Refs\API 1102 Highway_260606.xlsx","C:\Users\brook\OneDrive\Documents\Projects\Coding\Work\API 1102 Loading\Refs\API 1102 Highway_260606.bak_20260606_231852.xlsx","Tables","B102","Figure 14","KHh","Er_ksi=5","0.01394","20.676","20.701947","updated"
"Highway","C:\Users\brook\OneDrive\Documents\Projects\Coding\Work\API 1102 Loading\Refs\API 1102 Highway_260606.xlsx","C:\Users\brook\OneDrive\Documents\Projects\Coding\Work\API 1102 Loading\Refs\API 1102 Highway_260606.bak_20260606_231852.xlsx","Tables","B103","Figure 14","KHh","Er_ksi=5","0.01541","20.632","20.680805","updated"
"Highway","C:\Users\brook\OneDrive\Documents\Projects\Coding\Work\API 1102 Loading\Refs\API 1102 Highway_260606.xlsx","C:\Users\brook\OneDrive\Documents\Projects\Coding\Work\API 1102 Loading\Refs\API 1102 Highway_260606.bak_20260606_231852.xlsx","Tables","B104","Figure 14","KHh","Er_ksi=5","0.01729","20.339","20.366337","updated"
"Highway","C:\Users\brook\OneDrive\Documents\Projects\Coding\Work\API 1102 Loading\Refs\API 1102 Highway_260606.xlsx","C:\Users\brook\OneDrive\Documents\Projects\Coding\Work\API 1102 Loading\Refs\API 1102 Highway_260606.bak_20260606_231852.xlsx","Tables","B105","Figure 14","KHh","Er_ksi=5","0.02018","19.387","19.351933","updated"
"Highway","C:\Users\brook\OneDrive\Documents\Projects\Coding\Work\API 1102 Loading\Refs\API 1102 Highway_260606.xlsx","C:\Users\brook\OneDrive\Documents\Projects\Coding\Work\API 1102 Loading\Refs\API 1102 Highway_260606.bak_20260606_231852.xlsx","Tables","B106","Figure 14","KHh","Er_ksi=5","0.02425","17.249","17.211156","updated"
"Highway","C:\Users\brook\OneDrive\Documents\Projects\Coding\Work\API 1102 Loading\Refs\API 1102 Highway_260606.xlsx","C:\Users\brook\OneDrive\Documents\Projects\Coding\Work\API 1102 Loading\Refs\API 1102 Highway_260606.bak_20260606_231852.xlsx","Tables","B107","Figure 14","KHh","Er_ksi=5","0.02991","13.464","13.386608","updated"
"Highway","C:\Users\brook\OneDrive\Documents\Projects\Coding\Work\API 1102 Loading\Refs\API 1102 Highway_260606.xlsx","C:\Users\brook\OneDrive\Documents\Projects\Coding\Work\API 1102 Loading\Refs\API 1102 Highway_260606.bak_20260606_231852.xlsx","Tables","B108","Figure 14","KHh","Er_ksi=5","0.03582","10.35","10.457779","updated"
"Highway","C:\Users\brook\OneDrive\Documents\Projects\Coding\Work\API 1102 Loading\Refs\API 1102 Highway_260606.xlsx","C:\Users\brook\OneDrive\Documents\Projects\Coding\Work\API 1102 Loading\Refs\API 1102 Highway_260606.bak_20260606_231852.xlsx","Tables","B109","Figure 14","KHh","Er_ksi=5","0.04007","8.681","8.681266","updated"
"Highway","C:\Users\brook\OneDrive\Documents\Projects\Coding\Work\API 1102 Loading\Refs\API 1102 Highway_260606.xlsx","C:\Users\brook\OneDrive\Documents\Projects\Coding\Work\API 1102 Loading\Refs\API 1102 Highway_260606.bak_20260606_231852.xlsx","Tables","B110","Figure 14","KHh","Er_ksi=5","0.04484","7.077","7.165142","updated"
"Highway","C:\Users\brook\OneDrive\Documents\Projects\Coding\Work\API 1102 Loading\Refs\API 1102 Highway_260606.xlsx","C:\Users\brook\OneDrive\Documents\Projects\Coding\Work\API 1102 Loading\Refs\API 1102 Highway_260606.bak_20260606_231852.xlsx","Tables","B111","Figure 14","KHh","Er_ksi=5","0.05012","5.914","5.913546","updated"
"Highway","C:\Users\brook\OneDrive\Documents\Projects\Coding\Work\API 1102 Loading\Refs\API 1102 Highway_260606.xlsx","C:\Users\brook\OneDrive\Documents\Projects\Coding\Work\API 1102 Loading\Refs\API 1102 Highway_260606.bak_20260606_231852.xlsx","Tables","B112","Figure 14","KHh","Er_ksi=5","0.05496","5.15","5.0283","updated"
"Highway","C:\Users\brook\OneDrive\Documents\Projects\Coding\Work\API 1102 Loading\Refs\API 1102 Highway_260606.xlsx","C:\Users\brook\OneDrive\Documents\Projects\Coding\Work\API 1102 Loading\Refs\API 1102 Highway_260606.bak_20260606_231852.xlsx","Tables","B113","Figure 14","KHh","Er_ksi=5","0.05999","4.153","4.1783","updated"
"Highway","C:\Users\brook\OneDrive\Documents\Projects\Coding\Work\API 1102 Loading\Refs\API 1102 Highway_260606.xlsx","C:\Users\brook\OneDrive\Documents\Projects\Coding\Work\API 1102 Loading\Refs\API 1102 Highway_260606.bak_20260606_231852.xlsx","Tables","B114","Figure 14","KHh","Er_ksi=5","0.06488","3.465","3.493082","updated"
"Highway","C:\Users\brook\OneDrive\Documents\Projects\Coding\Work\API 1102 Loading\Refs\API 1102 Highway_260606.xlsx","C:\Users\brook\OneDrive\Documents\Projects\Coding\Work\API 1102 Loading\Refs\API 1102 Highway_260606.bak_20260606_231852.xlsx","Tables","B115","Figure 14","KHh","Er_ksi=5","0.07005","2.823","2.844291","updated"
"Highway","C:\Users\brook\OneDrive\Documents\Projects\Coding\Work\API 1102 Loading\Refs\API 1102 Highway_260606.xlsx","C:\Users\brook\OneDrive\Documents\Projects\Coding\Work\API 1102 Loading\Refs\API 1102 Highway_260606.bak_20260606_231852.xlsx","Tables","B116","Figure 14","KHh","Er_ksi=5","0.07493","2.323","2.339512","updated"
"Highway","C:\Users\brook\OneDrive\Documents\Projects\Coding\Work\API 1102 Loading\Refs\API 1102 Highway_260606.xlsx","C:\Users\brook\OneDrive\Documents\Projects\Coding\Work\API 1102 Loading\Refs\API 1102 Highway_260606.bak_20260606_231852.xlsx","Tables","B117","Figure 14","KHh","Er_ksi=5","0.08","1.906","1.890518","updated"
"Highway","C:\Users\brook\OneDrive\Documents\Projects\Coding\Work\API 1102 Loading\Refs\API 1102 Highway_260606.xlsx","C:\Users\brook\OneDrive\Documents\Projects\Coding\Work\API 1102 Loading\Refs\API 1102 Highway_260606.bak_20260606_231852.xlsx","Tables","B118","Figure 14","KHh","Er_ksi=5","5.0","1.906","","skipped_no_digitized_value"
"Highway","C:\Users\brook\OneDrive\Documents\Projects\Coding\Work\API 1102 Loading\Refs\API 1102 Highway_260606.xlsx","C:\Users\brook\OneDrive\Documents\Projects\Coding\Work\API 1102 Loading\Refs\API 1102 Highway_260606.bak_20260606_231852.xlsx","Tables","D99","Figure 14","KHh","Er_ksi=10","0.01018","12.714","","skipped_no_digitized_value"
"Highway","C:\Users\brook\OneDrive\Documents\Projects\Coding\Work\API 1102 Loading\Refs\API 1102 Highway_260606.xlsx","C:\Users\brook\OneDrive\Documents\Projects\Coding\Work\API 1102 Loading\Refs\API 1102 Highway_260606.bak_20260606_231852.xlsx","Tables","D100","Figure 14","KHh","Er_ksi=10","0.01061","13.066","13.009063","updated"
"Highway","C:\Users\brook\OneDrive\Documents\Projects\Coding\Work\API 1102 Loading\Refs\API 1102 Highway_260606.xlsx","C:\Users\brook\OneDrive\Documents\Projects\Coding\Work\API 1102 Loading\Refs\API 1102 Highway_260606.bak_20260606_231852.xlsx","Tables","D101","Figure 14","KHh","Er_ksi=10","0.01211","14.063","14.00257","updated"
"Highway","C:\Users\brook\OneDrive\Documents\Projects\Coding\Work\API 1102 Loading\Refs\API 1102 Highway_260606.xlsx","C:\Users\brook\OneDrive\Documents\Projects\Coding\Work\API 1102 Loading\Refs\API 1102 Highway_260606.bak_20260606_231852.xlsx","Tables","D102","Figure 14","KHh","Er_ksi=10","0.01394","14.603","14.588438","updated"
"Highway","C:\Users\brook\OneDrive\Documents\Projects\Coding\Work\API 1102 Loading\Refs\API 1102 Highway_260606.xlsx","C:\Users\brook\OneDrive\Documents\Projects\Coding\Work\API 1102 Loading\Refs\API 1102 Highway_260606.bak_20260606_231852.xlsx","Tables","D103","Figure 14","KHh","Er_ksi=10","0.01541","14.746","14.752615","updated"
"Highway","C:\Users\brook\OneDrive\Documents\Projects\Coding\Work\API 1102 Loading\Refs\API 1102 Highway_260606.xlsx","C:\Users\brook\OneDrive\Documents\Projects\Coding\Work\API 1102 Loading\Refs\API 1102 Highway_260606.bak_20260606_231852.xlsx","Tables","D104","Figure 14","KHh","Er_ksi=10","0.01729","14.641","14.66749","updated"
"Highway","C:\Users\brook\OneDrive\Documents\Projects\Coding\Work\API 1102 Loading\Refs\API 1102 Highway_260606.xlsx","C:\Users\brook\OneDrive\Documents\Projects\Coding\Work\API 1102 Loading\Refs\API 1102 Highway_260606.bak_20260606_231852.xlsx","Tables","D105","Figure 14","KHh","Er_ksi=10","0.02018","14.101","14.034725","updated"
"Highway","C:\Users\brook\OneDrive\Documents\Projects\Coding\Work\API 1102 Loading\Refs\API 1102 Highway_260606.xlsx","C:\Users\brook\OneDrive\Documents\Projects\Coding\Work\API 1102 Loading\Refs\API 1102 Highway_260606.bak_20260606_231852.xlsx","Tables","D106","Figure 14","KHh","Er_ksi=10","0.02425","12.5","12.495093","updated"
"Highway","C:\Users\brook\OneDrive\Documents\Projects\Coding\Work\API 1102 Loading\Refs\API 1102 Highway_260606.xlsx","C:\Users\brook\OneDrive\Documents\Projects\Coding\Work\API 1102 Loading\Refs\API 1102 Highway_260606.bak_20260606_231852.xlsx","Tables","D107","Figure 14","KHh","Er_ksi=10","0.02991","10.52","10.553495","updated"
"Highway","C:\Users\brook\OneDrive\Documents\Projects\Coding\Work\API 1102 Loading\Refs\API 1102 Highway_260606.xlsx","C:\Users\brook\OneDrive\Documents\Projects\Coding\Work\API 1102 Loading\Refs\API 1102 Highway_260606.bak_20260606_231852.xlsx","Tables","D108","Figure 14","KHh","Er_ksi=10","0.03582","8.765","8.800937","updated"
"Highway","C:\Users\brook\OneDrive\Documents\Projects\Coding\Work\API 1102 Loading\Refs\API 1102 Highway_260606.xlsx","C:\Users\brook\OneDrive\Documents\Projects\Coding\Work\API 1102 Loading\Refs\API 1102 Highway_260606.bak_20260606_231852.xlsx","Tables","D109","Figure 14","KHh","Er_ksi=10","0.04007","7.613","7.64597","updated"
"Highway","C:\Users\brook\OneDrive\Documents\Projects\Coding\Work\API 1102 Loading\Refs\API 1102 Highway_260606.xlsx","C:\Users\brook\OneDrive\Documents\Projects\Coding\Work\API 1102 Loading\Refs\API 1102 Highway_260606.bak_20260606_231852.xlsx","Tables","D110","Figure 14","KHh","Er_ksi=10","0.04484","6.552","6.582001","updated"
"Highway","C:\Users\brook\OneDrive\Documents\Projects\Coding\Work\API 1102 Loading\Refs\API 1102 Highway_260606.xlsx","C:\Users\brook\OneDrive\Documents\Projects\Coding\Work\API 1102 Loading\Refs\API 1102 Highway_260606.bak_20260606_231852.xlsx","Tables","D111","Figure 14","KHh","Er_ksi=10","0.05012","5.465","5.487985","updated"
"Highway","C:\Users\brook\OneDrive\Documents\Projects\Coding\Work\API 1102 Loading\Refs\API 1102 Highway_260606.xlsx","C:\Users\brook\OneDrive\Documents\Projects\Coding\Work\API 1102 Loading\Refs\API 1102 Highway_260606.bak_20260606_231852.xlsx","Tables","D112","Figure 14","KHh","Er_ksi=10","0.05496","4.6","4.645432","updated"
"Highway","C:\Users\brook\OneDrive\Documents\Projects\Coding\Work\API 1102 Loading\Refs\API 1102 Highway_260606.xlsx","C:\Users\brook\OneDrive\Documents\Projects\Coding\Work\API 1102 Loading\Refs\API 1102 Highway_260606.bak_20260606_231852.xlsx","Tables","D113","Figure 14","KHh","Er_ksi=10","0.05999","3.785","3.820476","updated"
"Highway","C:\Users\brook\OneDrive\Documents\Projects\Coding\Work\API 1102 Loading\Refs\API 1102 Highway_260606.xlsx","C:\Users\brook\OneDrive\Documents\Projects\Coding\Work\API 1102 Loading\Refs\API 1102 Highway_260606.bak_20260606_231852.xlsx","Tables","D114","Figure 14","KHh","Er_ksi=10","0.06488","3.124","3.143621","updated"
"Highway","C:\Users\brook\OneDrive\Documents\Projects\Coding\Work\API 1102 Loading\Refs\API 1102 Highway_260606.xlsx","C:\Users\brook\OneDrive\Documents\Projects\Coding\Work\API 1102 Loading\Refs\API 1102 Highway_260606.bak_20260606_231852.xlsx","Tables","D115","Figure 14","KHh","Er_ksi=10","0.07005","2.494","2.500741","updated"
"Highway","C:\Users\brook\OneDrive\Documents\Projects\Coding\Work\API 1102 Loading\Refs\API 1102 Highway_260606.xlsx","C:\Users\brook\OneDrive\Documents\Projects\Coding\Work\API 1102 Loading\Refs\API 1102 Highway_260606.bak_20260606_231852.xlsx","Tables","D116","Figure 14","KHh","Er_ksi=10","0.07493","2.035","2.020049","updated"
"Highway","C:\Users\brook\OneDrive\Documents\Projects\Coding\Work\API 1102 Loading\Refs\API 1102 Highway_260606.xlsx","C:\Users\brook\OneDrive\Documents\Projects\Coding\Work\API 1102 Loading\Refs\API 1102 Highway_260606.bak_20260606_231852.xlsx","Tables","D117","Figure 14","KHh","Er_ksi=10","0.08","1.605","","skipped_no_digitized_value"
"Highway","C:\Users\brook\OneDrive\Documents\Projects\Coding\Work\API 1102 Loading\Refs\API 1102 Highway_260606.xlsx","C:\Users\brook\OneDrive\Documents\Projects\Coding\Work\API 1102 Loading\Refs\API 1102 Highway_260606.bak_20260606_231852.xlsx","Tables","D118","Figure 14","KHh","Er_ksi=10","5.0","1.605","","skipped_no_digitized_value"
"Highway","C:\Users\brook\OneDrive\Documents\Projects\Coding\Work\API 1102 Loading\Refs\API 1102 Highway_260606.xlsx","C:\Users\brook\OneDrive\Documents\Projects\Coding\Work\API 1102 Loading\Refs\API 1102 Highway_260606.bak_20260606_231852.xlsx","Tables","F99","Figure 14","KHh","Er_ksi=20","0.01018","6.856","","skipped_no_digitized_value"
"Highway","C:\Users\brook\OneDrive\Documents\Projects\Coding\Work\API 1102 Loading\Refs\API 1102 Highway_260606.xlsx","C:\Users\brook\OneDrive\Documents\Projects\Coding\Work\API 1102 Loading\Refs\API 1102 Highway_260606.bak_20260606_231852.xlsx","Tables","F100","Figure 14","KHh","Er_ksi=20","0.01061","7.217","7.181056","updated"
"Highway","C:\Users\brook\OneDrive\Documents\Projects\Coding\Work\API 1102 Loading\Refs\API 1102 Highway_260606.xlsx","C:\Users\brook\OneDrive\Documents\Projects\Coding\Work\API 1102 Loading\Refs\API 1102 Highway_260606.bak_20260606_231852.xlsx","Tables","F101","Figure 14","KHh","Er_ksi=20","0.01211","8.103","8.119176","updated"
"Highway","C:\Users\brook\OneDrive\Documents\Projects\Coding\Work\API 1102 Loading\Refs\API 1102 Highway_260606.xlsx","C:\Users\brook\OneDrive\Documents\Projects\Coding\Work\API 1102 Loading\Refs\API 1102 Highway_260606.bak_20260606_231852.xlsx","Tables","F102","Figure 14","KHh","Er_ksi=20","0.01394","8.786","8.815981","updated"
"Highway","C:\Users\brook\OneDrive\Documents\Projects\Coding\Work\API 1102 Loading\Refs\API 1102 Highway_260606.xlsx","C:\Users\brook\OneDrive\Documents\Projects\Coding\Work\API 1102 Loading\Refs\API 1102 Highway_260606.bak_20260606_231852.xlsx","Tables","F103","Figure 14","KHh","Er_ksi=20","0.01541","9.121","9.170997","updated"
"Highway","C:\Users\brook\OneDrive\Documents\Projects\Coding\Work\API 1102 Loading\Refs\API 1102 Highway_260606.xlsx","C:\Users\brook\OneDrive\Documents\Projects\Coding\Work\API 1102 Loading\Refs\API 1102 Highway_260606.bak_20260606_231852.xlsx","Tables","F104","Figure 14","KHh","Er_ksi=20","0.01729","9.387","9.450636","updated"
"Highway","C:\Users\brook\OneDrive\Documents\Projects\Coding\Work\API 1102 Loading\Refs\API 1102 Highway_260606.xlsx","C:\Users\brook\OneDrive\Documents\Projects\Coding\Work\API 1102 Loading\Refs\API 1102 Highway_260606.bak_20260606_231852.xlsx","Tables","F105","Figure 14","KHh","Er_ksi=20","0.02018","9.51","9.580863","updated"
"Highway","C:\Users\brook\OneDrive\Documents\Projects\Coding\Work\API 1102 Loading\Refs\API 1102 Highway_260606.xlsx","C:\Users\brook\OneDrive\Documents\Projects\Coding\Work\API 1102 Loading\Refs\API 1102 Highway_260606.bak_20260606_231852.xlsx","Tables","F106","Figure 14","KHh","Er_ksi=20","0.02425","9.323","9.37069","updated"
"Highway","C:\Users\brook\OneDrive\Documents\Projects\Coding\Work\API 1102 Loading\Refs\API 1102 Highway_260606.xlsx","C:\Users\brook\OneDrive\Documents\Projects\Coding\Work\API 1102 Loading\Refs\API 1102 Highway_260606.bak_20260606_231852.xlsx","Tables","F107","Figure 14","KHh","Er_ksi=20","0.02991","8.447","8.465908","updated"
"Highway","C:\Users\brook\OneDrive\Documents\Projects\Coding\Work\API 1102 Loading\Refs\API 1102 Highway_260606.xlsx","C:\Users\brook\OneDrive\Documents\Projects\Coding\Work\API 1102 Loading\Refs\API 1102 Highway_260606.bak_20260606_231852.xlsx","Tables","F108","Figure 14","KHh","Er_ksi=20","0.03582","7.2","7.226154","updated"
"Highway","C:\Users\brook\OneDrive\Documents\Projects\Coding\Work\API 1102 Loading\Refs\API 1102 Highway_260606.xlsx","C:\Users\brook\OneDrive\Documents\Projects\Coding\Work\API 1102 Loading\Refs\API 1102 Highway_260606.bak_20260606_231852.xlsx","Tables","F109","Figure 14","KHh","Er_ksi=20","0.04007","6.367","6.422059","updated"
"Highway","C:\Users\brook\OneDrive\Documents\Projects\Coding\Work\API 1102 Loading\Refs\API 1102 Highway_260606.xlsx","C:\Users\brook\OneDrive\Documents\Projects\Coding\Work\API 1102 Loading\Refs\API 1102 Highway_260606.bak_20260606_231852.xlsx","Tables","F110","Figure 14","KHh","Er_ksi=20","0.04484","5.55","5.623595","updated"
"Highway","C:\Users\brook\OneDrive\Documents\Projects\Coding\Work\API 1102 Loading\Refs\API 1102 Highway_260606.xlsx","C:\Users\brook\OneDrive\Documents\Projects\Coding\Work\API 1102 Loading\Refs\API 1102 Highway_260606.bak_20260606_231852.xlsx","Tables","F111","Figure 14","KHh","Er_ksi=20","0.05012","4.734","4.757844","updated"
"Highway","C:\Users\brook\OneDrive\Documents\Projects\Coding\Work\API 1102 Loading\Refs\API 1102 Highway_260606.xlsx","C:\Users\brook\OneDrive\Documents\Projects\Coding\Work\API 1102 Loading\Refs\API 1102 Highway_260606.bak_20260606_231852.xlsx","Tables","F112","Figure 14","KHh","Er_ksi=20","0.05496","4.036","4.054534","updated"
"Highway","C:\Users\brook\OneDrive\Documents\Projects\Coding\Work\API 1102 Loading\Refs\API 1102 Highway_260606.xlsx","C:\Users\brook\OneDrive\Documents\Projects\Coding\Work\API 1102 Loading\Refs\API 1102 Highway_260606.bak_20260606_231852.xlsx","Tables","F113","Figure 14","KHh","Er_ksi=20","0.05999","3.326","3.360369","updated"
"Highway","C:\Users\brook\OneDrive\Documents\Projects\Coding\Work\API 1102 Loading\Refs\API 1102 Highway_260606.xlsx","C:\Users\brook\OneDrive\Documents\Projects\Coding\Work\API 1102 Loading\Refs\API 1102 Highway_260606.bak_20260606_231852.xlsx","Tables","F114","Figure 14","KHh","Er_ksi=20","0.06488","2.753","2.768625","updated"
"Highway","C:\Users\brook\OneDrive\Documents\Projects\Coding\Work\API 1102 Loading\Refs\API 1102 Highway_260606.xlsx","C:\Users\brook\OneDrive\Documents\Projects\Coding\Work\API 1102 Loading\Refs\API 1102 Highway_260606.bak_20260606_231852.xlsx","Tables","F115","Figure 14","KHh","Er_ksi=20","0.07005","2.186","2.18949","updated"
"Highway","C:\Users\brook\OneDrive\Documents\Projects\Coding\Work\API 1102 Loading\Refs\API 1102 Highway_260606.xlsx","C:\Users\brook\OneDrive\Documents\Projects\Coding\Work\API 1102 Loading\Refs\API 1102 Highway_260606.bak_20260606_231852.xlsx","Tables","F116","Figure 14","KHh","Er_ksi=20","0.07493","1.727","1.726026","updated"
"Highway","C:\Users\brook\OneDrive\Documents\Projects\Coding\Work\API 1102 Loading\Refs\API 1102 Highway_260606.xlsx","C:\Users\brook\OneDrive\Documents\Projects\Coding\Work\API 1102 Loading\Refs\API 1102 Highway_260606.bak_20260606_231852.xlsx","Tables","F117","Figure 14","KHh","Er_ksi=20","0.08","1.301","1.282862","updated"
"Highway","C:\Users\brook\OneDrive\Documents\Projects\Coding\Work\API 1102 Loading\Refs\API 1102 Highway_260606.xlsx","C:\Users\brook\OneDrive\Documents\Projects\Coding\Work\API 1102 Loading\Refs\API 1102 Highway_260606.bak_20260606_231852.xlsx","Tables","F118","Figure 14","KHh","Er_ksi=20","5.0","1.301","","skipped_no_digitized_value"
"Highway","C:\Users\brook\OneDrive\Documents\Projects\Coding\Work\API 1102 Loading\Refs\API 1102 Highway_260606.xlsx","C:\Users\brook\OneDrive\Documents\Projects\Coding\Work\API 1102 Loading\Refs\API 1102 Highway_260606.bak_20260606_231852.xlsx","Tables","B123","Figure 15","GHh","H_ft=3_to_4","0.0","1.444","","skipped_no_digitized_value"
"Highway","C:\Users\brook\OneDrive\Documents\Projects\Coding\Work\API 1102 Loading\Refs\API 1102 Highway_260606.xlsx","C:\Users\brook\OneDrive\Documents\Projects\Coding\Work\API 1102 Loading\Refs\API 1102 Highway_260606.bak_20260606_231852.xlsx","Tables","B124","Figure 15","GHh","H_ft=3_to_4","2.124","1.444","","skipped_no_digitized_value"
"Highway","C:\Users\brook\OneDrive\Documents\Projects\Coding\Work\API 1102 Loading\Refs\API 1102 Highway_260606.xlsx","C:\Users\brook\OneDrive\Documents\Projects\Coding\Work\API 1102 Loading\Refs\API 1102 Highway_260606.bak_20260606_231852.xlsx","Tables","B125","Figure 15","GHh","H_ft=3_to_4","2.35","1.444","1.443251","updated"
"Highway","C:\Users\brook\OneDrive\Documents\Projects\Coding\Work\API 1102 Loading\Refs\API 1102 Highway_260606.xlsx","C:\Users\brook\OneDrive\Documents\Projects\Coding\Work\API 1102 Loading\Refs\API 1102 Highway_260606.bak_20260606_231852.xlsx","Tables","B126","Figure 15","GHh","H_ft=3_to_4","3.172","1.48","1.479439","updated"
"Highway","C:\Users\brook\OneDrive\Documents\Projects\Coding\Work\API 1102 Loading\Refs\API 1102 Highway_260606.xlsx","C:\Users\brook\OneDrive\Documents\Projects\Coding\Work\API 1102 Loading\Refs\API 1102 Highway_260606.bak_20260606_231852.xlsx","Tables","B127","Figure 15","GHh","H_ft=3_to_4","3.952","1.491","1.489621","updated"
"Highway","C:\Users\brook\OneDrive\Documents\Projects\Coding\Work\API 1102 Loading\Refs\API 1102 Highway_260606.xlsx","C:\Users\brook\OneDrive\Documents\Projects\Coding\Work\API 1102 Loading\Refs\API 1102 Highway_260606.bak_20260606_231852.xlsx","Tables","B128","Figure 15","GHh","H_ft=3_to_4","4.935","1.483","1.485303","updated"
"Highway","C:\Users\brook\OneDrive\Documents\Projects\Coding\Work\API 1102 Loading\Refs\API 1102 Highway_260606.xlsx","C:\Users\brook\OneDrive\Documents\Projects\Coding\Work\API 1102 Loading\Refs\API 1102 Highway_260606.bak_20260606_231852.xlsx","Tables","B129","Figure 15","GHh","H_ft=3_to_4","6.0","1.467","1.467951","updated"
"Highway","C:\Users\brook\OneDrive\Documents\Projects\Coding\Work\API 1102 Loading\Refs\API 1102 Highway_260606.xlsx","C:\Users\brook\OneDrive\Documents\Projects\Coding\Work\API 1102 Loading\Refs\API 1102 Highway_260606.bak_20260606_231852.xlsx","Tables","B130","Figure 15","GHh","H_ft=3_to_4","8.0","1.413","1.412652","updated"
"Highway","C:\Users\brook\OneDrive\Documents\Projects\Coding\Work\API 1102 Loading\Refs\API 1102 Highway_260606.xlsx","C:\Users\brook\OneDrive\Documents\Projects\Coding\Work\API 1102 Loading\Refs\API 1102 Highway_260606.bak_20260606_231852.xlsx","Tables","B131","Figure 15","GHh","H_ft=3_to_4","10.0","1.339","1.338616","updated"
"Highway","C:\Users\brook\OneDrive\Documents\Projects\Coding\Work\API 1102 Loading\Refs\API 1102 Highway_260606.xlsx","C:\Users\brook\OneDrive\Documents\Projects\Coding\Work\API 1102 Loading\Refs\API 1102 Highway_260606.bak_20260606_231852.xlsx","Tables","B132","Figure 15","GHh","H_ft=3_to_4","12.0","1.272","1.271013","updated"
"Highway","C:\Users\brook\OneDrive\Documents\Projects\Coding\Work\API 1102 Loading\Refs\API 1102 Highway_260606.xlsx","C:\Users\brook\OneDrive\Documents\Projects\Coding\Work\API 1102 Loading\Refs\API 1102 Highway_260606.bak_20260606_231852.xlsx","Tables","B133","Figure 15","GHh","H_ft=3_to_4","14.0","1.223","1.221771","updated"
"Highway","C:\Users\brook\OneDrive\Documents\Projects\Coding\Work\API 1102 Loading\Refs\API 1102 Highway_260606.xlsx","C:\Users\brook\OneDrive\Documents\Projects\Coding\Work\API 1102 Loading\Refs\API 1102 Highway_260606.bak_20260606_231852.xlsx","Tables","B134","Figure 15","GHh","H_ft=3_to_4","18.0","1.168","1.167529","updated"
"Highway","C:\Users\brook\OneDrive\Documents\Projects\Coding\Work\API 1102 Loading\Refs\API 1102 Highway_260606.xlsx","C:\Users\brook\OneDrive\Documents\Projects\Coding\Work\API 1102 Loading\Refs\API 1102 Highway_260606.bak_20260606_231852.xlsx","Tables","B135","Figure 15","GHh","H_ft=3_to_4","30.0","1.047","1.047598","updated"
"Highway","C:\Users\brook\OneDrive\Documents\Projects\Coding\Work\API 1102 Loading\Refs\API 1102 Highway_260606.xlsx","C:\Users\brook\OneDrive\Documents\Projects\Coding\Work\API 1102 Loading\Refs\API 1102 Highway_260606.bak_20260606_231852.xlsx","Tables","B136","Figure 15","GHh","H_ft=3_to_4","40.0","0.963","0.961673","updated"
"Highway","C:\Users\brook\OneDrive\Documents\Projects\Coding\Work\API 1102 Loading\Refs\API 1102 Highway_260606.xlsx","C:\Users\brook\OneDrive\Documents\Projects\Coding\Work\API 1102 Loading\Refs\API 1102 Highway_260606.bak_20260606_231852.xlsx","Tables","B137","Figure 15","GHh","H_ft=3_to_4","42.0","0.946","0.944428","updated"
"Highway","C:\Users\brook\OneDrive\Documents\Projects\Coding\Work\API 1102 Loading\Refs\API 1102 Highway_260606.xlsx","C:\Users\brook\OneDrive\Documents\Projects\Coding\Work\API 1102 Loading\Refs\API 1102 Highway_260606.bak_20260606_231852.xlsx","Tables","B138","Figure 15","GHh","H_ft=3_to_4","60.0","0.946","","skipped_no_digitized_value"
"Highway","C:\Users\brook\OneDrive\Documents\Projects\Coding\Work\API 1102 Loading\Refs\API 1102 Highway_260606.xlsx","C:\Users\brook\OneDrive\Documents\Projects\Coding\Work\API 1102 Loading\Refs\API 1102 Highway_260606.bak_20260606_231852.xlsx","Tables","D123","Figure 15","GHh","H_ft=6","0.0","1.093","","skipped_no_digitized_value"
"Highway","C:\Users\brook\OneDrive\Documents\Projects\Coding\Work\API 1102 Loading\Refs\API 1102 Highway_260606.xlsx","C:\Users\brook\OneDrive\Documents\Projects\Coding\Work\API 1102 Loading\Refs\API 1102 Highway_260606.bak_20260606_231852.xlsx","Tables","D124","Figure 15","GHh","H_ft=6","2.124","1.093","","skipped_no_digitized_value"
"Highway","C:\Users\brook\OneDrive\Documents\Projects\Coding\Work\API 1102 Loading\Refs\API 1102 Highway_260606.xlsx","C:\Users\brook\OneDrive\Documents\Projects\Coding\Work\API 1102 Loading\Refs\API 1102 Highway_260606.bak_20260606_231852.xlsx","Tables","D125","Figure 15","GHh","H_ft=6","2.35","1.105","1.104828","updated"
"Highway","C:\Users\brook\OneDrive\Documents\Projects\Coding\Work\API 1102 Loading\Refs\API 1102 Highway_260606.xlsx","C:\Users\brook\OneDrive\Documents\Projects\Coding\Work\API 1102 Loading\Refs\API 1102 Highway_260606.bak_20260606_231852.xlsx","Tables","D126","Figure 15","GHh","H_ft=6","3.172","1.141","1.140718","updated"
"Highway","C:\Users\brook\OneDrive\Documents\Projects\Coding\Work\API 1102 Loading\Refs\API 1102 Highway_260606.xlsx","C:\Users\brook\OneDrive\Documents\Projects\Coding\Work\API 1102 Loading\Refs\API 1102 Highway_260606.bak_20260606_231852.xlsx","Tables","D127","Figure 15","GHh","H_ft=6","3.952","1.158","1.156943","updated"
"Highway","C:\Users\brook\OneDrive\Documents\Projects\Coding\Work\API 1102 Loading\Refs\API 1102 Highway_260606.xlsx","C:\Users\brook\OneDrive\Documents\Projects\Coding\Work\API 1102 Loading\Refs\API 1102 Highway_260606.bak_20260606_231852.xlsx","Tables","D128","Figure 15","GHh","H_ft=6","4.935","1.164","1.163078","updated"
"Highway","C:\Users\brook\OneDrive\Documents\Projects\Coding\Work\API 1102 Loading\Refs\API 1102 Highway_260606.xlsx","C:\Users\brook\OneDrive\Documents\Projects\Coding\Work\API 1102 Loading\Refs\API 1102 Highway_260606.bak_20260606_231852.xlsx","Tables","D129","Figure 15","GHh","H_ft=6","6.0","1.157","1.156804","updated"
"Highway","C:\Users\brook\OneDrive\Documents\Projects\Coding\Work\API 1102 Loading\Refs\API 1102 Highway_260606.xlsx","C:\Users\brook\OneDrive\Documents\Projects\Coding\Work\API 1102 Loading\Refs\API 1102 Highway_260606.bak_20260606_231852.xlsx","Tables","D130","Figure 15","GHh","H_ft=6","8.0","1.117","1.117498","updated"
"Highway","C:\Users\brook\OneDrive\Documents\Projects\Coding\Work\API 1102 Loading\Refs\API 1102 Highway_260606.xlsx","C:\Users\brook\OneDrive\Documents\Projects\Coding\Work\API 1102 Loading\Refs\API 1102 Highway_260606.bak_20260606_231852.xlsx","Tables","D131","Figure 15","GHh","H_ft=6","10.0","1.072","1.071242","updated"
"Highway","C:\Users\brook\OneDrive\Documents\Projects\Coding\Work\API 1102 Loading\Refs\API 1102 Highway_260606.xlsx","C:\Users\brook\OneDrive\Documents\Projects\Coding\Work\API 1102 Loading\Refs\API 1102 Highway_260606.bak_20260606_231852.xlsx","Tables","D132","Figure 15","GHh","H_ft=6","12.0","1.031","1.029811","updated"
"Highway","C:\Users\brook\OneDrive\Documents\Projects\Coding\Work\API 1102 Loading\Refs\API 1102 Highway_260606.xlsx","C:\Users\brook\OneDrive\Documents\Projects\Coding\Work\API 1102 Loading\Refs\API 1102 Highway_260606.bak_20260606_231852.xlsx","Tables","D133","Figure 15","GHh","H_ft=6","14.0","0.993","0.990883","updated"
"Highway","C:\Users\brook\OneDrive\Documents\Projects\Coding\Work\API 1102 Loading\Refs\API 1102 Highway_260606.xlsx","C:\Users\brook\OneDrive\Documents\Projects\Coding\Work\API 1102 Loading\Refs\API 1102 Highway_260606.bak_20260606_231852.xlsx","Tables","D134","Figure 15","GHh","H_ft=6","18.0","0.932","0.930285","updated"
"Highway","C:\Users\brook\OneDrive\Documents\Projects\Coding\Work\API 1102 Loading\Refs\API 1102 Highway_260606.xlsx","C:\Users\brook\OneDrive\Documents\Projects\Coding\Work\API 1102 Loading\Refs\API 1102 Highway_260606.bak_20260606_231852.xlsx","Tables","D135","Figure 15","GHh","H_ft=6","30.0","0.799","0.797153","updated"
"Highway","C:\Users\brook\OneDrive\Documents\Projects\Coding\Work\API 1102 Loading\Refs\API 1102 Highway_260606.xlsx","C:\Users\brook\OneDrive\Documents\Projects\Coding\Work\API 1102 Loading\Refs\API 1102 Highway_260606.bak_20260606_231852.xlsx","Tables","D136","Figure 15","GHh","H_ft=6","40.0","0.726","0.72366","updated"
"Highway","C:\Users\brook\OneDrive\Documents\Projects\Coding\Work\API 1102 Loading\Refs\API 1102 Highway_260606.xlsx","C:\Users\brook\OneDrive\Documents\Projects\Coding\Work\API 1102 Loading\Refs\API 1102 Highway_260606.bak_20260606_231852.xlsx","Tables","D137","Figure 15","GHh","H_ft=6","42.0","0.714","","skipped_no_digitized_value"
"Highway","C:\Users\brook\OneDrive\Documents\Projects\Coding\Work\API 1102 Loading\Refs\API 1102 Highway_260606.xlsx","C:\Users\brook\OneDrive\Documents\Projects\Coding\Work\API 1102 Loading\Refs\API 1102 Highway_260606.bak_20260606_231852.xlsx","Tables","D138","Figure 15","GHh","H_ft=6","60.0","0.714","","skipped_no_digitized_value"
"Highway","C:\Users\brook\OneDrive\Documents\Projects\Coding\Work\API 1102 Loading\Refs\API 1102 Highway_260606.xlsx","C:\Users\brook\OneDrive\Documents\Projects\Coding\Work\API 1102 Loading\Refs\API 1102 Highway_260606.bak_20260606_231852.xlsx","Tables","F123","Figure 15","GHh","H_ft=8","0.0","0.853","","skipped_no_digitized_value"
"Highway","C:\Users\brook\OneDrive\Documents\Projects\Coding\Work\API 1102 Loading\Refs\API 1102 Highway_260606.xlsx","C:\Users\brook\OneDrive\Documents\Projects\Coding\Work\API 1102 Loading\Refs\API 1102 Highway_260606.bak_20260606_231852.xlsx","Tables","F124","Figure 15","GHh","H_ft=8","2.124","0.853","","skipped_no_digitized_value"
"Highway","C:\Users\brook\OneDrive\Documents\Projects\Coding\Work\API 1102 Loading\Refs\API 1102 Highway_260606.xlsx","C:\Users\brook\OneDrive\Documents\Projects\Coding\Work\API 1102 Loading\Refs\API 1102 Highway_260606.bak_20260606_231852.xlsx","Tables","F125","Figure 15","GHh","H_ft=8","2.35","0.864","0.860202","updated"
"Highway","C:\Users\brook\OneDrive\Documents\Projects\Coding\Work\API 1102 Loading\Refs\API 1102 Highway_260606.xlsx","C:\Users\brook\OneDrive\Documents\Projects\Coding\Work\API 1102 Loading\Refs\API 1102 Highway_260606.bak_20260606_231852.xlsx","Tables","F126","Figure 15","GHh","H_ft=8","3.172","0.885","0.883775","updated"
"Highway","C:\Users\brook\OneDrive\Documents\Projects\Coding\Work\API 1102 Loading\Refs\API 1102 Highway_260606.xlsx","C:\Users\brook\OneDrive\Documents\Projects\Coding\Work\API 1102 Loading\Refs\API 1102 Highway_260606.bak_20260606_231852.xlsx","Tables","F127","Figure 15","GHh","H_ft=8","3.952","0.896","0.893828","updated"
"Highway","C:\Users\brook\OneDrive\Documents\Projects\Coding\Work\API 1102 Loading\Refs\API 1102 Highway_260606.xlsx","C:\Users\brook\OneDrive\Documents\Projects\Coding\Work\API 1102 Loading\Refs\API 1102 Highway_260606.bak_20260606_231852.xlsx","Tables","F128","Figure 15","GHh","H_ft=8","4.935","0.902","0.898807","updated"
"Highway","C:\Users\brook\OneDrive\Documents\Projects\Coding\Work\API 1102 Loading\Refs\API 1102 Highway_260606.xlsx","C:\Users\brook\OneDrive\Documents\Projects\Coding\Work\API 1102 Loading\Refs\API 1102 Highway_260606.bak_20260606_231852.xlsx","Tables","F129","Figure 15","GHh","H_ft=8","6.0","0.9","0.898156","updated"
"Highway","C:\Users\brook\OneDrive\Documents\Projects\Coding\Work\API 1102 Loading\Refs\API 1102 Highway_260606.xlsx","C:\Users\brook\OneDrive\Documents\Projects\Coding\Work\API 1102 Loading\Refs\API 1102 Highway_260606.bak_20260606_231852.xlsx","Tables","F130","Figure 15","GHh","H_ft=8","8.0","0.89","0.886784","updated"
"Highway","C:\Users\brook\OneDrive\Documents\Projects\Coding\Work\API 1102 Loading\Refs\API 1102 Highway_260606.xlsx","C:\Users\brook\OneDrive\Documents\Projects\Coding\Work\API 1102 Loading\Refs\API 1102 Highway_260606.bak_20260606_231852.xlsx","Tables","F131","Figure 15","GHh","H_ft=8","10.0","0.87","0.867725","updated"
"Highway","C:\Users\brook\OneDrive\Documents\Projects\Coding\Work\API 1102 Loading\Refs\API 1102 Highway_260606.xlsx","C:\Users\brook\OneDrive\Documents\Projects\Coding\Work\API 1102 Loading\Refs\API 1102 Highway_260606.bak_20260606_231852.xlsx","Tables","F132","Figure 15","GHh","H_ft=8","12.0","0.844","0.842055","updated"
"Highway","C:\Users\brook\OneDrive\Documents\Projects\Coding\Work\API 1102 Loading\Refs\API 1102 Highway_260606.xlsx","C:\Users\brook\OneDrive\Documents\Projects\Coding\Work\API 1102 Loading\Refs\API 1102 Highway_260606.bak_20260606_231852.xlsx","Tables","F133","Figure 15","GHh","H_ft=8","14.0","0.812","0.809037","updated"
"Highway","C:\Users\brook\OneDrive\Documents\Projects\Coding\Work\API 1102 Loading\Refs\API 1102 Highway_260606.xlsx","C:\Users\brook\OneDrive\Documents\Projects\Coding\Work\API 1102 Loading\Refs\API 1102 Highway_260606.bak_20260606_231852.xlsx","Tables","F134","Figure 15","GHh","H_ft=8","18.0","0.772","0.769823","updated"
"Highway","C:\Users\brook\OneDrive\Documents\Projects\Coding\Work\API 1102 Loading\Refs\API 1102 Highway_260606.xlsx","C:\Users\brook\OneDrive\Documents\Projects\Coding\Work\API 1102 Loading\Refs\API 1102 Highway_260606.bak_20260606_231852.xlsx","Tables","F135","Figure 15","GHh","H_ft=8","30.0","0.673","0.671467","updated"
"Highway","C:\Users\brook\OneDrive\Documents\Projects\Coding\Work\API 1102 Loading\Refs\API 1102 Highway_260606.xlsx","C:\Users\brook\OneDrive\Documents\Projects\Coding\Work\API 1102 Loading\Refs\API 1102 Highway_260606.bak_20260606_231852.xlsx","Tables","F136","Figure 15","GHh","H_ft=8","40.0","0.596","0.594201","updated"
"Highway","C:\Users\brook\OneDrive\Documents\Projects\Coding\Work\API 1102 Loading\Refs\API 1102 Highway_260606.xlsx","C:\Users\brook\OneDrive\Documents\Projects\Coding\Work\API 1102 Loading\Refs\API 1102 Highway_260606.bak_20260606_231852.xlsx","Tables","F137","Figure 15","GHh","H_ft=8","42.0","0.579","","skipped_no_digitized_value"
"Highway","C:\Users\brook\OneDrive\Documents\Projects\Coding\Work\API 1102 Loading\Refs\API 1102 Highway_260606.xlsx","C:\Users\brook\OneDrive\Documents\Projects\Coding\Work\API 1102 Loading\Refs\API 1102 Highway_260606.bak_20260606_231852.xlsx","Tables","F138","Figure 15","GHh","H_ft=8","60.0","0.579","","skipped_no_digitized_value"
"Highway","C:\Users\brook\OneDrive\Documents\Projects\Coding\Work\API 1102 Loading\Refs\API 1102 Highway_260606.xlsx","C:\Users\brook\OneDrive\Documents\Projects\Coding\Work\API 1102 Loading\Refs\API 1102 Highway_260606.bak_20260606_231852.xlsx","Tables","H123","Figure 15","GHh","H_ft=10","0.0","0.679","","skipped_no_digitized_value"
"Highway","C:\Users\brook\OneDrive\Documents\Projects\Coding\Work\API 1102 Loading\Refs\API 1102 Highway_260606.xlsx","C:\Users\brook\OneDrive\Documents\Projects\Coding\Work\API 1102 Loading\Refs\API 1102 Highway_260606.bak_20260606_231852.xlsx","Tables","H124","Figure 15","GHh","H_ft=10","2.124","0.679","0.678134","updated"
"Highway","C:\Users\brook\OneDrive\Documents\Projects\Coding\Work\API 1102 Loading\Refs\API 1102 Highway_260606.xlsx","C:\Users\brook\OneDrive\Documents\Projects\Coding\Work\API 1102 Loading\Refs\API 1102 Highway_260606.bak_20260606_231852.xlsx","Tables","H125","Figure 15","GHh","H_ft=10","2.35","0.689","0.685798","updated"
"Highway","C:\Users\brook\OneDrive\Documents\Projects\Coding\Work\API 1102 Loading\Refs\API 1102 Highway_260606.xlsx","C:\Users\brook\OneDrive\Documents\Projects\Coding\Work\API 1102 Loading\Refs\API 1102 Highway_260606.bak_20260606_231852.xlsx","Tables","H126","Figure 15","GHh","H_ft=10","3.172","0.711","0.708519","updated"
"Highway","C:\Users\brook\OneDrive\Documents\Projects\Coding\Work\API 1102 Loading\Refs\API 1102 Highway_260606.xlsx","C:\Users\brook\OneDrive\Documents\Projects\Coding\Work\API 1102 Loading\Refs\API 1102 Highway_260606.bak_20260606_231852.xlsx","Tables","H127","Figure 15","GHh","H_ft=10","3.952","0.725","0.723409","updated"
"Highway","C:\Users\brook\OneDrive\Documents\Projects\Coding\Work\API 1102 Loading\Refs\API 1102 Highway_260606.xlsx","C:\Users\brook\OneDrive\Documents\Projects\Coding\Work\API 1102 Loading\Refs\API 1102 Highway_260606.bak_20260606_231852.xlsx","Tables","H128","Figure 15","GHh","H_ft=10","4.935","0.732","0.731013","updated"
"Highway","C:\Users\brook\OneDrive\Documents\Projects\Coding\Work\API 1102 Loading\Refs\API 1102 Highway_260606.xlsx","C:\Users\brook\OneDrive\Documents\Projects\Coding\Work\API 1102 Loading\Refs\API 1102 Highway_260606.bak_20260606_231852.xlsx","Tables","H129","Figure 15","GHh","H_ft=10","6.0","0.727","0.725416","updated"
"Highway","C:\Users\brook\OneDrive\Documents\Projects\Coding\Work\API 1102 Loading\Refs\API 1102 Highway_260606.xlsx","C:\Users\brook\OneDrive\Documents\Projects\Coding\Work\API 1102 Loading\Refs\API 1102 Highway_260606.bak_20260606_231852.xlsx","Tables","H130","Figure 15","GHh","H_ft=10","8.0","0.713","0.711339","updated"
"Highway","C:\Users\brook\OneDrive\Documents\Projects\Coding\Work\API 1102 Loading\Refs\API 1102 Highway_260606.xlsx","C:\Users\brook\OneDrive\Documents\Projects\Coding\Work\API 1102 Loading\Refs\API 1102 Highway_260606.bak_20260606_231852.xlsx","Tables","H131","Figure 15","GHh","H_ft=10","10.0","0.696","0.693973","updated"
"Highway","C:\Users\brook\OneDrive\Documents\Projects\Coding\Work\API 1102 Loading\Refs\API 1102 Highway_260606.xlsx","C:\Users\brook\OneDrive\Documents\Projects\Coding\Work\API 1102 Loading\Refs\API 1102 Highway_260606.bak_20260606_231852.xlsx","Tables","H132","Figure 15","GHh","H_ft=10","12.0","0.674","0.672224","updated"
"Highway","C:\Users\brook\OneDrive\Documents\Projects\Coding\Work\API 1102 Loading\Refs\API 1102 Highway_260606.xlsx","C:\Users\brook\OneDrive\Documents\Projects\Coding\Work\API 1102 Loading\Refs\API 1102 Highway_260606.bak_20260606_231852.xlsx","Tables","H133","Figure 15","GHh","H_ft=10","14.0","0.653","0.652151","updated"
"Highway","C:\Users\brook\OneDrive\Documents\Projects\Coding\Work\API 1102 Loading\Refs\API 1102 Highway_260606.xlsx","C:\Users\brook\OneDrive\Documents\Projects\Coding\Work\API 1102 Loading\Refs\API 1102 Highway_260606.bak_20260606_231852.xlsx","Tables","H134","Figure 15","GHh","H_ft=10","18.0","0.619","0.618651","updated"
"Highway","C:\Users\brook\OneDrive\Documents\Projects\Coding\Work\API 1102 Loading\Refs\API 1102 Highway_260606.xlsx","C:\Users\brook\OneDrive\Documents\Projects\Coding\Work\API 1102 Loading\Refs\API 1102 Highway_260606.bak_20260606_231852.xlsx","Tables","H135","Figure 15","GHh","H_ft=10","30.0","0.536","0.534641","updated"
"Highway","C:\Users\brook\OneDrive\Documents\Projects\Coding\Work\API 1102 Loading\Refs\API 1102 Highway_260606.xlsx","C:\Users\brook\OneDrive\Documents\Projects\Coding\Work\API 1102 Loading\Refs\API 1102 Highway_260606.bak_20260606_231852.xlsx","Tables","H136","Figure 15","GHh","H_ft=10","40.0","0.477","0.475601","updated"
"Highway","C:\Users\brook\OneDrive\Documents\Projects\Coding\Work\API 1102 Loading\Refs\API 1102 Highway_260606.xlsx","C:\Users\brook\OneDrive\Documents\Projects\Coding\Work\API 1102 Loading\Refs\API 1102 Highway_260606.bak_20260606_231852.xlsx","Tables","H137","Figure 15","GHh","H_ft=10","42.0","0.469","0.468122","updated"
"Highway","C:\Users\brook\OneDrive\Documents\Projects\Coding\Work\API 1102 Loading\Refs\API 1102 Highway_260606.xlsx","C:\Users\brook\OneDrive\Documents\Projects\Coding\Work\API 1102 Loading\Refs\API 1102 Highway_260606.bak_20260606_231852.xlsx","Tables","H138","Figure 15","GHh","H_ft=10","60.0","0.469","","skipped_no_digitized_value"
"Highway","C:\Users\brook\OneDrive\Documents\Projects\Coding\Work\API 1102 Loading\Refs\API 1102 Highway_260606.xlsx","C:\Users\brook\OneDrive\Documents\Projects\Coding\Work\API 1102 Loading\Refs\API 1102 Highway_260606.bak_20260606_231852.xlsx","Tables","B244","Figure 16","KLh","Er_ksi=5","0.0","14.659","","skipped_no_digitized_value"
"Highway","C:\Users\brook\OneDrive\Documents\Projects\Coding\Work\API 1102 Loading\Refs\API 1102 Highway_260606.xlsx","C:\Users\brook\OneDrive\Documents\Projects\Coding\Work\API 1102 Loading\Refs\API 1102 Highway_260606.bak_20260606_231852.xlsx","Tables","B245","Figure 16","KLh","Er_ksi=5","0.0105","14.659","","skipped_no_digitized_value"
"Highway","C:\Users\brook\OneDrive\Documents\Projects\Coding\Work\API 1102 Loading\Refs\API 1102 Highway_260606.xlsx","C:\Users\brook\OneDrive\Documents\Projects\Coding\Work\API 1102 Loading\Refs\API 1102 Highway_260606.bak_20260606_231852.xlsx","Tables","B246","Figure 16","KLh","Er_ksi=5","0.015","15","14.961082","updated"
"Highway","C:\Users\brook\OneDrive\Documents\Projects\Coding\Work\API 1102 Loading\Refs\API 1102 Highway_260606.xlsx","C:\Users\brook\OneDrive\Documents\Projects\Coding\Work\API 1102 Loading\Refs\API 1102 Highway_260606.bak_20260606_231852.xlsx","Tables","B247","Figure 16","KLh","Er_ksi=5","0.02","14.385","14.384148","updated"
"Highway","C:\Users\brook\OneDrive\Documents\Projects\Coding\Work\API 1102 Loading\Refs\API 1102 Highway_260606.xlsx","C:\Users\brook\OneDrive\Documents\Projects\Coding\Work\API 1102 Loading\Refs\API 1102 Highway_260606.bak_20260606_231852.xlsx","Tables","B248","Figure 16","KLh","Er_ksi=5","0.025","13.278","13.213695","updated"
"Highway","C:\Users\brook\OneDrive\Documents\Projects\Coding\Work\API 1102 Loading\Refs\API 1102 Highway_260606.xlsx","C:\Users\brook\OneDrive\Documents\Projects\Coding\Work\API 1102 Loading\Refs\API 1102 Highway_260606.bak_20260606_231852.xlsx","Tables","B249","Figure 16","KLh","Er_ksi=5","0.03","11.77","11.688348","updated"
"Highway","C:\Users\brook\OneDrive\Documents\Projects\Coding\Work\API 1102 Loading\Refs\API 1102 Highway_260606.xlsx","C:\Users\brook\OneDrive\Documents\Projects\Coding\Work\API 1102 Loading\Refs\API 1102 Highway_260606.bak_20260606_231852.xlsx","Tables","B250","Figure 16","KLh","Er_ksi=5","0.04","9.658","9.691049","updated"
"Highway","C:\Users\brook\OneDrive\Documents\Projects\Coding\Work\API 1102 Loading\Refs\API 1102 Highway_260606.xlsx","C:\Users\brook\OneDrive\Documents\Projects\Coding\Work\API 1102 Loading\Refs\API 1102 Highway_260606.bak_20260606_231852.xlsx","Tables","B251","Figure 16","KLh","Er_ksi=5","0.05","8.363","8.372618","updated"
"Highway","C:\Users\brook\OneDrive\Documents\Projects\Coding\Work\API 1102 Loading\Refs\API 1102 Highway_260606.xlsx","C:\Users\brook\OneDrive\Documents\Projects\Coding\Work\API 1102 Loading\Refs\API 1102 Highway_260606.bak_20260606_231852.xlsx","Tables","B252","Figure 16","KLh","Er_ksi=5","0.06","7.574","7.554918","updated"
"Highway","C:\Users\brook\OneDrive\Documents\Projects\Coding\Work\API 1102 Loading\Refs\API 1102 Highway_260606.xlsx","C:\Users\brook\OneDrive\Documents\Projects\Coding\Work\API 1102 Loading\Refs\API 1102 Highway_260606.bak_20260606_231852.xlsx","Tables","B253","Figure 16","KLh","Er_ksi=5","0.07","7.103","7.100218","updated"
"Highway","C:\Users\brook\OneDrive\Documents\Projects\Coding\Work\API 1102 Loading\Refs\API 1102 Highway_260606.xlsx","C:\Users\brook\OneDrive\Documents\Projects\Coding\Work\API 1102 Loading\Refs\API 1102 Highway_260606.bak_20260606_231852.xlsx","Tables","B254","Figure 16","KLh","Er_ksi=5","0.08","6.941","","skipped_no_digitized_value"
"Highway","C:\Users\brook\OneDrive\Documents\Projects\Coding\Work\API 1102 Loading\Refs\API 1102 Highway_260606.xlsx","C:\Users\brook\OneDrive\Documents\Projects\Coding\Work\API 1102 Loading\Refs\API 1102 Highway_260606.bak_20260606_231852.xlsx","Tables","B255","Figure 16","KLh","Er_ksi=5","5.0","6.941","","skipped_no_digitized_value"
"Highway","C:\Users\brook\OneDrive\Documents\Projects\Coding\Work\API 1102 Loading\Refs\API 1102 Highway_260606.xlsx","C:\Users\brook\OneDrive\Documents\Projects\Coding\Work\API 1102 Loading\Refs\API 1102 Highway_260606.bak_20260606_231852.xlsx","Tables","D244","Figure 16","KLh","Er_ksi=10","0.0","9.767","","skipped_no_digitized_value"
"Highway","C:\Users\brook\OneDrive\Documents\Projects\Coding\Work\API 1102 Loading\Refs\API 1102 Highway_260606.xlsx","C:\Users\brook\OneDrive\Documents\Projects\Coding\Work\API 1102 Loading\Refs\API 1102 Highway_260606.bak_20260606_231852.xlsx","Tables","D245","Figure 16","KLh","Er_ksi=10","0.0105","9.767","9.866412","updated"
"Highway","C:\Users\brook\OneDrive\Documents\Projects\Coding\Work\API 1102 Loading\Refs\API 1102 Highway_260606.xlsx","C:\Users\brook\OneDrive\Documents\Projects\Coding\Work\API 1102 Loading\Refs\API 1102 Highway_260606.bak_20260606_231852.xlsx","Tables","D246","Figure 16","KLh","Er_ksi=10","0.015","10","10.053912","updated"
"Highway","C:\Users\brook\OneDrive\Documents\Projects\Coding\Work\API 1102 Loading\Refs\API 1102 Highway_260606.xlsx","C:\Users\brook\OneDrive\Documents\Projects\Coding\Work\API 1102 Loading\Refs\API 1102 Highway_260606.bak_20260606_231852.xlsx","Tables","D247","Figure 16","KLh","Er_ksi=10","0.02","9.767","9.749911","updated"
"Highway","C:\Users\brook\OneDrive\Documents\Projects\Coding\Work\API 1102 Loading\Refs\API 1102 Highway_260606.xlsx","C:\Users\brook\OneDrive\Documents\Projects\Coding\Work\API 1102 Loading\Refs\API 1102 Highway_260606.bak_20260606_231852.xlsx","Tables","D248","Figure 16","KLh","Er_ksi=10","0.025","9.158","9.189622","updated"
"Highway","C:\Users\brook\OneDrive\Documents\Projects\Coding\Work\API 1102 Loading\Refs\API 1102 Highway_260606.xlsx","C:\Users\brook\OneDrive\Documents\Projects\Coding\Work\API 1102 Loading\Refs\API 1102 Highway_260606.bak_20260606_231852.xlsx","Tables","D249","Figure 16","KLh","Er_ksi=10","0.03","8.413","8.418391","updated"
"Highway","C:\Users\brook\OneDrive\Documents\Projects\Coding\Work\API 1102 Loading\Refs\API 1102 Highway_260606.xlsx","C:\Users\brook\OneDrive\Documents\Projects\Coding\Work\API 1102 Loading\Refs\API 1102 Highway_260606.bak_20260606_231852.xlsx","Tables","D250","Figure 16","KLh","Er_ksi=10","0.04","6.817","6.837899","updated"
"Highway","C:\Users\brook\OneDrive\Documents\Projects\Coding\Work\API 1102 Loading\Refs\API 1102 Highway_260606.xlsx","C:\Users\brook\OneDrive\Documents\Projects\Coding\Work\API 1102 Loading\Refs\API 1102 Highway_260606.bak_20260606_231852.xlsx","Tables","D251","Figure 16","KLh","Er_ksi=10","0.05","5.833","5.860413","updated"
"Highway","C:\Users\brook\OneDrive\Documents\Projects\Coding\Work\API 1102 Loading\Refs\API 1102 Highway_260606.xlsx","C:\Users\brook\OneDrive\Documents\Projects\Coding\Work\API 1102 Loading\Refs\API 1102 Highway_260606.bak_20260606_231852.xlsx","Tables","D252","Figure 16","KLh","Er_ksi=10","0.06","5.199","5.237903","updated"
"Highway","C:\Users\brook\OneDrive\Documents\Projects\Coding\Work\API 1102 Loading\Refs\API 1102 Highway_260606.xlsx","C:\Users\brook\OneDrive\Documents\Projects\Coding\Work\API 1102 Loading\Refs\API 1102 Highway_260606.bak_20260606_231852.xlsx","Tables","D253","Figure 16","KLh","Er_ksi=10","0.07","4.824","4.861585","updated"
"Highway","C:\Users\brook\OneDrive\Documents\Projects\Coding\Work\API 1102 Loading\Refs\API 1102 Highway_260606.xlsx","C:\Users\brook\OneDrive\Documents\Projects\Coding\Work\API 1102 Loading\Refs\API 1102 Highway_260606.bak_20260606_231852.xlsx","Tables","D254","Figure 16","KLh","Er_ksi=10","0.08","4.646","4.69134","updated"
"Highway","C:\Users\brook\OneDrive\Documents\Projects\Coding\Work\API 1102 Loading\Refs\API 1102 Highway_260606.xlsx","C:\Users\brook\OneDrive\Documents\Projects\Coding\Work\API 1102 Loading\Refs\API 1102 Highway_260606.bak_20260606_231852.xlsx","Tables","D255","Figure 16","KLh","Er_ksi=10","5.0","4.646","","skipped_no_digitized_value"
"Highway","C:\Users\brook\OneDrive\Documents\Projects\Coding\Work\API 1102 Loading\Refs\API 1102 Highway_260606.xlsx","C:\Users\brook\OneDrive\Documents\Projects\Coding\Work\API 1102 Loading\Refs\API 1102 Highway_260606.bak_20260606_231852.xlsx","Tables","F244","Figure 16","KLh","Er_ksi=20","0.0","6.099","","skipped_no_digitized_value"
"Highway","C:\Users\brook\OneDrive\Documents\Projects\Coding\Work\API 1102 Loading\Refs\API 1102 Highway_260606.xlsx","C:\Users\brook\OneDrive\Documents\Projects\Coding\Work\API 1102 Loading\Refs\API 1102 Highway_260606.bak_20260606_231852.xlsx","Tables","F245","Figure 16","KLh","Er_ksi=20","0.0105","6.099","","skipped_no_digitized_value"
"Highway","C:\Users\brook\OneDrive\Documents\Projects\Coding\Work\API 1102 Loading\Refs\API 1102 Highway_260606.xlsx","C:\Users\brook\OneDrive\Documents\Projects\Coding\Work\API 1102 Loading\Refs\API 1102 Highway_260606.bak_20260606_231852.xlsx","Tables","F246","Figure 16","KLh","Er_ksi=20","0.015","6.584","6.554017","updated"
"Highway","C:\Users\brook\OneDrive\Documents\Projects\Coding\Work\API 1102 Loading\Refs\API 1102 Highway_260606.xlsx","C:\Users\brook\OneDrive\Documents\Projects\Coding\Work\API 1102 Loading\Refs\API 1102 Highway_260606.bak_20260606_231852.xlsx","Tables","F247","Figure 16","KLh","Er_ksi=20","0.02","6.584","6.600147","updated"
"Highway","C:\Users\brook\OneDrive\Documents\Projects\Coding\Work\API 1102 Loading\Refs\API 1102 Highway_260606.xlsx","C:\Users\brook\OneDrive\Documents\Projects\Coding\Work\API 1102 Loading\Refs\API 1102 Highway_260606.bak_20260606_231852.xlsx","Tables","F248","Figure 16","KLh","Er_ksi=20","0.025","6.32","6.320228","updated"
"Highway","C:\Users\brook\OneDrive\Documents\Projects\Coding\Work\API 1102 Loading\Refs\API 1102 Highway_260606.xlsx","C:\Users\brook\OneDrive\Documents\Projects\Coding\Work\API 1102 Loading\Refs\API 1102 Highway_260606.bak_20260606_231852.xlsx","Tables","F249","Figure 16","KLh","Er_ksi=20","0.03","5.764","5.781276","updated"
"Highway","C:\Users\brook\OneDrive\Documents\Projects\Coding\Work\API 1102 Loading\Refs\API 1102 Highway_260606.xlsx","C:\Users\brook\OneDrive\Documents\Projects\Coding\Work\API 1102 Loading\Refs\API 1102 Highway_260606.bak_20260606_231852.xlsx","Tables","F250","Figure 16","KLh","Er_ksi=20","0.04","4.769","4.809873","updated"
"Highway","C:\Users\brook\OneDrive\Documents\Projects\Coding\Work\API 1102 Loading\Refs\API 1102 Highway_260606.xlsx","C:\Users\brook\OneDrive\Documents\Projects\Coding\Work\API 1102 Loading\Refs\API 1102 Highway_260606.bak_20260606_231852.xlsx","Tables","F251","Figure 16","KLh","Er_ksi=20","0.05","3.96","3.986938","updated"
"Highway","C:\Users\brook\OneDrive\Documents\Projects\Coding\Work\API 1102 Loading\Refs\API 1102 Highway_260606.xlsx","C:\Users\brook\OneDrive\Documents\Projects\Coding\Work\API 1102 Loading\Refs\API 1102 Highway_260606.bak_20260606_231852.xlsx","Tables","F252","Figure 16","KLh","Er_ksi=20","0.06","3.393","3.392017","updated"
"Highway","C:\Users\brook\OneDrive\Documents\Projects\Coding\Work\API 1102 Loading\Refs\API 1102 Highway_260606.xlsx","C:\Users\brook\OneDrive\Documents\Projects\Coding\Work\API 1102 Loading\Refs\API 1102 Highway_260606.bak_20260606_231852.xlsx","Tables","F253","Figure 16","KLh","Er_ksi=20","0.07","3.037","3.035643","updated"
"Highway","C:\Users\brook\OneDrive\Documents\Projects\Coding\Work\API 1102 Loading\Refs\API 1102 Highway_260606.xlsx","C:\Users\brook\OneDrive\Documents\Projects\Coding\Work\API 1102 Loading\Refs\API 1102 Highway_260606.bak_20260606_231852.xlsx","Tables","F254","Figure 16","KLh","Er_ksi=20","0.08","2.993","","skipped_no_digitized_value"
"Highway","C:\Users\brook\OneDrive\Documents\Projects\Coding\Work\API 1102 Loading\Refs\API 1102 Highway_260606.xlsx","C:\Users\brook\OneDrive\Documents\Projects\Coding\Work\API 1102 Loading\Refs\API 1102 Highway_260606.bak_20260606_231852.xlsx","Tables","F255","Figure 16","KLh","Er_ksi=20","5.0","2.993","","skipped_no_digitized_value"
"Highway","C:\Users\brook\OneDrive\Documents\Projects\Coding\Work\API 1102 Loading\Refs\API 1102 Highway_260606.xlsx","C:\Users\brook\OneDrive\Documents\Projects\Coding\Work\API 1102 Loading\Refs\API 1102 Highway_260606.bak_20260606_231852.xlsx","Tables","B260","Figure 17","GLh","H_ft=3_to_4","0.0","2.592","","skipped_no_digitized_value"
"Highway","C:\Users\brook\OneDrive\Documents\Projects\Coding\Work\API 1102 Loading\Refs\API 1102 Highway_260606.xlsx","C:\Users\brook\OneDrive\Documents\Projects\Coding\Work\API 1102 Loading\Refs\API 1102 Highway_260606.bak_20260606_231852.xlsx","Tables","B261","Figure 17","GLh","H_ft=3_to_4","2.297","2.592","","skipped_no_digitized_value"
"Highway","C:\Users\brook\OneDrive\Documents\Projects\Coding\Work\API 1102 Loading\Refs\API 1102 Highway_260606.xlsx","C:\Users\brook\OneDrive\Documents\Projects\Coding\Work\API 1102 Loading\Refs\API 1102 Highway_260606.bak_20260606_231852.xlsx","Tables","B262","Figure 17","GLh","H_ft=3_to_4","2.753","2.25","2.243292","updated"
"Highway","C:\Users\brook\OneDrive\Documents\Projects\Coding\Work\API 1102 Loading\Refs\API 1102 Highway_260606.xlsx","C:\Users\brook\OneDrive\Documents\Projects\Coding\Work\API 1102 Loading\Refs\API 1102 Highway_260606.bak_20260606_231852.xlsx","Tables","B263","Figure 17","GLh","H_ft=3_to_4","3.408","2.032","2.032642","updated"
"Highway","C:\Users\brook\OneDrive\Documents\Projects\Coding\Work\API 1102 Loading\Refs\API 1102 Highway_260606.xlsx","C:\Users\brook\OneDrive\Documents\Projects\Coding\Work\API 1102 Loading\Refs\API 1102 Highway_260606.bak_20260606_231852.xlsx","Tables","B264","Figure 17","GLh","H_ft=3_to_4","4.0","1.901","1.895978","updated"
"Highway","C:\Users\brook\OneDrive\Documents\Projects\Coding\Work\API 1102 Loading\Refs\API 1102 Highway_260606.xlsx","C:\Users\brook\OneDrive\Documents\Projects\Coding\Work\API 1102 Loading\Refs\API 1102 Highway_260606.bak_20260606_231852.xlsx","Tables","B265","Figure 17","GLh","H_ft=3_to_4","4.932","1.724","1.72087","updated"
"Highway","C:\Users\brook\OneDrive\Documents\Projects\Coding\Work\API 1102 Loading\Refs\API 1102 Highway_260606.xlsx","C:\Users\brook\OneDrive\Documents\Projects\Coding\Work\API 1102 Loading\Refs\API 1102 Highway_260606.bak_20260606_231852.xlsx","Tables","B266","Figure 17","GLh","H_ft=3_to_4","6.0","1.564","1.561587","updated"
"Highway","C:\Users\brook\OneDrive\Documents\Projects\Coding\Work\API 1102 Loading\Refs\API 1102 Highway_260606.xlsx","C:\Users\brook\OneDrive\Documents\Projects\Coding\Work\API 1102 Loading\Refs\API 1102 Highway_260606.bak_20260606_231852.xlsx","Tables","B267","Figure 17","GLh","H_ft=3_to_4","8.0","1.348","1.344142","updated"
"Highway","C:\Users\brook\OneDrive\Documents\Projects\Coding\Work\API 1102 Loading\Refs\API 1102 Highway_260606.xlsx","C:\Users\brook\OneDrive\Documents\Projects\Coding\Work\API 1102 Loading\Refs\API 1102 Highway_260606.bak_20260606_231852.xlsx","Tables","B268","Figure 17","GLh","H_ft=3_to_4","10.0","1.234","1.235659","updated"
"Highway","C:\Users\brook\OneDrive\Documents\Projects\Coding\Work\API 1102 Loading\Refs\API 1102 Highway_260606.xlsx","C:\Users\brook\OneDrive\Documents\Projects\Coding\Work\API 1102 Loading\Refs\API 1102 Highway_260606.bak_20260606_231852.xlsx","Tables","B269","Figure 17","GLh","H_ft=3_to_4","12.0","1.169","1.167128","updated"
"Highway","C:\Users\brook\OneDrive\Documents\Projects\Coding\Work\API 1102 Loading\Refs\API 1102 Highway_260606.xlsx","C:\Users\brook\OneDrive\Documents\Projects\Coding\Work\API 1102 Loading\Refs\API 1102 Highway_260606.bak_20260606_231852.xlsx","Tables","B270","Figure 17","GLh","H_ft=3_to_4","14.0","1.13","1.119888","updated"
"Highway","C:\Users\brook\OneDrive\Documents\Projects\Coding\Work\API 1102 Loading\Refs\API 1102 Highway_260606.xlsx","C:\Users\brook\OneDrive\Documents\Projects\Coding\Work\API 1102 Loading\Refs\API 1102 Highway_260606.bak_20260606_231852.xlsx","Tables","B271","Figure 17","GLh","H_ft=3_to_4","16.0","1.1","1.100515","updated"
"Highway","C:\Users\brook\OneDrive\Documents\Projects\Coding\Work\API 1102 Loading\Refs\API 1102 Highway_260606.xlsx","C:\Users\brook\OneDrive\Documents\Projects\Coding\Work\API 1102 Loading\Refs\API 1102 Highway_260606.bak_20260606_231852.xlsx","Tables","B272","Figure 17","GLh","H_ft=3_to_4","28.0","0.971","0.972752","updated"
"Highway","C:\Users\brook\OneDrive\Documents\Projects\Coding\Work\API 1102 Loading\Refs\API 1102 Highway_260606.xlsx","C:\Users\brook\OneDrive\Documents\Projects\Coding\Work\API 1102 Loading\Refs\API 1102 Highway_260606.bak_20260606_231852.xlsx","Tables","B273","Figure 17","GLh","H_ft=3_to_4","42.0","0.775","0.777945","updated"
"Highway","C:\Users\brook\OneDrive\Documents\Projects\Coding\Work\API 1102 Loading\Refs\API 1102 Highway_260606.xlsx","C:\Users\brook\OneDrive\Documents\Projects\Coding\Work\API 1102 Loading\Refs\API 1102 Highway_260606.bak_20260606_231852.xlsx","Tables","B274","Figure 17","GLh","H_ft=3_to_4","60.0","0.775","","skipped_no_digitized_value"
"Highway","C:\Users\brook\OneDrive\Documents\Projects\Coding\Work\API 1102 Loading\Refs\API 1102 Highway_260606.xlsx","C:\Users\brook\OneDrive\Documents\Projects\Coding\Work\API 1102 Loading\Refs\API 1102 Highway_260606.bak_20260606_231852.xlsx","Tables","D260","Figure 17","GLh","H_ft=6","0.0","2.592","","skipped_no_digitized_value"
"Highway","C:\Users\brook\OneDrive\Documents\Projects\Coding\Work\API 1102 Loading\Refs\API 1102 Highway_260606.xlsx","C:\Users\brook\OneDrive\Documents\Projects\Coding\Work\API 1102 Loading\Refs\API 1102 Highway_260606.bak_20260606_231852.xlsx","Tables","D261","Figure 17","GLh","H_ft=6","2.297","2.592","","skipped_no_digitized_value"
"Highway","C:\Users\brook\OneDrive\Documents\Projects\Coding\Work\API 1102 Loading\Refs\API 1102 Highway_260606.xlsx","C:\Users\brook\OneDrive\Documents\Projects\Coding\Work\API 1102 Loading\Refs\API 1102 Highway_260606.bak_20260606_231852.xlsx","Tables","D262","Figure 17","GLh","H_ft=6","2.753","2.175","2.1806","updated"
"Highway","C:\Users\brook\OneDrive\Documents\Projects\Coding\Work\API 1102 Loading\Refs\API 1102 Highway_260606.xlsx","C:\Users\brook\OneDrive\Documents\Projects\Coding\Work\API 1102 Loading\Refs\API 1102 Highway_260606.bak_20260606_231852.xlsx","Tables","D263","Figure 17","GLh","H_ft=6","3.408","1.934","1.934294","updated"
"Highway","C:\Users\brook\OneDrive\Documents\Projects\Coding\Work\API 1102 Loading\Refs\API 1102 Highway_260606.xlsx","C:\Users\brook\OneDrive\Documents\Projects\Coding\Work\API 1102 Loading\Refs\API 1102 Highway_260606.bak_20260606_231852.xlsx","Tables","D264","Figure 17","GLh","H_ft=6","4.0","1.796","1.783035","updated"
"Highway","C:\Users\brook\OneDrive\Documents\Projects\Coding\Work\API 1102 Loading\Refs\API 1102 Highway_260606.xlsx","C:\Users\brook\OneDrive\Documents\Projects\Coding\Work\API 1102 Loading\Refs\API 1102 Highway_260606.bak_20260606_231852.xlsx","Tables","D265","Figure 17","GLh","H_ft=6","4.932","1.613","1.600855","updated"
"Highway","C:\Users\brook\OneDrive\Documents\Projects\Coding\Work\API 1102 Loading\Refs\API 1102 Highway_260606.xlsx","C:\Users\brook\OneDrive\Documents\Projects\Coding\Work\API 1102 Loading\Refs\API 1102 Highway_260606.bak_20260606_231852.xlsx","Tables","D266","Figure 17","GLh","H_ft=6","6.0","1.448","1.446723","updated"
"Highway","C:\Users\brook\OneDrive\Documents\Projects\Coding\Work\API 1102 Loading\Refs\API 1102 Highway_260606.xlsx","C:\Users\brook\OneDrive\Documents\Projects\Coding\Work\API 1102 Loading\Refs\API 1102 Highway_260606.bak_20260606_231852.xlsx","Tables","D267","Figure 17","GLh","H_ft=6","8.0","1.244","1.244834","updated"
"Highway","C:\Users\brook\OneDrive\Documents\Projects\Coding\Work\API 1102 Loading\Refs\API 1102 Highway_260606.xlsx","C:\Users\brook\OneDrive\Documents\Projects\Coding\Work\API 1102 Loading\Refs\API 1102 Highway_260606.bak_20260606_231852.xlsx","Tables","D268","Figure 17","GLh","H_ft=6","10.0","1.115","1.114981","updated"
"Highway","C:\Users\brook\OneDrive\Documents\Projects\Coding\Work\API 1102 Loading\Refs\API 1102 Highway_260606.xlsx","C:\Users\brook\OneDrive\Documents\Projects\Coding\Work\API 1102 Loading\Refs\API 1102 Highway_260606.bak_20260606_231852.xlsx","Tables","D269","Figure 17","GLh","H_ft=6","12.0","1.022","1.025331","updated"
"Highway","C:\Users\brook\OneDrive\Documents\Projects\Coding\Work\API 1102 Loading\Refs\API 1102 Highway_260606.xlsx","C:\Users\brook\OneDrive\Documents\Projects\Coding\Work\API 1102 Loading\Refs\API 1102 Highway_260606.bak_20260606_231852.xlsx","Tables","D270","Figure 17","GLh","H_ft=6","14.0","0.97","0.970243","updated"
"Highway","C:\Users\brook\OneDrive\Documents\Projects\Coding\Work\API 1102 Loading\Refs\API 1102 Highway_260606.xlsx","C:\Users\brook\OneDrive\Documents\Projects\Coding\Work\API 1102 Loading\Refs\API 1102 Highway_260606.bak_20260606_231852.xlsx","Tables","D271","Figure 17","GLh","H_ft=6","16.0","0.952","0.953188","updated"
"Highway","C:\Users\brook\OneDrive\Documents\Projects\Coding\Work\API 1102 Loading\Refs\API 1102 Highway_260606.xlsx","C:\Users\brook\OneDrive\Documents\Projects\Coding\Work\API 1102 Loading\Refs\API 1102 Highway_260606.bak_20260606_231852.xlsx","Tables","D272","Figure 17","GLh","H_ft=6","28.0","0.831","0.832307","updated"
"Highway","C:\Users\brook\OneDrive\Documents\Projects\Coding\Work\API 1102 Loading\Refs\API 1102 Highway_260606.xlsx","C:\Users\brook\OneDrive\Documents\Projects\Coding\Work\API 1102 Loading\Refs\API 1102 Highway_260606.bak_20260606_231852.xlsx","Tables","D273","Figure 17","GLh","H_ft=6","42.0","0.632","0.638361","updated"
"Highway","C:\Users\brook\OneDrive\Documents\Projects\Coding\Work\API 1102 Loading\Refs\API 1102 Highway_260606.xlsx","C:\Users\brook\OneDrive\Documents\Projects\Coding\Work\API 1102 Loading\Refs\API 1102 Highway_260606.bak_20260606_231852.xlsx","Tables","D274","Figure 17","GLh","H_ft=6","60.0","0.632","","skipped_no_digitized_value"
"Highway","C:\Users\brook\OneDrive\Documents\Projects\Coding\Work\API 1102 Loading\Refs\API 1102 Highway_260606.xlsx","C:\Users\brook\OneDrive\Documents\Projects\Coding\Work\API 1102 Loading\Refs\API 1102 Highway_260606.bak_20260606_231852.xlsx","Tables","F260","Figure 17","GLh","H_ft=8","0.0","2.592","","skipped_no_digitized_value"
"Highway","C:\Users\brook\OneDrive\Documents\Projects\Coding\Work\API 1102 Loading\Refs\API 1102 Highway_260606.xlsx","C:\Users\brook\OneDrive\Documents\Projects\Coding\Work\API 1102 Loading\Refs\API 1102 Highway_260606.bak_20260606_231852.xlsx","Tables","F261","Figure 17","GLh","H_ft=8","2.297","2.592","","skipped_no_digitized_value"
"Highway","C:\Users\brook\OneDrive\Documents\Projects\Coding\Work\API 1102 Loading\Refs\API 1102 Highway_260606.xlsx","C:\Users\brook\OneDrive\Documents\Projects\Coding\Work\API 1102 Loading\Refs\API 1102 Highway_260606.bak_20260606_231852.xlsx","Tables","F262","Figure 17","GLh","H_ft=8","2.753","2.175","2.187122","updated"
"Highway","C:\Users\brook\OneDrive\Documents\Projects\Coding\Work\API 1102 Loading\Refs\API 1102 Highway_260606.xlsx","C:\Users\brook\OneDrive\Documents\Projects\Coding\Work\API 1102 Loading\Refs\API 1102 Highway_260606.bak_20260606_231852.xlsx","Tables","F263","Figure 17","GLh","H_ft=8","3.408","1.907","1.901894","updated"
"Highway","C:\Users\brook\OneDrive\Documents\Projects\Coding\Work\API 1102 Loading\Refs\API 1102 Highway_260606.xlsx","C:\Users\brook\OneDrive\Documents\Projects\Coding\Work\API 1102 Loading\Refs\API 1102 Highway_260606.bak_20260606_231852.xlsx","Tables","F264","Figure 17","GLh","H_ft=8","4.0","1.745","1.734698","updated"
"Highway","C:\Users\brook\OneDrive\Documents\Projects\Coding\Work\API 1102 Loading\Refs\API 1102 Highway_260606.xlsx","C:\Users\brook\OneDrive\Documents\Projects\Coding\Work\API 1102 Loading\Refs\API 1102 Highway_260606.bak_20260606_231852.xlsx","Tables","F265","Figure 17","GLh","H_ft=8","4.932","1.542","1.536743","updated"
"Highway","C:\Users\brook\OneDrive\Documents\Projects\Coding\Work\API 1102 Loading\Refs\API 1102 Highway_260606.xlsx","C:\Users\brook\OneDrive\Documents\Projects\Coding\Work\API 1102 Loading\Refs\API 1102 Highway_260606.bak_20260606_231852.xlsx","Tables","F266","Figure 17","GLh","H_ft=8","6.0","1.373","1.370671","updated"
"Highway","C:\Users\brook\OneDrive\Documents\Projects\Coding\Work\API 1102 Loading\Refs\API 1102 Highway_260606.xlsx","C:\Users\brook\OneDrive\Documents\Projects\Coding\Work\API 1102 Loading\Refs\API 1102 Highway_260606.bak_20260606_231852.xlsx","Tables","F267","Figure 17","GLh","H_ft=8","8.0","1.157","1.15401","updated"
"Highway","C:\Users\brook\OneDrive\Documents\Projects\Coding\Work\API 1102 Loading\Refs\API 1102 Highway_260606.xlsx","C:\Users\brook\OneDrive\Documents\Projects\Coding\Work\API 1102 Loading\Refs\API 1102 Highway_260606.bak_20260606_231852.xlsx","Tables","F268","Figure 17","GLh","H_ft=8","10.0","1.016","1.014843","updated"
"Highway","C:\Users\brook\OneDrive\Documents\Projects\Coding\Work\API 1102 Loading\Refs\API 1102 Highway_260606.xlsx","C:\Users\brook\OneDrive\Documents\Projects\Coding\Work\API 1102 Loading\Refs\API 1102 Highway_260606.bak_20260606_231852.xlsx","Tables","F269","Figure 17","GLh","H_ft=8","12.0","0.918","0.919043","updated"
"Highway","C:\Users\brook\OneDrive\Documents\Projects\Coding\Work\API 1102 Loading\Refs\API 1102 Highway_260606.xlsx","C:\Users\brook\OneDrive\Documents\Projects\Coding\Work\API 1102 Loading\Refs\API 1102 Highway_260606.bak_20260606_231852.xlsx","Tables","F270","Figure 17","GLh","H_ft=8","14.0","0.86","0.863391","updated"
"Highway","C:\Users\brook\OneDrive\Documents\Projects\Coding\Work\API 1102 Loading\Refs\API 1102 Highway_260606.xlsx","C:\Users\brook\OneDrive\Documents\Projects\Coding\Work\API 1102 Loading\Refs\API 1102 Highway_260606.bak_20260606_231852.xlsx","Tables","F271","Figure 17","GLh","H_ft=8","16.0","0.841","0.844777","updated"
"Highway","C:\Users\brook\OneDrive\Documents\Projects\Coding\Work\API 1102 Loading\Refs\API 1102 Highway_260606.xlsx","C:\Users\brook\OneDrive\Documents\Projects\Coding\Work\API 1102 Loading\Refs\API 1102 Highway_260606.bak_20260606_231852.xlsx","Tables","F272","Figure 17","GLh","H_ft=8","28.0","0.713","0.718652","updated"
"Highway","C:\Users\brook\OneDrive\Documents\Projects\Coding\Work\API 1102 Loading\Refs\API 1102 Highway_260606.xlsx","C:\Users\brook\OneDrive\Documents\Projects\Coding\Work\API 1102 Loading\Refs\API 1102 Highway_260606.bak_20260606_231852.xlsx","Tables","F273","Figure 17","GLh","H_ft=8","42.0","0.545","0.551925","updated"
"Highway","C:\Users\brook\OneDrive\Documents\Projects\Coding\Work\API 1102 Loading\Refs\API 1102 Highway_260606.xlsx","C:\Users\brook\OneDrive\Documents\Projects\Coding\Work\API 1102 Loading\Refs\API 1102 Highway_260606.bak_20260606_231852.xlsx","Tables","F274","Figure 17","GLh","H_ft=8","60.0","0.545","","skipped_no_digitized_value"
"Highway","C:\Users\brook\OneDrive\Documents\Projects\Coding\Work\API 1102 Loading\Refs\API 1102 Highway_260606.xlsx","C:\Users\brook\OneDrive\Documents\Projects\Coding\Work\API 1102 Loading\Refs\API 1102 Highway_260606.bak_20260606_231852.xlsx","Tables","H260","Figure 17","GLh","H_ft=10","0.0","2.592","","skipped_no_digitized_value"
"Highway","C:\Users\brook\OneDrive\Documents\Projects\Coding\Work\API 1102 Loading\Refs\API 1102 Highway_260606.xlsx","C:\Users\brook\OneDrive\Documents\Projects\Coding\Work\API 1102 Loading\Refs\API 1102 Highway_260606.bak_20260606_231852.xlsx","Tables","H261","Figure 17","GLh","H_ft=10","2.297","2.592","","skipped_no_digitized_value"
"Highway","C:\Users\brook\OneDrive\Documents\Projects\Coding\Work\API 1102 Loading\Refs\API 1102 Highway_260606.xlsx","C:\Users\brook\OneDrive\Documents\Projects\Coding\Work\API 1102 Loading\Refs\API 1102 Highway_260606.bak_20260606_231852.xlsx","Tables","H262","Figure 17","GLh","H_ft=10","2.753","2.074","2.075425","updated"
"Highway","C:\Users\brook\OneDrive\Documents\Projects\Coding\Work\API 1102 Loading\Refs\API 1102 Highway_260606.xlsx","C:\Users\brook\OneDrive\Documents\Projects\Coding\Work\API 1102 Loading\Refs\API 1102 Highway_260606.bak_20260606_231852.xlsx","Tables","H263","Figure 17","GLh","H_ft=10","3.408","1.785","1.788156","updated"
"Highway","C:\Users\brook\OneDrive\Documents\Projects\Coding\Work\API 1102 Loading\Refs\API 1102 Highway_260606.xlsx","C:\Users\brook\OneDrive\Documents\Projects\Coding\Work\API 1102 Loading\Refs\API 1102 Highway_260606.bak_20260606_231852.xlsx","Tables","H264","Figure 17","GLh","H_ft=10","4.0","1.623","1.624652","updated"
"Highway","C:\Users\brook\OneDrive\Documents\Projects\Coding\Work\API 1102 Loading\Refs\API 1102 Highway_260606.xlsx","C:\Users\brook\OneDrive\Documents\Projects\Coding\Work\API 1102 Loading\Refs\API 1102 Highway_260606.bak_20260606_231852.xlsx","Tables","H265","Figure 17","GLh","H_ft=10","4.932","1.437","1.431857","updated"
"Highway","C:\Users\brook\OneDrive\Documents\Projects\Coding\Work\API 1102 Loading\Refs\API 1102 Highway_260606.xlsx","C:\Users\brook\OneDrive\Documents\Projects\Coding\Work\API 1102 Loading\Refs\API 1102 Highway_260606.bak_20260606_231852.xlsx","Tables","H266","Figure 17","GLh","H_ft=10","6.0","1.275","1.269881","updated"
"Highway","C:\Users\brook\OneDrive\Documents\Projects\Coding\Work\API 1102 Loading\Refs\API 1102 Highway_260606.xlsx","C:\Users\brook\OneDrive\Documents\Projects\Coding\Work\API 1102 Loading\Refs\API 1102 Highway_260606.bak_20260606_231852.xlsx","Tables","H267","Figure 17","GLh","H_ft=10","8.0","1.064","1.057069","updated"
"Highway","C:\Users\brook\OneDrive\Documents\Projects\Coding\Work\API 1102 Loading\Refs\API 1102 Highway_260606.xlsx","C:\Users\brook\OneDrive\Documents\Projects\Coding\Work\API 1102 Loading\Refs\API 1102 Highway_260606.bak_20260606_231852.xlsx","Tables","H268","Figure 17","GLh","H_ft=10","10.0","0.919","0.918893","updated"
"Highway","C:\Users\brook\OneDrive\Documents\Projects\Coding\Work\API 1102 Loading\Refs\API 1102 Highway_260606.xlsx","C:\Users\brook\OneDrive\Documents\Projects\Coding\Work\API 1102 Loading\Refs\API 1102 Highway_260606.bak_20260606_231852.xlsx","Tables","H269","Figure 17","GLh","H_ft=10","12.0","0.82","0.823827","updated"
"Highway","C:\Users\brook\OneDrive\Documents\Projects\Coding\Work\API 1102 Loading\Refs\API 1102 Highway_260606.xlsx","C:\Users\brook\OneDrive\Documents\Projects\Coding\Work\API 1102 Loading\Refs\API 1102 Highway_260606.bak_20260606_231852.xlsx","Tables","H270","Figure 17","GLh","H_ft=10","14.0","0.763","0.768601","updated"
"Highway","C:\Users\brook\OneDrive\Documents\Projects\Coding\Work\API 1102 Loading\Refs\API 1102 Highway_260606.xlsx","C:\Users\brook\OneDrive\Documents\Projects\Coding\Work\API 1102 Loading\Refs\API 1102 Highway_260606.bak_20260606_231852.xlsx","Tables","H271","Figure 17","GLh","H_ft=10","16.0","0.736","0.740637","updated"
"Highway","C:\Users\brook\OneDrive\Documents\Projects\Coding\Work\API 1102 Loading\Refs\API 1102 Highway_260606.xlsx","C:\Users\brook\OneDrive\Documents\Projects\Coding\Work\API 1102 Loading\Refs\API 1102 Highway_260606.bak_20260606_231852.xlsx","Tables","H272","Figure 17","GLh","H_ft=10","28.0","0.6","0.605588","updated"
"Highway","C:\Users\brook\OneDrive\Documents\Projects\Coding\Work\API 1102 Loading\Refs\API 1102 Highway_260606.xlsx","C:\Users\brook\OneDrive\Documents\Projects\Coding\Work\API 1102 Loading\Refs\API 1102 Highway_260606.bak_20260606_231852.xlsx","Tables","H273","Figure 17","GLh","H_ft=10","42.0","0.457","0.464465","updated"
"Highway","C:\Users\brook\OneDrive\Documents\Projects\Coding\Work\API 1102 Loading\Refs\API 1102 Highway_260606.xlsx","C:\Users\brook\OneDrive\Documents\Projects\Coding\Work\API 1102 Loading\Refs\API 1102 Highway_260606.bak_20260606_231852.xlsx","Tables","H274","Figure 17","GLh","H_ft=10","60.0","0.457","","skipped_no_digitized_value"
